solid OpenSCAD_Model
  facet normal 0.369912 0.0319916 -0.928516
    outer loop
      vertex 176.655 -3.73272 0.302002
      vertex 176.098 -3.66142 0.0825552
      vertex 176.739 -3.08798 0.357681
    endloop
  endfacet
  facet normal 0.446798 -0.893596 -0.0430977
    outer loop
      vertex 176.328 -132.617 4
      vertex 176.236 -132.663 4
      vertex 176.818 -132.305 2.61081
    endloop
  endfacet
  facet normal 0.687751 0.636241 -0.349566
    outer loop
      vertex 177.133 -2.02638 1.24237
      vertex 176.902 -1.56015 1.63647
      vertex 177.218 -1.68709 2.02714
    endloop
  endfacet
  facet normal -0.126143 0.540282 -0.831976
    outer loop
      vertex 2.5 -2.36468 0.243537
      vertex 1.85849 -2.39077 0.323859
      vertex 2.5 -1.81733 0.598984
    endloop
  endfacet
  facet normal 0 0.951102 0.308878
    outer loop
      vertex 2.29731 -1.32204 4
      vertex 2.1848 -1.05756 3.18561
      vertex 2.29703 -1.32204 4
    endloop
  endfacet
  facet normal -0.588354 0.481132 -0.649885
    outer loop
      vertex 1.26069 -2.46729 0.559355
      vertex 0.747356 -2.58901 0.933973
      vertex 1.34515 -1.91296 0.893281
    endloop
  endfacet
  facet normal -0.12424 1.01775e-09 -0.992252
    outer loop
      vertex 2.5 -130.38 0.00770595
      vertex 1.90221 -3.66142 0.0825552
      vertex 2.5 -3.6371 0.00770608
    endloop
  endfacet
  facet normal 0.768236 0.590043 0.248318
    outer loop
      vertex 177.483 -1.99354 2.97029
      vertex 177.443 -2.37481 4
      vertex 177.453 -2.38783 4
    endloop
  endfacet
  facet normal 0.366557 0 -0.930396
    outer loop
      vertex 176.655 -130.475 0.302002
      vertex 176.098 -3.66142 0.0825552
      vertex 176.655 -3.73272 0.302002
    endloop
  endfacet
  facet normal 0.126106 0.0518663 -0.99066
    outer loop
      vertex 176.098 -3.66142 0.0825552
      vertex 175.5 -3.6371 0.00770608
      vertex 176.142 -3.01146 0.122185
    endloop
  endfacet
  facet normal -0.589493 -0 -0.807774
    outer loop
      vertex 0.747356 -3.2097 0.732299
      vertex 1.26069 -129.831 0.357681
      vertex 0.747356 -129.952 0.732299
    endloop
  endfacet
  facet normal -0.589493 0 -0.807774
    outer loop
      vertex 1.26069 -129.831 0.357681
      vertex 0.747356 -3.2097 0.732299
      vertex 1.26069 -3.08798 0.357681
    endloop
  endfacet
  facet normal -0.370091 -0.925523 -0.0802471
    outer loop
      vertex 2.35295 -132.953 4
      vertex 1.67147 -132.528 2.24121
      vertex 2.47799 -133.003 4
    endloop
  endfacet
  facet normal -0.562849 -0.535881 -0.629312
    outer loop
      vertex 1.18199 -131.835 1.16339
      vertex 0.782339 -131.325 1.08655
      vertex 1.42385 -131.737 0.863623
    endloop
  endfacet
  facet normal 0.158927 0.982063 0.101457
    outer loop
      vertex 175.978 -0.988269 2.42575
      vertex 175.663 -0.996326 2.99717
      vertex 176.176 -1.03525 2.57035
    endloop
  endfacet
  facet normal -0.860282 -0.507715 -0.046265
    outer loop
      vertex 0.584198 -131.79 2.51792
      vertex 0.190301 -131.094 2.20436
      vertex 0.516616 -131.631 2.02971
    endloop
  endfacet
  facet normal -0.991445 0.0403337 -0.124137
    outer loop
      vertex 0.105844 -3.55306 1.78905
      vertex 0.0213871 -3.13061 2.60084
      vertex 0.105844 -2.93237 1.99072
    endloop
  endfacet
  facet normal -0.991445 0.0403361 -0.124138
    outer loop
      vertex 0.0213871 -3.13061 2.60084
      vertex 0.105844 -3.55306 1.78905
      vertex 0.0213871 -3.7513 2.39916
    endloop
  endfacet
  facet normal 0.778194 0 -0.628024
    outer loop
      vertex 177.647 -3.36833 1.22051
      vertex 177.253 -129.952 0.732299
      vertex 177.253 -3.2097 0.732299
    endloop
  endfacet
  facet normal 0.778194 0 -0.628024
    outer loop
      vertex 177.253 -129.952 0.732299
      vertex 177.647 -3.36833 1.22051
      vertex 177.647 -130.111 1.22051
    endloop
  endfacet
  facet normal 0.655933 0.753728 -0.0405738
    outer loop
      vertex 177.218 -1.68709 2.02714
      vertex 176.818 -1.3195 2.38919
      vertex 177.416 -1.83491 2.48208
    endloop
  endfacet
  facet normal 0.860734 0.506918 0.0465849
    outer loop
      vertex 177.731 -2.34634 2.2271
      vertex 177.416 -1.83491 2.48208
      vertex 177.483 -1.99354 2.97029
    endloop
  endfacet
  facet normal 0.766551 0.426603 -0.48001
    outer loop
      vertex 177.253 -2.58901 0.933973
      vertex 177.133 -2.02638 1.24237
      vertex 177.647 -2.74764 1.42219
    endloop
  endfacet
  facet normal 0.587936 0.480908 -0.65043
    outer loop
      vertex 176.739 -2.46729 0.559355
      vertex 176.655 -1.91296 0.893281
      vertex 177.253 -2.58901 0.933973
    endloop
  endfacet
  facet normal 1 -0 0
    outer loop
      vertex 177.979 -12.8949 4
      vertex 177.979 -3.7513 2.39916
      vertex 177.979 -4.52354 4
    endloop
  endfacet
  facet normal 0.126048 0.540288 -0.831986
    outer loop
      vertex 176.142 -2.39077 0.323859
      vertex 175.5 -2.36468 0.243537
      vertex 175.5 -1.81733 0.598984
    endloop
  endfacet
  facet normal -0.258673 0.928638 0.265931
    outer loop
      vertex 1.57589 -1.16778 2.97824
      vertex 1.54329 -1.2443 3.21374
      vertex 2.17368 -1.08365 3.26593
    endloop
  endfacet
  facet normal -0.0927031 0.887169 -0.452037
    outer loop
      vertex 2.5 -1.38064 1.08398
      vertex 2.1061 -1.10038 1.7148
      vertex 2.5 -1.08435 1.66548
    endloop
  endfacet
  facet normal 0 0.309017 -0.951056
    outer loop
      vertex 2.5 -2.98537 0.0418625
      vertex 175.5 -2.36468 0.243537
      vertex 175.5 -2.98537 0.0418625
    endloop
  endfacet
  facet normal 0 0.309017 -0.951056
    outer loop
      vertex 175.5 -2.36468 0.243537
      vertex 2.5 -2.98537 0.0418625
      vertex 2.5 -2.36468 0.243537
    endloop
  endfacet
  facet normal 0.159388 -0.853719 -0.495741
    outer loop
      vertex 176.176 -132.171 1.14288
      vertex 175.663 -132.454 1.4653
      vertex 175.978 -132.124 0.998281
    endloop
  endfacet
  facet normal -0.563008 -0.536485 -0.628654
    outer loop
      vertex 1.42385 -131.737 0.863623
      vertex 0.782339 -131.325 1.08655
      vertex 1.09754 -131.198 0.695883
    endloop
  endfacet
  facet normal 0.240208 -0.949522 -0.201762
    outer loop
      vertex 176.424 -132.457 2.02176
      vertex 175.783 -132.591 1.88924
      vertex 175.815 -132.567 1.81439
    endloop
  endfacet
  facet normal -0.915474 -0.393518 0.0839753
    outer loop
      vertex 0.336428 -131.173 4
      vertex 0.269002 -131.278 2.7729
      vertex 0.348034 -131.2 4
    endloop
  endfacet
  facet normal -0.382682 0.285494 -0.878662
    outer loop
      vertex 1.26069 -2.46729 0.559355
      vertex 1.85849 -3.01146 0.122185
      vertex 1.26069 -3.08798 0.357681
    endloop
  endfacet
  facet normal -0.382682 0.285494 -0.878662
    outer loop
      vertex 1.85849 -3.01146 0.122185
      vertex 1.26069 -2.46729 0.559355
      vertex 1.85849 -2.39077 0.323859
    endloop
  endfacet
  facet normal 0.370261 0.0315411 -0.928392
    outer loop
      vertex 176.739 -3.08798 0.357681
      vertex 176.098 -3.66142 0.0825552
      vertex 176.142 -3.01146 0.122185
    endloop
  endfacet
  facet normal 0.124197 1.01776e-09 -0.992258
    outer loop
      vertex 175.5 -130.38 0.00770595
      vertex 175.5 -3.6371 0.00770608
      vertex 176.098 -3.66142 0.0825552
    endloop
  endfacet
  facet normal 0.432764 0.843639 -0.317786
    outer loop
      vertex 176.492 -1.46275 1.3367
      vertex 176.261 -1.14736 1.8594
      vertex 176.902 -1.56015 1.63647
    endloop
  endfacet
  facet normal 0.0892199 0.943672 0.318626
    outer loop
      vertex 175.826 -1.08365 3.26593
      vertex 175.726 -1.32205 4
      vertex 175.737 -1.32309 4
    endloop
  endfacet
  facet normal -0.420652 0.848316 0.321577
    outer loop
      vertex 1.6114 -1.50858 4
      vertex 1.54329 -1.2443 3.21374
      vertex 1.60051 -1.51398 4
    endloop
  endfacet
  facet normal 0.174933 0.929595 0.324426
    outer loop
      vertex 175.826 -1.08365 3.26593
      vertex 175.737 -1.32309 4
      vertex 175.748 -1.32516 4
    endloop
  endfacet
  facet normal 0 0.951101 0.30888
    outer loop
      vertex 175.5 -0.982817 2.95559
      vertex 2.64686 -1.322 4
      vertex 175.353 -1.322 4
    endloop
  endfacet
  facet normal 0 0.951101 0.30888
    outer loop
      vertex 2.64686 -1.322 4
      vertex 175.5 -0.982817 2.95559
      vertex 2.5 -0.982817 2.95559
    endloop
  endfacet
  facet normal -0.034055 0.99805 0.0523054
    outer loop
      vertex 2.5 -0.948661 2.30385
      vertex 2.25239 -0.958735 2.33486
      vertex 2.41554 -0.986253 2.96616
    endloop
  endfacet
  facet normal -0.306346 0.94523 -0.112659
    outer loop
      vertex 1.73905 -1.14736 1.8594
      vertex 1.42385 -1.2221 2.08942
      vertex 2.02165 -0.988269 2.42575
    endloop
  endfacet
  facet normal 0.0656799 0.976036 -0.207462
    outer loop
      vertex 175.894 -1.10038 1.7148
      vertex 175.5 -1.08435 1.66548
      vertex 175.5 -0.948661 2.30385
    endloop
  endfacet
  facet normal -0.588361 -0.00725587 -0.808566
    outer loop
      vertex 1.34515 -130.475 0.302002
      vertex 0.747356 -129.952 0.732299
      vertex 1.26069 -129.831 0.357681
    endloop
  endfacet
  facet normal -0.113225 -0.20669 -0.971833
    outer loop
      vertex 2.5 -131.018 0.143396
      vertex 1.98666 -131.039 0.20767
      vertex 2.5 -130.38 0.00770595
    endloop
  endfacet
  facet normal -0.258088 -0.929064 -0.265011
    outer loop
      vertex 2.1848 -132.567 1.81439
      vertex 1.57589 -132.457 2.02176
      vertex 2.17368 -132.541 1.73407
    endloop
  endfacet
  facet normal 0.206615 0.967381 0.146576
    outer loop
      vertex 176.176 -1.03525 2.57035
      vertex 175.731 -1.01235 3.04649
      vertex 176.329 -1.09648 2.75879
    endloop
  endfacet
  facet normal 0.704483 0.697709 0.13002
    outer loop
      vertex 177.416 -1.83491 2.48208
      vertex 177.022 -1.55464 3.1129
      vertex 177.483 -1.99354 2.97029
    endloop
  endfacet
  facet normal -0.431635 -0.495823 -0.753558
    outer loop
      vertex 1.42385 -131.737 0.863623
      vertex 1.09754 -131.198 0.695883
      vertex 1.50831 -131.1 0.396114
    endloop
  endfacet
  facet normal 0.653074 -0.756191 0.0408749
    outer loop
      vertex 176.562 -132.451 4
      vertex 176.496 -132.508 4
      vertex 176.818 -132.305 2.61081
    endloop
  endfacet
  facet normal 0.271838 0.872255 -0.406542
    outer loop
      vertex 176.013 -1.40152 1.14826
      vertex 175.894 -1.10038 1.7148
      vertex 176.261 -1.14736 1.8594
    endloop
  endfacet
  facet normal 0.370263 0.520178 -0.769623
    outer loop
      vertex 176.142 -2.39077 0.323859
      vertex 176.098 -1.84165 0.673834
      vertex 176.739 -2.46729 0.559355
    endloop
  endfacet
  facet normal 0.38312 0.285438 -0.87849
    outer loop
      vertex 176.142 -3.01146 0.122185
      vertex 176.739 -2.46729 0.559355
      vertex 176.739 -3.08798 0.357681
    endloop
  endfacet
  facet normal 0.38312 0.285438 -0.87849
    outer loop
      vertex 176.739 -2.46729 0.559355
      vertex 176.142 -3.01146 0.122185
      vertex 176.142 -2.39077 0.323859
    endloop
  endfacet
  facet normal 0.126055 0.0519195 -0.990664
    outer loop
      vertex 175.5 -3.6371 0.00770608
      vertex 175.5 -2.98537 0.0418625
      vertex 176.142 -3.01146 0.122185
    endloop
  endfacet
  facet normal 0.194537 -0.678239 -0.708624
    outer loop
      vertex 175.978 -132.124 0.998281
      vertex 175.748 -132.095 0.907383
      vertex 175.894 -131.616 0.489003
    endloop
  endfacet
  facet normal -0.958209 0.283168 -0.0406346
    outer loop
      vertex 0.269002 -2.34634 2.2271
      vertex 0.0213871 -3.13061 2.60084
      vertex 0.190301 -2.53107 2.79564
    endloop
  endfacet
  facet normal -0.705199 0.655364 0.270541
    outer loop
      vertex 1.01675 -1.87925 4
      vertex 0.978096 -1.55464 3.1129
      vertex 1.00715 -1.88958 4
    endloop
  endfacet
  facet normal 0.0994432 0.992641 0.0691021
    outer loop
      vertex 175.748 -0.958735 2.33486
      vertex 175.584 -0.986253 2.96616
      vertex 175.663 -0.996326 2.99717
    endloop
  endfacet
  facet normal -0.126153 0.54029 -0.831969
    outer loop
      vertex 2.5 -1.81733 0.598984
      vertex 1.85849 -2.39077 0.323859
      vertex 1.90221 -1.84165 0.673834
    endloop
  endfacet
  facet normal -0.369858 0.520114 -0.769861
    outer loop
      vertex 1.90221 -1.84165 0.673834
      vertex 1.26069 -2.46729 0.559355
      vertex 1.34515 -1.91296 0.893281
    endloop
  endfacet
  facet normal -0.997312 -0.069595 0.0229221
    outer loop
      vertex 0.0253131 -130.023 4
      vertex 0.0209168 -129.96 4
      vertex 0.0213871 -130.494 2.39916
    endloop
  endfacet
  facet normal 0.432554 0.843569 -0.31826
    outer loop
      vertex 176.902 -1.56015 1.63647
      vertex 176.261 -1.14736 1.8594
      vertex 176.576 -1.2221 2.08942
    endloop
  endfacet
  facet normal 0.206828 0.967263 0.147053
    outer loop
      vertex 176.329 -1.09648 2.75879
      vertex 175.731 -1.01235 3.04649
      vertex 175.783 -1.03324 3.11076
    endloop
  endfacet
  facet normal 0.092754 0.887145 -0.452073
    outer loop
      vertex 176.013 -1.40152 1.14826
      vertex 175.5 -1.38064 1.08398
      vertex 175.894 -1.10038 1.7148
    endloop
  endfacet
  facet normal 0.192557 0.965553 -0.175011
    outer loop
      vertex 176.261 -1.14736 1.8594
      vertex 175.894 -1.10038 1.7148
      vertex 175.978 -0.988269 2.42575
    endloop
  endfacet
  facet normal -0.432301 0.843703 -0.318246
    outer loop
      vertex 1.73905 -1.14736 1.8594
      vertex 1.09754 -1.56015 1.63647
      vertex 1.42385 -1.2221 2.08942
    endloop
  endfacet
  facet normal 0 0.978148 -0.207911
    outer loop
      vertex 175.5 -1.08435 1.66548
      vertex 2.5 -0.948661 2.30385
      vertex 175.5 -0.948661 2.30385
    endloop
  endfacet
  facet normal 0 0.978148 -0.207911
    outer loop
      vertex 2.5 -0.948661 2.30385
      vertex 175.5 -1.08435 1.66548
      vertex 2.5 -1.08435 1.66548
    endloop
  endfacet
  facet normal -0.864827 0.460276 0.200549
    outer loop
      vertex 0.538096 -2.40184 4
      vertex 0.516616 -1.99354 2.97029
      vertex 0.53015 -2.41677 4
    endloop
  endfacet
  facet normal -0.366523 0 -0.930409
    outer loop
      vertex 1.34515 -130.475 0.302002
      vertex 1.34515 -3.73272 0.302002
      vertex 1.90221 -3.66142 0.0825552
    endloop
  endfacet
  facet normal -0.892909 0.358477 -0.272413
    outer loop
      vertex 0.499742 -2.1742 1.69731
      vertex 0.105844 -2.93237 1.99072
      vertex 0.269002 -2.34634 2.2271
    endloop
  endfacet
  facet normal -0.130522 0.306373 -0.942921
    outer loop
      vertex 1.85849 -2.39077 0.323859
      vertex 2.5 -2.98537 0.0418625
      vertex 1.85849 -3.01146 0.122185
    endloop
  endfacet
  facet normal -0.130521 0.306374 -0.942921
    outer loop
      vertex 2.5 -2.98537 0.0418625
      vertex 1.85849 -2.39077 0.323859
      vertex 2.5 -2.36468 0.243537
    endloop
  endfacet
  facet normal -0.306392 -0.698359 -0.646853
    outer loop
      vertex 1.8235 -132.171 1.14288
      vertex 1.42385 -131.737 0.863623
      vertex 2.02165 -132.124 0.998281
    endloop
  endfacet
  facet normal -0.332225 -0.224668 -0.916052
    outer loop
      vertex 1.50831 -131.1 0.396114
      vertex 1.34515 -130.475 0.302002
      vertex 1.98666 -131.039 0.20767
    endloop
  endfacet
  facet normal -0.528144 -0.259618 -0.808494
    outer loop
      vertex 1.50831 -131.1 0.396114
      vertex 0.866796 -130.589 0.651091
      vertex 1.34515 -130.475 0.302002
    endloop
  endfacet
  facet normal -0.528117 -0.259565 -0.808529
    outer loop
      vertex 1.09754 -131.198 0.695883
      vertex 0.866796 -130.589 0.651091
      vertex 1.50831 -131.1 0.396114
    endloop
  endfacet
  facet normal -0.271861 -0.466477 -0.841719
    outer loop
      vertex 1.73905 -131.663 0.633601
      vertex 1.50831 -131.1 0.396114
      vertex 2.1061 -131.616 0.489003
    endloop
  endfacet
  facet normal 0.958138 -0.283275 0.0415546
    outer loop
      vertex 177.894 -130.692 3.00928
      vertex 177.731 -131.278 2.7729
      vertex 177.979 -130.494 2.39916
    endloop
  endfacet
  facet normal 0.332207 -0.224946 -0.91599
    outer loop
      vertex 176.655 -130.475 0.302002
      vertex 176.013 -131.039 0.20767
      vertex 176.098 -130.404 0.082556
    endloop
  endfacet
  facet normal -0.143056 -0.966854 -0.211491
    outer loop
      vertex 3.44941 -133.235 4
      vertex 2.2174 -132.591 1.88924
      vertex 3.63865 -133.263 4
    endloop
  endfacet
  facet normal -0.878581 -0.469706 0.0864421
    outer loop
      vertex 0.348034 -131.2 4
      vertex 0.269002 -131.278 2.7729
      vertex 0.381715 -131.263 4
    endloop
  endfacet
  facet normal 0.892816 0.358383 -0.272841
    outer loop
      vertex 177.894 -2.93237 1.99072
      vertex 177.5 -2.1742 1.69731
      vertex 177.731 -2.34634 2.2271
    endloop
  endfacet
  facet normal 0.562966 0.803304 -0.194348
    outer loop
      vertex 176.902 -1.56015 1.63647
      vertex 176.576 -1.2221 2.08942
      vertex 177.218 -1.68709 2.02714
    endloop
  endfacet
  facet normal 0.706421 0.654226 0.270108
    outer loop
      vertex 176.993 -1.88958 4
      vertex 177.483 -1.99354 2.97029
      vertex 177.022 -1.55464 3.1129
    endloop
  endfacet
  facet normal 0.70602 0.654759 0.269863
    outer loop
      vertex 177.483 -1.99354 2.97029
      vertex 176.993 -1.88958 4
      vertex 177.443 -2.37481 4
    endloop
  endfacet
  facet normal 0.999932 0 0.0116236
    outer loop
      vertex 177.81 -2.53107 2.79564
      vertex 177.796 -3.03348 4
      vertex 177.796 -3.03503 4
    endloop
  endfacet
  facet normal 0.126107 0.540336 -0.831946
    outer loop
      vertex 176.142 -2.39077 0.323859
      vertex 175.5 -1.81733 0.598984
      vertex 176.098 -1.84165 0.673834
    endloop
  endfacet
  facet normal 0.113243 0.738366 -0.664824
    outer loop
      vertex 176.098 -1.84165 0.673834
      vertex 175.5 -1.81733 0.598984
      vertex 175.5 -1.38064 1.08398
    endloop
  endfacet
  facet normal 0 0.743147 -0.669129
    outer loop
      vertex 175.5 -1.81733 0.598984
      vertex 2.5 -1.38064 1.08398
      vertex 175.5 -1.38064 1.08398
    endloop
  endfacet
  facet normal 0 0.743147 -0.669129
    outer loop
      vertex 2.5 -1.38064 1.08398
      vertex 175.5 -1.81733 0.598984
      vertex 2.5 -1.81733 0.598984
    endloop
  endfacet
  facet normal -0.369853 0.0317377 -0.928548
    outer loop
      vertex 1.90221 -3.66142 0.0825552
      vertex 1.26069 -3.08798 0.357681
      vertex 1.85849 -3.01146 0.122185
    endloop
  endfacet
  facet normal 0 0.951101 0.30888
    outer loop
      vertex 2.64686 -1.322 4
      vertex 2.5 -0.982817 2.95559
      vertex 2.64615 -1.322 4
    endloop
  endfacet
  facet normal -0.369854 0.520111 -0.769865
    outer loop
      vertex 1.85849 -2.39077 0.323859
      vertex 1.26069 -2.46729 0.559355
      vertex 1.90221 -1.84165 0.673834
    endloop
  endfacet
  facet normal -0.68853 0.635734 -0.348955
    outer loop
      vertex 0.866796 -2.02638 1.24237
      vertex 0.499742 -2.1742 1.69731
      vertex 0.782339 -1.68709 2.02714
    endloop
  endfacet
  facet normal -0.000112396 0.951096 0.308894
    outer loop
      vertex 2.5 -0.982817 2.95559
      vertex 2.56153 -1.32201 4
      vertex 2.64615 -1.322 4
    endloop
  endfacet
  facet normal -3.5564e-05 0.951098 0.30889
    outer loop
      vertex 2.56153 -1.32201 4
      vertex 2.5 -0.982817 2.95559
      vertex 2.41554 -0.986253 2.96616
    endloop
  endfacet
  facet normal -0.499413 0.807714 0.313346
    outer loop
      vertex 1.54329 -1.2443 3.21374
      vertex 1.03822 -1.86161 4
      vertex 1.5901 -1.52038 4
    endloop
  endfacet
  facet normal -0.499411 0.807714 0.313348
    outer loop
      vertex 1.03822 -1.86161 4
      vertex 1.54329 -1.2443 3.21374
      vertex 0.978096 -1.55464 3.1129
    endloop
  endfacet
  facet normal 0.100115 0.992568 0.0691841
    outer loop
      vertex 175.748 -0.958735 2.33486
      vertex 175.663 -0.996326 2.99717
      vertex 175.978 -0.988269 2.42575
    endloop
  endfacet
  facet normal 0 0.951099 0.308886
    outer loop
      vertex 2.56153 -1.32201 4
      vertex 2.41554 -0.986253 2.96616
      vertex 2.56083 -1.32201 4
    endloop
  endfacet
  facet normal 0.0926798 0.887171 -0.452038
    outer loop
      vertex 175.894 -1.10038 1.7148
      vertex 175.5 -1.38064 1.08398
      vertex 175.5 -1.08435 1.66548
    endloop
  endfacet
  facet normal 0.113348 0.738427 -0.664739
    outer loop
      vertex 176.098 -1.84165 0.673834
      vertex 175.5 -1.38064 1.08398
      vertex 176.013 -1.40152 1.14826
    endloop
  endfacet
  facet normal 0.332175 0.720178 -0.609101
    outer loop
      vertex 176.655 -1.91296 0.893281
      vertex 176.098 -1.84165 0.673834
      vertex 176.492 -1.46275 1.3367
    endloop
  endfacet
  facet normal 0.528875 0.685271 -0.500695
    outer loop
      vertex 177.133 -2.02638 1.24237
      vertex 176.492 -1.46275 1.3367
      vertex 176.902 -1.56015 1.63647
    endloop
  endfacet
  facet normal -0.706052 0.65456 0.270265
    outer loop
      vertex 0.516616 -1.99354 2.97029
      vertex 1.00715 -1.88958 4
      vertex 0.978096 -1.55464 3.1129
    endloop
  endfacet
  facet normal -0.706044 0.654569 0.27026
    outer loop
      vertex 1.00715 -1.88958 4
      vertex 0.516616 -1.99354 2.97029
      vertex 0.557296 -2.37481 4
    endloop
  endfacet
  facet normal -0.704068 0.698241 0.129411
    outer loop
      vertex 0.584198 -1.83491 2.48208
      vertex 0.516616 -1.99354 2.97029
      vertex 0.978096 -1.55464 3.1129
    endloop
  endfacet
  facet normal -0.778273 0 -0.627926
    outer loop
      vertex 0.747356 -129.952 0.732299
      vertex 0.353458 -3.36833 1.22051
      vertex 0.747356 -3.2097 0.732299
    endloop
  endfacet
  facet normal -0.778273 -0 -0.627926
    outer loop
      vertex 0.353458 -3.36833 1.22051
      vertex 0.747356 -129.952 0.732299
      vertex 0.353458 -130.111 1.22051
    endloop
  endfacet
  facet normal -0.766752 -0.0623342 -0.63891
    outer loop
      vertex 0.499742 -130.737 1.10603
      vertex 0.353458 -130.111 1.22051
      vertex 0.866796 -130.589 0.651091
    endloop
  endfacet
  facet normal -0.239781 -0.949968 -0.200165
    outer loop
      vertex 2.2174 -132.591 1.88924
      vertex 1.57589 -132.457 2.02176
      vertex 2.1848 -132.567 1.81439
    endloop
  endfacet
  facet normal -0 -0.950957 -0.309323
    outer loop
      vertex 173.419 -133.278 4
      vertex 173.409 -133.278 4
      vertex 175.5 -132.44 1.42372
    endloop
  endfacet
  facet normal -0.58835 -0.0072367 -0.808574
    outer loop
      vertex 0.866796 -130.589 0.651091
      vertex 0.747356 -129.952 0.732299
      vertex 1.34515 -130.475 0.302002
    endloop
  endfacet
  facet normal -0.550397 0 -0.834903
    outer loop
      vertex 1.26069 -129.831 0.357681
      vertex 1.34515 -3.73272 0.302002
      vertex 1.34515 -130.475 0.302002
    endloop
  endfacet
  facet normal -0.550397 0 -0.834903
    outer loop
      vertex 1.34515 -3.73272 0.302002
      vertex 1.26069 -129.831 0.357681
      vertex 1.26069 -3.08798 0.357681
    endloop
  endfacet
  facet normal -0.369852 0.0317383 -0.928548
    outer loop
      vertex 1.34515 -3.73272 0.302002
      vertex 1.26069 -3.08798 0.357681
      vertex 1.90221 -3.66142 0.0825552
    endloop
  endfacet
  facet normal -0.366522 -5.87275e-09 -0.930409
    outer loop
      vertex 1.90221 -130.404 0.082556
      vertex 1.34515 -130.475 0.302002
      vertex 1.90221 -3.66142 0.0825552
    endloop
  endfacet
  facet normal -0.124241 -6.2631e-09 -0.992252
    outer loop
      vertex 1.90221 -130.404 0.082556
      vertex 1.90221 -3.66142 0.0825552
      vertex 2.5 -130.38 0.00770595
    endloop
  endfacet
  facet normal 0.0341763 -0.838493 -0.543839
    outer loop
      vertex 175.5 -132.44 1.42372
      vertex 175.5 -132.085 0.87638
      vertex 175.748 -132.095 0.907383
    endloop
  endfacet
  facet normal 0 -0.208028 -0.978123
    outer loop
      vertex 2.5 -131.018 0.143396
      vertex 175.5 -130.38 0.00770595
      vertex 175.5 -131.018 0.143396
    endloop
  endfacet
  facet normal -0 -0.208028 -0.978123
    outer loop
      vertex 175.5 -130.38 0.00770595
      vertex 2.5 -131.018 0.143396
      vertex 2.5 -130.38 0.00770595
    endloop
  endfacet
  facet normal -0.958216 -0.205236 -0.19925
    outer loop
      vertex 0.269002 -130.909 1.63582
      vertex 0.0213871 -130.494 2.39916
      vertex 0.105844 -130.296 1.78905
    endloop
  endfacet
  facet normal -0.065718 -0.667729 -0.741498
    outer loop
      vertex 2.25239 -132.095 0.907383
      vertex 2.1061 -131.616 0.489003
      vertex 2.5 -131.6 0.439684
    endloop
  endfacet
  facet normal -0.272027 -0.466643 -0.841573
    outer loop
      vertex 2.1061 -131.616 0.489003
      vertex 1.50831 -131.1 0.396114
      vertex 1.98666 -131.039 0.20767
    endloop
  endfacet
  facet normal -0.192344 -0.678643 -0.708835
    outer loop
      vertex 2.02165 -132.124 0.998281
      vertex 1.73905 -131.663 0.633601
      vertex 2.1061 -131.616 0.489003
    endloop
  endfacet
  facet normal 0.917183 0 -0.398467
    outer loop
      vertex 177.894 -3.55306 1.78905
      vertex 177.647 -130.111 1.22051
      vertex 177.647 -3.36833 1.22051
    endloop
  endfacet
  facet normal 0.917183 0 -0.398467
    outer loop
      vertex 177.647 -130.111 1.22051
      vertex 177.894 -3.55306 1.78905
      vertex 177.894 -130.296 1.78905
    endloop
  endfacet
  facet normal 1 0 0
    outer loop
      vertex 177.979 -130.494 2.39916
      vertex 177.979 -12.8949 4
      vertex 177.979 -129.96 4
    endloop
  endfacet
  facet normal 1 0 0
    outer loop
      vertex 177.979 -12.8949 4
      vertex 177.979 -130.494 2.39916
      vertex 177.979 -3.7513 2.39916
    endloop
  endfacet
  facet normal -0.0287074 -0.837436 -0.545781
    outer loop
      vertex 2.41554 -132.444 1.4343
      vertex 2.25239 -132.095 0.907383
      vertex 2.5 -132.44 1.42372
    endloop
  endfacet
  facet normal -0.217823 -0.961719 -0.166284
    outer loop
      vertex 3.27722 -133.196 4
      vertex 2.2174 -132.591 1.88924
      vertex 3.44941 -133.235 4
    endloop
  endfacet
  facet normal -0.398131 -0.72733 -0.559002
    outer loop
      vertex 1.67147 -132.232 1.33132
      vertex 1.18199 -131.835 1.16339
      vertex 1.42385 -131.737 0.863623
    endloop
  endfacet
  facet normal 0.801666 -0.36985 -0.469619
    outer loop
      vertex 177.731 -130.909 1.63582
      vertex 177.416 -131.472 1.54149
      vertex 177.5 -130.737 1.10603
    endloop
  endfacet
  facet normal 0.574167 0.760945 0.30215
    outer loop
      vertex 177.022 -1.55464 3.1129
      vertex 176.962 -1.86161 4
      vertex 176.973 -1.86991 4
    endloop
  endfacet
  facet normal 0.930463 0.334012 0.150582
    outer loop
      vertex 177.81 -2.53107 2.79564
      vertex 177.796 -3.03503 4
      vertex 177.803 -3.05453 4
    endloop
  endfacet
  facet normal 0.893006 0.35908 -0.271296
    outer loop
      vertex 177.647 -2.74764 1.42219
      vertex 177.5 -2.1742 1.69731
      vertex 177.894 -2.93237 1.99072
    endloop
  endfacet
  facet normal 0.608266 0.245277 -0.754885
    outer loop
      vertex 176.739 -3.08798 0.357681
      vertex 177.253 -2.58901 0.933973
      vertex 177.253 -3.2097 0.732299
    endloop
  endfacet
  facet normal 0.608266 0.245277 -0.754885
    outer loop
      vertex 177.253 -2.58901 0.933973
      vertex 176.739 -3.08798 0.357681
      vertex 176.739 -2.46729 0.559355
    endloop
  endfacet
  facet normal 0.000221184 0.951093 0.308906
    outer loop
      vertex 175.815 -1.05756 3.18561
      vertex 175.66 -1.32203 4
      vertex 175.703 -1.32204 4
    endloop
  endfacet
  facet normal 0.000262262 0.95109 0.308913
    outer loop
      vertex 175.66 -1.32203 4
      vertex 175.815 -1.05756 3.18561
      vertex 175.783 -1.03324 3.11076
    endloop
  endfacet
  facet normal 0.239664 -0.958655 -0.153436
    outer loop
      vertex 175.383 -133.046 4
      vertex 175.379 -133.047 4
      vertex 176.329 -132.528 2.24121
    endloop
  endfacet
  facet normal 0.130424 0.306377 -0.942933
    outer loop
      vertex 175.5 -2.98537 0.0418625
      vertex 176.142 -2.39077 0.323859
      vertex 176.142 -3.01146 0.122185
    endloop
  endfacet
  facet normal 0.130423 0.306378 -0.942933
    outer loop
      vertex 176.142 -2.39077 0.323859
      vertex 175.5 -2.98537 0.0418625
      vertex 175.5 -2.36468 0.243537
    endloop
  endfacet
  facet normal 0.766628 0.426713 -0.47979
    outer loop
      vertex 177.647 -2.74764 1.42219
      vertex 177.133 -2.02638 1.24237
      vertex 177.5 -2.1742 1.69731
    endloop
  endfacet
  facet normal -0.271758 0.872347 -0.406398
    outer loop
      vertex 1.98666 -1.40152 1.14826
      vertex 1.50831 -1.46275 1.3367
      vertex 1.73905 -1.14736 1.8594
    endloop
  endfacet
  facet normal 0 0.052337 -0.998629
    outer loop
      vertex 2.5 -3.6371 0.00770608
      vertex 175.5 -2.98537 0.0418625
      vertex 175.5 -3.6371 0.00770608
    endloop
  endfacet
  facet normal 0 0.052337 -0.998629
    outer loop
      vertex 175.5 -2.98537 0.0418625
      vertex 2.5 -3.6371 0.00770608
      vertex 2.5 -2.98537 0.0418625
    endloop
  endfacet
  facet normal 0.562585 -0.53612 -0.629344
    outer loop
      vertex 177.218 -131.325 1.08655
      vertex 176.576 -131.737 0.863623
      vertex 176.902 -131.198 0.695883
    endloop
  endfacet
  facet normal 0.950375 -0.302392 0.0731188
    outer loop
      vertex 177.712 -131.041 4
      vertex 177.691 -131.107 4
      vertex 177.731 -131.278 2.7729
    endloop
  endfacet
  facet normal -0.000224473 0.951092 0.308906
    outer loop
      vertex 2.33968 -1.32203 4
      vertex 2.1848 -1.05756 3.18561
      vertex 2.29731 -1.32204 4
    endloop
  endfacet
  facet normal -0.000258964 0.951091 0.308912
    outer loop
      vertex 2.1848 -1.05756 3.18561
      vertex 2.33968 -1.32203 4
      vertex 2.2174 -1.03324 3.11076
    endloop
  endfacet
  facet normal -0.764189 0.594447 0.250296
    outer loop
      vertex 0.557296 -2.37481 4
      vertex 0.516616 -1.99354 2.97029
      vertex 0.547168 -2.38783 4
    endloop
  endfacet
  facet normal -0.86045 0.507474 0.045779
    outer loop
      vertex 0.584198 -1.83491 2.48208
      vertex 0.269002 -2.34634 2.2271
      vertex 0.516616 -1.99354 2.97029
    endloop
  endfacet
  facet normal -0.332129 0.720236 -0.609057
    outer loop
      vertex 1.90221 -1.84165 0.673834
      vertex 1.34515 -1.91296 0.893281
      vertex 1.50831 -1.46275 1.3367
    endloop
  endfacet
  facet normal -0.563389 0.803193 -0.193583
    outer loop
      vertex 1.42385 -1.2221 2.08942
      vertex 0.782339 -1.68709 2.02714
      vertex 1.18199 -1.3195 2.38919
    endloop
  endfacet
  facet normal 0 0.951099 0.308887
    outer loop
      vertex 2.4018 -1.32202 4
      vertex 2.26926 -1.01235 3.04649
      vertex 2.40126 -1.32202 4
    endloop
  endfacet
  facet normal -0.0340568 0.99805 0.0523052
    outer loop
      vertex 2.5 -0.948661 2.30385
      vertex 2.41554 -0.986253 2.96616
      vertex 2.5 -0.982817 2.95559
    endloop
  endfacet
  facet normal 0 0.99863 0.0523356
    outer loop
      vertex 175.5 -0.948661 2.30385
      vertex 2.5 -0.982817 2.95559
      vertex 175.5 -0.982817 2.95559
    endloop
  endfacet
  facet normal 0 0.99863 0.0523356
    outer loop
      vertex 2.5 -0.982817 2.95559
      vertex 175.5 -0.948661 2.30385
      vertex 2.5 -0.948661 2.30385
    endloop
  endfacet
  facet normal 0 0.951099 0.308887
    outer loop
      vertex 2.40126 -1.32202 4
      vertex 2.26926 -1.01235 3.04649
      vertex 2.40077 -1.32202 4
    endloop
  endfacet
  facet normal -0.206996 0.967194 0.147271
    outer loop
      vertex 1.8235 -1.03525 2.57035
      vertex 1.67147 -1.09648 2.75879
      vertex 2.26926 -1.01235 3.04649
    endloop
  endfacet
  facet normal -0.497306 0.8089 0.313637
    outer loop
      vertex 1.60051 -1.51398 4
      vertex 1.54329 -1.2443 3.21374
      vertex 1.5901 -1.52038 4
    endloop
  endfacet
  facet normal -0.0656922 0.976034 -0.207464
    outer loop
      vertex 2.5 -0.948661 2.30385
      vertex 2.1061 -1.10038 1.7148
      vertex 2.25239 -0.958735 2.33486
    endloop
  endfacet
  facet normal -0.0998315 0.992604 0.069067
    outer loop
      vertex 2.41554 -0.986253 2.96616
      vertex 2.25239 -0.958735 2.33486
      vertex 2.33684 -0.996326 2.99717
    endloop
  endfacet
  facet normal 0.241149 0.94883 0.203884
    outer loop
      vertex 176.329 -1.09648 2.75879
      vertex 175.815 -1.05756 3.18561
      vertex 176.424 -1.16778 2.97824
    endloop
  endfacet
  facet normal -0.905382 0.388085 0.172258
    outer loop
      vertex 0.211946 -3.01515 4
      vertex 0.190301 -2.53107 2.79564
      vertex 0.204089 -3.03348 4
    endloop
  endfacet
  facet normal 0.158369 0.982224 0.100772
    outer loop
      vertex 176.176 -1.03525 2.57035
      vertex 175.663 -0.996326 2.99717
      vertex 175.731 -1.01235 3.04649
    endloop
  endfacet
  facet normal 0 0.951099 0.308886
    outer loop
      vertex 175.584 -0.986253 2.96616
      vertex 175.44 -1.32201 4
      vertex 175.441 -1.32201 4
    endloop
  endfacet
  facet normal -0.158821 0.982081 0.101454
    outer loop
      vertex 2.33684 -0.996326 2.99717
      vertex 1.8235 -1.03525 2.57035
      vertex 2.26926 -1.01235 3.04649
    endloop
  endfacet
  facet normal 0.258695 0.928558 0.26619
    outer loop
      vertex 176.424 -1.16778 2.97824
      vertex 175.815 -1.05756 3.18561
      vertex 175.826 -1.08365 3.26593
    endloop
  endfacet
  facet normal 0.193148 0.965426 -0.175061
    outer loop
      vertex 175.894 -1.10038 1.7148
      vertex 175.748 -0.958735 2.33486
      vertex 175.978 -0.988269 2.42575
    endloop
  endfacet
  facet normal 0.0655952 0.97603 -0.207517
    outer loop
      vertex 175.894 -1.10038 1.7148
      vertex 175.5 -0.948661 2.30385
      vertex 175.748 -0.958735 2.33486
    endloop
  endfacet
  facet normal 0 0.891006 -0.453992
    outer loop
      vertex 175.5 -1.38064 1.08398
      vertex 2.5 -1.08435 1.66548
      vertex 175.5 -1.08435 1.66548
    endloop
  endfacet
  facet normal 0 0.891006 -0.453992
    outer loop
      vertex 2.5 -1.08435 1.66548
      vertex 175.5 -1.38064 1.08398
      vertex 2.5 -1.38064 1.08398
    endloop
  endfacet
  facet normal 0.588543 0.481506 -0.649437
    outer loop
      vertex 177.253 -2.58901 0.933973
      vertex 176.655 -1.91296 0.893281
      vertex 177.133 -2.02638 1.24237
    endloop
  endfacet
  facet normal 0.528617 0.685069 -0.501243
    outer loop
      vertex 176.655 -1.91296 0.893281
      vertex 176.492 -1.46275 1.3367
      vertex 177.133 -2.02638 1.24237
    endloop
  endfacet
  facet normal 0.477054 0.819937 0.316422
    outer loop
      vertex 176.457 -1.2443 3.21374
      vertex 176.399 -1.51398 4
      vertex 176.41 -1.52038 4
    endloop
  endfacet
  facet normal 0.254851 0.910181 0.32653
    outer loop
      vertex 175.826 -1.08365 3.26593
      vertex 175.748 -1.32516 4
      vertex 175.759 -1.32824 4
    endloop
  endfacet
  facet normal -0.892906 -0.129813 -0.431124
    outer loop
      vertex 0.499742 -130.737 1.10603
      vertex 0.105844 -130.296 1.78905
      vertex 0.353458 -130.111 1.22051
    endloop
  endfacet
  facet normal -0.448176 -0.892942 -0.0423486
    outer loop
      vertex 1.67235 -132.617 4
      vertex 1.18199 -132.305 2.61081
      vertex 1.764 -132.663 4
    endloop
  endfacet
  facet normal -0.952916 -0.294624 0.0717441
    outer loop
      vertex 0.288113 -131.041 4
      vertex 0.269002 -131.278 2.7729
      vertex 0.308519 -131.107 4
    endloop
  endfacet
  facet normal -0.704176 -0.698049 -0.129862
    outer loop
      vertex 0.584198 -131.79 2.51792
      vertex 0.516616 -131.631 2.02971
      vertex 0.978096 -132.07 1.8871
    endloop
  endfacet
  facet normal -0.958235 -0.205039 -0.199364
    outer loop
      vertex 0.190301 -131.094 2.20436
      vertex 0.0213871 -130.494 2.39916
      vertex 0.269002 -130.909 1.63582
    endloop
  endfacet
  facet normal -0.332229 -0.224673 -0.916049
    outer loop
      vertex 1.98666 -131.039 0.20767
      vertex 1.34515 -130.475 0.302002
      vertex 1.90221 -130.404 0.082556
    endloop
  endfacet
  facet normal -0.113392 -0.206562 -0.971841
    outer loop
      vertex 1.98666 -131.039 0.20767
      vertex 1.90221 -130.404 0.082556
      vertex 2.5 -130.38 0.00770595
    endloop
  endfacet
  facet normal -0.159277 -0.85373 -0.495758
    outer loop
      vertex 2.33684 -132.454 1.4653
      vertex 1.8235 -132.171 1.14288
      vertex 2.02165 -132.124 0.998281
    endloop
  endfacet
  facet normal -0.0658814 -0.667677 -0.74153
    outer loop
      vertex 2.5 -132.085 0.87638
      vertex 2.25239 -132.095 0.907383
      vertex 2.5 -131.6 0.439684
    endloop
  endfacet
  facet normal -0.092614 -0.4518 -0.887299
    outer loop
      vertex 2.1061 -131.616 0.489003
      vertex 1.98666 -131.039 0.20767
      vertex 2.5 -131.018 0.143396
    endloop
  endfacet
  facet normal -0.0927503 -0.451724 -0.887323
    outer loop
      vertex 2.5 -131.6 0.439684
      vertex 2.1061 -131.616 0.489003
      vertex 2.5 -131.018 0.143396
    endloop
  endfacet
  facet normal -0.688485 -0.309156 -0.656057
    outer loop
      vertex 0.782339 -131.325 1.08655
      vertex 0.499742 -130.737 1.10603
      vertex 0.866796 -130.589 0.651091
    endloop
  endfacet
  facet normal 0.704591 -0.697516 -0.130472
    outer loop
      vertex 177.416 -131.79 2.51792
      vertex 177.022 -132.07 1.8871
      vertex 177.483 -131.631 2.02971
    endloop
  endfacet
  facet normal 0.0927269 -0.451725 -0.887325
    outer loop
      vertex 175.5 -131.6 0.439684
      vertex 175.5 -131.018 0.143396
      vertex 175.894 -131.616 0.489003
    endloop
  endfacet
  facet normal 0.893004 -0.130957 -0.430575
    outer loop
      vertex 177.894 -130.296 1.78905
      vertex 177.5 -130.737 1.10603
      vertex 177.647 -130.111 1.22051
    endloop
  endfacet
  facet normal 0.588994 0 -0.808137
    outer loop
      vertex 176.739 -129.831 0.357681
      vertex 177.253 -3.2097 0.732299
      vertex 177.253 -129.952 0.732299
    endloop
  endfacet
  facet normal 0.588994 0 -0.808137
    outer loop
      vertex 177.253 -3.2097 0.732299
      vertex 176.739 -129.831 0.357681
      vertex 176.739 -3.08798 0.357681
    endloop
  endfacet
  facet normal 0.991336 0.0405887 -0.124922
    outer loop
      vertex 177.979 -3.13061 2.60084
      vertex 177.894 -3.55306 1.78905
      vertex 177.894 -2.93237 1.99072
    endloop
  endfacet
  facet normal 0.991336 0.0405911 -0.124923
    outer loop
      vertex 177.894 -3.55306 1.78905
      vertex 177.979 -3.13061 2.60084
      vertex 177.979 -3.7513 2.39916
    endloop
  endfacet
  facet normal 0.864567 0.460857 0.200336
    outer loop
      vertex 177.47 -2.41677 4
      vertex 177.81 -2.53107 2.79564
      vertex 177.483 -1.99354 2.97029
    endloop
  endfacet
  facet normal 0.8651 0.459744 0.200592
    outer loop
      vertex 177.81 -2.53107 2.79564
      vertex 177.47 -2.41677 4
      vertex 177.788 -3.01515 4
    endloop
  endfacet
  facet normal 0.562569 -0.536061 -0.629408
    outer loop
      vertex 176.818 -131.835 1.16339
      vertex 176.576 -131.737 0.863623
      vertex 177.218 -131.325 1.08655
    endloop
  endfacet
  facet normal -0 -0.951006 -0.309173
    outer loop
      vertex 173.778 -133.278 4
      vertex 173.767 -133.278 4
      vertex 175.731 -132.47 1.51462
    endloop
  endfacet
  facet normal -0.208174 -0.868838 -0.449203
    outer loop
      vertex 2.26926 -132.47 1.51462
      vertex 1.67147 -132.232 1.33132
      vertex 1.8235 -132.171 1.14288
    endloop
  endfacet
  facet normal -0.0700067 -0.963199 -0.259514
    outer loop
      vertex 3.63865 -133.263 4
      vertex 2.2174 -132.591 1.88924
      vertex 3.84503 -133.278 4
    endloop
  endfacet
  facet normal 0.465173 -0.88125 -0.0837423
    outer loop
      vertex 176.818 -132.305 2.61081
      vertex 176.329 -132.528 2.24121
      vertex 176.424 -132.457 2.02176
    endloop
  endfacet
  facet normal 0.690775 0.668708 0.275064
    outer loop
      vertex 177.022 -1.55464 3.1129
      vertex 176.983 -1.87925 4
      vertex 176.993 -1.88958 4
    endloop
  endfacet
  facet normal 0.654253 0.700485 0.285086
    outer loop
      vertex 177.022 -1.55464 3.1129
      vertex 176.973 -1.86991 4
      vertex 176.983 -1.87925 4
    endloop
  endfacet
  facet normal 0.499314 0.807728 0.313466
    outer loop
      vertex 176.962 -1.86161 4
      vertex 176.457 -1.2443 3.21374
      vertex 176.41 -1.52038 4
    endloop
  endfacet
  facet normal 0.499541 0.807664 0.313269
    outer loop
      vertex 176.457 -1.2443 3.21374
      vertex 176.962 -1.86161 4
      vertex 177.022 -1.55464 3.1129
    endloop
  endfacet
  facet normal 0.703832 0.698507 0.129259
    outer loop
      vertex 177.416 -1.83491 2.48208
      vertex 176.97 -1.43292 2.73828
      vertex 177.022 -1.55464 3.1129
    endloop
  endfacet
  facet normal 1 0 0
    outer loop
      vertex 177.979 -3.79621 4
      vertex 177.979 -3.7513 2.39916
      vertex 177.979 -3.13061 2.60084
    endloop
  endfacet
  facet normal 1 0 0
    outer loop
      vertex 177.979 -3.7513 2.39916
      vertex 177.979 -3.79621 4
      vertex 177.979 -4.52354 4
    endloop
  endfacet
  facet normal 0.465697 0.880891 0.0846038
    outer loop
      vertex 176.818 -1.3195 2.38919
      vertex 176.329 -1.09648 2.75879
      vertex 176.424 -1.16778 2.97824
    endloop
  endfacet
  facet normal 0.56311 0.803396 -0.193554
    outer loop
      vertex 177.218 -1.68709 2.02714
      vertex 176.576 -1.2221 2.08942
      vertex 176.818 -1.3195 2.38919
    endloop
  endfacet
  facet normal 0.514461 -0.857435 -0.0116037
    outer loop
      vertex 176.421 -132.562 4
      vertex 176.336 -132.613 4
      vertex 176.818 -132.305 2.61081
    endloop
  endfacet
  facet normal -0 -0.950963 -0.309303
    outer loop
      vertex 174.06 -133.278 4
      vertex 174.053 -133.278 4
      vertex 175.826 -132.541 1.73407
    endloop
  endfacet
  facet normal -0.113282 0.738362 -0.664822
    outer loop
      vertex 2.5 -1.81733 0.598984
      vertex 1.90221 -1.84165 0.673834
      vertex 1.98666 -1.40152 1.14826
    endloop
  endfacet
  facet normal -0.332122 0.72024 -0.609055
    outer loop
      vertex 1.90221 -1.84165 0.673834
      vertex 1.50831 -1.46275 1.3367
      vertex 1.98666 -1.40152 1.14826
    endloop
  endfacet
  facet normal 6.26249e-12 9.69232e-10 -1
    outer loop
      vertex 147.162 -47.6573 0.00770603
      vertex 175.5 -130.38 0.00770595
      vertex 147.162 -109.562 0.00770597
    endloop
  endfacet
  facet normal 0 9.60707e-10 -1
    outer loop
      vertex 175.5 -130.38 0.00770595
      vertex 30.8382 -109.562 0.00770597
      vertex 147.162 -109.562 0.00770597
    endloop
  endfacet
  facet normal -1.71096e-10 1.0257e-09 -1
    outer loop
      vertex 2.5 -3.6371 0.00770608
      vertex 30.8382 -47.6573 0.00770603
      vertex 2.5 -130.38 0.00770595
    endloop
  endfacet
  facet normal -6.26244e-12 9.69232e-10 -1
    outer loop
      vertex 30.8382 -109.562 0.00770597
      vertex 2.5 -130.38 0.00770595
      vertex 30.8382 -47.6573 0.00770603
    endloop
  endfacet
  facet normal 0 9.60707e-10 -1
    outer loop
      vertex 2.5 -130.38 0.00770595
      vertex 30.8382 -109.562 0.00770597
      vertex 175.5 -130.38 0.00770595
    endloop
  endfacet
  facet normal 1.71097e-10 1.0257e-09 -1
    outer loop
      vertex 175.5 -130.38 0.00770595
      vertex 147.162 -47.6573 0.00770603
      vertex 175.5 -3.6371 0.00770608
    endloop
  endfacet
  facet normal 3.79814e-10 8.91337e-10 -1
    outer loop
      vertex 147.162 -36.4382 0.00770604
      vertex 175.5 -3.6371 0.00770608
      vertex 147.162 -47.6573 0.00770603
    endloop
  endfacet
  facet normal 0 1.21947e-09 -1
    outer loop
      vertex 30.8382 -36.4382 0.00770604
      vertex 175.5 -3.6371 0.00770608
      vertex 147.162 -36.4382 0.00770604
    endloop
  endfacet
  facet normal 0 1.21947e-09 -1
    outer loop
      vertex 30.8382 -36.4382 0.00770604
      vertex 2.5 -3.6371 0.00770608
      vertex 175.5 -3.6371 0.00770608
    endloop
  endfacet
  facet normal -3.79811e-10 8.91337e-10 -1
    outer loop
      vertex 30.8382 -47.6573 0.00770603
      vertex 2.5 -3.6371 0.00770608
      vertex 30.8382 -36.4382 0.00770604
    endloop
  endfacet
  facet normal -0.12615 0.0519189 -0.990652
    outer loop
      vertex 2.5 -3.6371 0.00770608
      vertex 1.85849 -3.01146 0.122185
      vertex 2.5 -2.98537 0.0418625
    endloop
  endfacet
  facet normal -0.126151 0.051917 -0.990652
    outer loop
      vertex 1.90221 -3.66142 0.0825552
      vertex 1.85849 -3.01146 0.122185
      vertex 2.5 -3.6371 0.00770608
    endloop
  endfacet
  facet normal 0 0.544632 -0.838675
    outer loop
      vertex 2.5 -2.36468 0.243537
      vertex 175.5 -1.81733 0.598984
      vertex 175.5 -2.36468 0.243537
    endloop
  endfacet
  facet normal 0 0.544632 -0.838675
    outer loop
      vertex 175.5 -1.81733 0.598984
      vertex 2.5 -2.36468 0.243537
      vertex 2.5 -1.81733 0.598984
    endloop
  endfacet
  facet normal 0.902404 0.393848 0.174787
    outer loop
      vertex 177.81 -2.53107 2.79564
      vertex 177.788 -3.01515 4
      vertex 177.796 -3.03348 4
    endloop
  endfacet
  facet normal 0.0339976 0.998051 0.0523364
    outer loop
      vertex 175.748 -0.958735 2.33486
      vertex 175.5 -0.948661 2.30385
      vertex 175.584 -0.986253 2.96616
    endloop
  endfacet
  facet normal 0 0.951101 0.30888
    outer loop
      vertex 175.5 -0.982817 2.95559
      vertex 175.353 -1.322 4
      vertex 175.354 -1.322 4
    endloop
  endfacet
  facet normal 0 0.951099 0.308887
    outer loop
      vertex 2.40236 -1.32202 4
      vertex 2.26926 -1.01235 3.04649
      vertex 2.4018 -1.32202 4
    endloop
  endfacet
  facet normal -0.528325 0.685233 -0.501326
    outer loop
      vertex 1.34515 -1.91296 0.893281
      vertex 0.866796 -2.02638 1.24237
      vertex 1.50831 -1.46275 1.3367
    endloop
  endfacet
  facet normal -0.608763 0.245159 -0.754523
    outer loop
      vertex 0.747356 -2.58901 0.933973
      vertex 1.26069 -3.08798 0.357681
      vertex 0.747356 -3.2097 0.732299
    endloop
  endfacet
  facet normal -0.608763 0.245159 -0.754523
    outer loop
      vertex 1.26069 -3.08798 0.357681
      vertex 0.747356 -2.58901 0.933973
      vertex 1.26069 -2.46729 0.559355
    endloop
  endfacet
  facet normal 0 0.951099 0.308886
    outer loop
      vertex 2.55943 -1.32201 4
      vertex 2.41554 -0.986253 2.96616
      vertex 2.55875 -1.32201 4
    endloop
  endfacet
  facet normal 0 0.951099 0.308886
    outer loop
      vertex 175.584 -0.986253 2.96616
      vertex 175.438 -1.32201 4
      vertex 175.439 -1.32201 4
    endloop
  endfacet
  facet normal 0 0.951099 0.308886
    outer loop
      vertex 2.56012 -1.32201 4
      vertex 2.41554 -0.986253 2.96616
      vertex 2.55943 -1.32201 4
    endloop
  endfacet
  facet normal -0.0656965 0.976035 -0.207461
    outer loop
      vertex 2.5 -1.08435 1.66548
      vertex 2.1061 -1.10038 1.7148
      vertex 2.5 -0.948661 2.30385
    endloop
  endfacet
  facet normal -0.432302 0.843703 -0.318244
    outer loop
      vertex 1.50831 -1.46275 1.3367
      vertex 1.09754 -1.56015 1.63647
      vertex 1.73905 -1.14736 1.8594
    endloop
  endfacet
  facet normal -0.56339 0.803194 -0.193575
    outer loop
      vertex 1.09754 -1.56015 1.63647
      vertex 0.782339 -1.68709 2.02714
      vertex 1.42385 -1.2221 2.08942
    endloop
  endfacet
  facet normal -0.865006 0.45999 0.200434
    outer loop
      vertex 0.190301 -2.53107 2.79564
      vertex 0.53015 -2.41677 4
      vertex 0.516616 -1.99354 2.97029
    endloop
  endfacet
  facet normal -0.865006 0.459989 0.200434
    outer loop
      vertex 0.53015 -2.41677 4
      vertex 0.190301 -2.53107 2.79564
      vertex 0.211946 -3.01515 4
    endloop
  endfacet
  facet normal -0.86045 0.507474 0.0457793
    outer loop
      vertex 0.269002 -2.34634 2.2271
      vertex 0.190301 -2.53107 2.79564
      vertex 0.516616 -1.99354 2.97029
    endloop
  endfacet
  facet normal -0.656083 0.75358 -0.0408904
    outer loop
      vertex 0.782339 -1.68709 2.02714
      vertex 0.584198 -1.83491 2.48208
      vertex 1.18199 -1.3195 2.38919
    endloop
  endfacet
  facet normal -0.399254 0.916518 -0.024306
    outer loop
      vertex 1.8235 -1.03525 2.57035
      vertex 1.42385 -1.2221 2.08942
      vertex 1.67147 -1.09648 2.75879
    endloop
  endfacet
  facet normal -0.571072 0.763035 0.302744
    outer loop
      vertex 1.03822 -1.86161 4
      vertex 0.978096 -1.55464 3.1129
      vertex 1.02713 -1.86991 4
    endloop
  endfacet
  facet normal -0.640471 0.711787 0.288367
    outer loop
      vertex 1.02713 -1.86991 4
      vertex 0.978096 -1.55464 3.1129
      vertex 1.01675 -1.87925 4
    endloop
  endfacet
  facet normal -0.258708 0.90905 0.326647
    outer loop
      vertex 2.17368 -1.08365 3.26593
      vertex 1.62272 -1.50422 4
      vertex 2.24108 -1.32824 4
    endloop
  endfacet
  facet normal -0.258707 0.90905 0.326647
    outer loop
      vertex 1.62272 -1.50422 4
      vertex 2.17368 -1.08365 3.26593
      vertex 1.54329 -1.2443 3.21374
    endloop
  endfacet
  facet normal -0.17266 0.93003 0.324396
    outer loop
      vertex 2.26312 -1.32309 4
      vertex 2.17368 -1.08365 3.26593
      vertex 2.25197 -1.32516 4
    endloop
  endfacet
  facet normal -0.971807 -0.227773 0.0609193
    outer loop
      vertex 0.0525961 -130.199 4
      vertex 0.0213871 -130.494 2.39916
      vertex 0.0633776 -130.245 4
    endloop
  endfacet
  facet normal -0.498591 -0.841939 -0.206264
    outer loop
      vertex 1.57589 -132.457 2.02176
      vertex 0.978096 -132.07 1.8871
      vertex 1.54329 -132.38 1.78626
    endloop
  endfacet
  facet normal -0.953019 -0.294315 0.0716549
    outer loop
      vertex 0.105844 -130.692 3.00928
      vertex 0.288113 -131.041 4
      vertex 0.12876 -130.525 4
    endloop
  endfacet
  facet normal -0.953033 -0.294262 0.071676
    outer loop
      vertex 0.288113 -131.041 4
      vertex 0.105844 -130.692 3.00928
      vertex 0.269002 -131.278 2.7729
    endloop
  endfacet
  facet normal 0 0.951102 0.308878
    outer loop
      vertex 2.29703 -1.32204 4
      vertex 2.1848 -1.05756 3.18561
      vertex 2.29679 -1.32204 4
    endloop
  endfacet
  facet normal 0.499018 0.842297 0.203758
    outer loop
      vertex 177.022 -1.55464 3.1129
      vertex 176.424 -1.16778 2.97824
      vertex 176.457 -1.2443 3.21374
    endloop
  endfacet
  facet normal 0.258436 0.928805 0.265579
    outer loop
      vertex 176.424 -1.16778 2.97824
      vertex 175.826 -1.08365 3.26593
      vertex 176.457 -1.2443 3.21374
    endloop
  endfacet
  facet normal 0.034243 0.998044 0.0523049
    outer loop
      vertex 175.584 -0.986253 2.96616
      vertex 175.5 -0.948661 2.30385
      vertex 175.5 -0.982817 2.95559
    endloop
  endfacet
  facet normal 0.271422 0.872423 -0.406457
    outer loop
      vertex 176.492 -1.46275 1.3367
      vertex 176.013 -1.40152 1.14826
      vertex 176.261 -1.14736 1.8594
    endloop
  endfacet
  facet normal 0.331679 0.7205 -0.60899
    outer loop
      vertex 176.098 -1.84165 0.673834
      vertex 176.013 -1.40152 1.14826
      vertex 176.492 -1.46275 1.3367
    endloop
  endfacet
  facet normal 0.924214 0.118009 -0.363184
    outer loop
      vertex 177.894 -2.93237 1.99072
      vertex 177.647 -3.36833 1.22051
      vertex 177.647 -2.74764 1.42219
    endloop
  endfacet
  facet normal 0.924216 0.118002 -0.363181
    outer loop
      vertex 177.647 -3.36833 1.22051
      vertex 177.894 -2.93237 1.99072
      vertex 177.894 -3.55306 1.78905
    endloop
  endfacet
  facet normal 0.369917 0.51989 -0.769984
    outer loop
      vertex 176.739 -2.46729 0.559355
      vertex 176.098 -1.84165 0.673834
      vertex 176.655 -1.91296 0.893281
    endloop
  endfacet
  facet normal 0.322775 0.888371 0.326517
    outer loop
      vertex 176.457 -1.2443 3.21374
      vertex 176.377 -1.50422 4
      vertex 176.389 -1.50858 4
    endloop
  endfacet
  facet normal 0.258859 0.909052 0.32652
    outer loop
      vertex 176.377 -1.50422 4
      vertex 175.826 -1.08365 3.26593
      vertex 175.759 -1.32824 4
    endloop
  endfacet
  facet normal 0.258473 0.909057 0.326813
    outer loop
      vertex 175.826 -1.08365 3.26593
      vertex 176.377 -1.50422 4
      vertex 176.457 -1.2443 3.21374
    endloop
  endfacet
  facet normal 0 0.951101 0.30888
    outer loop
      vertex 175.783 -1.03324 3.11076
      vertex 175.659 -1.32203 4
      vertex 175.66 -1.32203 4
    endloop
  endfacet
  facet normal -0.984586 0.15854 0.0738622
    outer loop
      vertex 0.0270056 -3.74757 4
      vertex 0.0213871 -3.13061 2.60084
      vertex 0.0231314 -3.77163 4
    endloop
  endfacet
  facet normal -0.766745 -0.0623151 -0.63892
    outer loop
      vertex 0.866796 -130.589 0.651091
      vertex 0.353458 -130.111 1.22051
      vertex 0.747356 -129.952 0.732299
    endloop
  endfacet
  facet normal -0.916821 0 -0.399299
    outer loop
      vertex 0.353458 -130.111 1.22051
      vertex 0.105844 -3.55306 1.78905
      vertex 0.353458 -3.36833 1.22051
    endloop
  endfacet
  facet normal -0.916821 -0 -0.399299
    outer loop
      vertex 0.105844 -3.55306 1.78905
      vertex 0.353458 -130.111 1.22051
      vertex 0.105844 -130.296 1.78905
    endloop
  endfacet
  facet normal -0.23513 -0.959331 -0.1562
    outer loop
      vertex 2.61652 -133.046 4
      vertex 1.67147 -132.528 2.24121
      vertex 2.6206 -133.047 4
    endloop
  endfacet
  facet normal -0.294268 -0.948021 -0.121093
    outer loop
      vertex 2.47799 -133.003 4
      vertex 1.67147 -132.528 2.24121
      vertex 2.61652 -133.046 4
    endloop
  endfacet
  facet normal -0.193954 -0.678282 -0.708742
    outer loop
      vertex 2.25239 -132.095 0.907383
      vertex 2.02165 -132.124 0.998281
      vertex 2.1061 -131.616 0.489003
    endloop
  endfacet
  facet normal -0.0342301 -0.838492 -0.543838
    outer loop
      vertex 2.5 -132.44 1.42372
      vertex 2.25239 -132.095 0.907383
      vertex 2.5 -132.085 0.87638
    endloop
  endfacet
  facet normal -0.24015 -0.949367 -0.202559
    outer loop
      vertex 1.67147 -132.528 2.24121
      vertex 1.57589 -132.457 2.02176
      vertex 2.2174 -132.591 1.88924
    endloop
  endfacet
  facet normal -0.828276 -0.554094 0.0833018
    outer loop
      vertex 0.697799 -131.737 4
      vertex 0.584198 -131.79 2.51792
      vertex 0.746634 -131.81 4
    endloop
  endfacet
  facet normal -0.774268 -0.628386 0.0751011
    outer loop
      vertex 0.762041 -131.832 4
      vertex 0.584198 -131.79 2.51792
      vertex 0.817229 -131.9 4
    endloop
  endfacet
  facet normal -0.100621 -0.843539 -0.527557
    outer loop
      vertex 2.33684 -132.454 1.4653
      vertex 2.25239 -132.095 0.907383
      vertex 2.41554 -132.444 1.4343
    endloop
  endfacet
  facet normal -0.802065 -0.369945 -0.468862
    outer loop
      vertex 0.584198 -131.472 1.54149
      vertex 0.499742 -130.737 1.10603
      vertex 0.782339 -131.325 1.08655
    endloop
  endfacet
  facet normal -0.688533 -0.309128 -0.65602
    outer loop
      vertex 1.09754 -131.198 0.695883
      vertex 0.782339 -131.325 1.08655
      vertex 0.866796 -130.589 0.651091
    endloop
  endfacet
  facet normal -0.243862 -0.887582 -0.390807
    outer loop
      vertex 2.1848 -132.515 1.65374
      vertex 1.67147 -132.232 1.33132
      vertex 2.2174 -132.491 1.57889
    endloop
  endfacet
  facet normal -0.258856 -0.907908 -0.329691
    outer loop
      vertex 2.17368 -132.541 1.73407
      vertex 1.57589 -132.304 1.55077
      vertex 2.1848 -132.515 1.65374
    endloop
  endfacet
  facet normal 0.876722 -0.473152 0.0865185
    outer loop
      vertex 177.652 -131.2 4
      vertex 177.618 -131.263 4
      vertex 177.731 -131.278 2.7729
    endloop
  endfacet
  facet normal 0 -0.45368 -0.891165
    outer loop
      vertex 2.5 -131.6 0.439684
      vertex 175.5 -131.018 0.143396
      vertex 175.5 -131.6 0.439684
    endloop
  endfacet
  facet normal -0 -0.45368 -0.891165
    outer loop
      vertex 175.5 -131.018 0.143396
      vertex 2.5 -131.6 0.439684
      vertex 2.5 -131.018 0.143396
    endloop
  endfacet
  facet normal 0.703936 -0.69832 -0.129706
    outer loop
      vertex 177.416 -131.79 2.51792
      vertex 176.97 -132.192 2.26172
      vertex 177.022 -132.07 1.8871
    endloop
  endfacet
  facet normal 0.655693 -0.753888 0.0414677
    outer loop
      vertex 177.416 -131.79 2.51792
      vertex 176.818 -132.305 2.61081
      vertex 176.97 -132.192 2.26172
    endloop
  endfacet
  facet normal 0.775301 -0.627082 0.0753442
    outer loop
      vertex 177.238 -131.832 4
      vertex 177.183 -131.9 4
      vertex 177.416 -131.79 2.51792
    endloop
  endfacet
  facet normal 0.366556 -5.87267e-09 -0.930396
    outer loop
      vertex 176.098 -130.404 0.082556
      vertex 176.098 -3.66142 0.0825552
      vertex 176.655 -130.475 0.302002
    endloop
  endfacet
  facet normal 0.192326 -0.678734 -0.708753
    outer loop
      vertex 175.978 -132.124 0.998281
      vertex 175.894 -131.616 0.489003
      vertex 176.261 -131.663 0.633601
    endloop
  endfacet
  facet normal 0.658975 -0.750925 0.0431638
    outer loop
      vertex 177.218 -131.938 2.97286
      vertex 177.104 -131.979 4
      vertex 177.006 -132.065 4
    endloop
  endfacet
  facet normal 0.660105 -0.749923 0.0433292
    outer loop
      vertex 177.104 -131.979 4
      vertex 177.218 -131.938 2.97286
      vertex 177.416 -131.79 2.51792
    endloop
  endfacet
  facet normal 0.766537 -0.0629255 -0.63911
    outer loop
      vertex 177.647 -130.111 1.22051
      vertex 177.133 -130.589 0.651091
      vertex 177.253 -129.952 0.732299
    endloop
  endfacet
  facet normal 0.8018 0.574997 -0.162773
    outer loop
      vertex 177.5 -2.1742 1.69731
      vertex 177.416 -1.83491 2.48208
      vertex 177.731 -2.34634 2.2271
    endloop
  endfacet
  facet normal 0 -0.838983 -0.544157
    outer loop
      vertex 2.5 -132.085 0.87638
      vertex 175.5 -132.44 1.42372
      vertex 2.5 -132.44 1.42372
    endloop
  endfacet
  facet normal 0 -0.838983 -0.544157
    outer loop
      vertex 175.5 -132.44 1.42372
      vertex 2.5 -132.085 0.87638
      vertex 175.5 -132.085 0.87638
    endloop
  endfacet
  facet normal -0.259168 -0.928033 -0.267557
    outer loop
      vertex 1.57589 -132.457 2.02176
      vertex 1.54329 -132.38 1.78626
      vertex 2.17368 -132.541 1.73407
    endloop
  endfacet
  facet normal 0.498836 0.842245 0.204417
    outer loop
      vertex 176.97 -1.43292 2.73828
      vertex 176.424 -1.16778 2.97824
      vertex 177.022 -1.55464 3.1129
    endloop
  endfacet
  facet normal 0.241857 0.948459 0.204771
    outer loop
      vertex 176.329 -1.09648 2.75879
      vertex 175.783 -1.03324 3.11076
      vertex 175.815 -1.05756 3.18561
    endloop
  endfacet
  facet normal 0.802238 0.574464 -0.162496
    outer loop
      vertex 177.5 -2.1742 1.69731
      vertex 177.218 -1.68709 2.02714
      vertex 177.416 -1.83491 2.48208
    endloop
  endfacet
  facet normal 0.688815 0.635259 -0.349257
    outer loop
      vertex 177.5 -2.1742 1.69731
      vertex 177.133 -2.02638 1.24237
      vertex 177.218 -1.68709 2.02714
    endloop
  endfacet
  facet normal 0.306378 0.945247 -0.112431
    outer loop
      vertex 176.261 -1.14736 1.8594
      vertex 175.978 -0.988269 2.42575
      vertex 176.576 -1.2221 2.08942
    endloop
  endfacet
  facet normal 0.306385 0.945246 -0.112418
    outer loop
      vertex 176.576 -1.2221 2.08942
      vertex 175.978 -0.988269 2.42575
      vertex 176.176 -1.03525 2.57035
    endloop
  endfacet
  facet normal 0.997768 -0.0633503 0.0211321
    outer loop
      vertex 177.979 -129.96 4
      vertex 177.975 -130.023 4
      vertex 177.979 -130.494 2.39916
    endloop
  endfacet
  facet normal 0.687752 -0.30918 -0.656814
    outer loop
      vertex 177.218 -131.325 1.08655
      vertex 176.902 -131.198 0.695883
      vertex 177.133 -130.589 0.651091
    endloop
  endfacet
  facet normal -0.0926884 0.887174 -0.45203
    outer loop
      vertex 2.5 -1.38064 1.08398
      vertex 1.98666 -1.40152 1.14826
      vertex 2.1061 -1.10038 1.7148
    endloop
  endfacet
  facet normal -0.113281 0.738363 -0.664821
    outer loop
      vertex 2.5 -1.81733 0.598984
      vertex 1.98666 -1.40152 1.14826
      vertex 2.5 -1.38064 1.08398
    endloop
  endfacet
  facet normal 0.983583 0.163522 0.0763228
    outer loop
      vertex 177.979 -3.13061 2.60084
      vertex 177.973 -3.74757 4
      vertex 177.977 -3.77163 4
    endloop
  endfacet
  facet normal -0.258638 0.928671 0.265849
    outer loop
      vertex 2.1848 -1.05756 3.18561
      vertex 1.57589 -1.16778 2.97824
      vertex 2.17368 -1.08365 3.26593
    endloop
  endfacet
  facet normal 3.57553e-05 0.951098 0.30889
    outer loop
      vertex 175.5 -0.982817 2.95559
      vertex 175.438 -1.32201 4
      vertex 175.584 -0.986253 2.96616
    endloop
  endfacet
  facet normal 0.000113226 0.951096 0.308894
    outer loop
      vertex 175.438 -1.32201 4
      vertex 175.5 -0.982817 2.95559
      vertex 175.354 -1.322 4
    endloop
  endfacet
  facet normal -0.0867241 0.943958 0.318468
    outer loop
      vertex 2.27444 -1.32205 4
      vertex 2.17368 -1.08365 3.26593
      vertex 2.26312 -1.32309 4
    endloop
  endfacet
  facet normal -0.688531 0.635732 -0.348954
    outer loop
      vertex 0.866796 -2.02638 1.24237
      vertex 0.782339 -1.68709 2.02714
      vertex 1.09754 -1.56015 1.63647
    endloop
  endfacet
  facet normal -0.0998436 0.992603 0.0690685
    outer loop
      vertex 2.25239 -0.958735 2.33486
      vertex 2.02165 -0.988269 2.42575
      vertex 2.33684 -0.996326 2.99717
    endloop
  endfacet
  facet normal -0.158817 0.982082 0.101449
    outer loop
      vertex 2.02165 -0.988269 2.42575
      vertex 1.8235 -1.03525 2.57035
      vertex 2.33684 -0.996326 2.99717
    endloop
  endfacet
  facet normal -0.192574 0.965528 -0.175131
    outer loop
      vertex 2.1061 -1.10038 1.7148
      vertex 1.73905 -1.14736 1.8594
      vertex 2.02165 -0.988269 2.42575
    endloop
  endfacet
  facet normal -0.271756 0.872348 -0.406397
    outer loop
      vertex 1.98666 -1.40152 1.14826
      vertex 1.73905 -1.14736 1.8594
      vertex 2.1061 -1.10038 1.7148
    endloop
  endfacet
  facet normal -0.498918 0.842159 0.204572
    outer loop
      vertex 1.02995 -1.43292 2.73828
      vertex 0.978096 -1.55464 3.1129
      vertex 1.57589 -1.16778 2.97824
    endloop
  endfacet
  facet normal -0.498917 0.842159 0.204574
    outer loop
      vertex 1.57589 -1.16778 2.97824
      vertex 0.978096 -1.55464 3.1129
      vertex 1.54329 -1.2443 3.21374
    endloop
  endfacet
  facet normal -0.817484 0.529352 0.226951
    outer loop
      vertex 0.547168 -2.38783 4
      vertex 0.516616 -1.99354 2.97029
      vertex 0.538096 -2.40184 4
    endloop
  endfacet
  facet normal -0.528329 0.685237 -0.501317
    outer loop
      vertex 1.50831 -1.46275 1.3367
      vertex 0.866796 -2.02638 1.24237
      vertex 1.09754 -1.56015 1.63647
    endloop
  endfacet
  facet normal -0.70407 0.698239 0.129413
    outer loop
      vertex 1.02995 -1.43292 2.73828
      vertex 0.584198 -1.83491 2.48208
      vertex 0.978096 -1.55464 3.1129
    endloop
  endfacet
  facet normal -0.33979 0.882207 0.325965
    outer loop
      vertex 1.62272 -1.50422 4
      vertex 1.54329 -1.2443 3.21374
      vertex 1.6114 -1.50858 4
    endloop
  endfacet
  facet normal 0 0.951099 0.308887
    outer loop
      vertex 175.731 -1.01235 3.04649
      vertex 175.598 -1.32202 4
      vertex 175.599 -1.32202 4
    endloop
  endfacet
  facet normal 0 0.9511 0.308884
    outer loop
      vertex 175.826 -1.08365 3.26593
      vertex 175.725 -1.32205 4
      vertex 175.726 -1.32205 4
    endloop
  endfacet
  facet normal 0.000128526 0.951093 0.308903
    outer loop
      vertex 175.731 -1.01235 3.04649
      vertex 175.524 -1.32201 4
      vertex 175.598 -1.32202 4
    endloop
  endfacet
  facet normal 8.38083e-05 0.951096 0.308894
    outer loop
      vertex 175.524 -1.32201 4
      vertex 175.731 -1.01235 3.04649
      vertex 175.663 -0.996326 2.99717
    endloop
  endfacet
  facet normal -0.257224 0.90947 0.32665
    outer loop
      vertex 2.25197 -1.32516 4
      vertex 2.17368 -1.08365 3.26593
      vertex 2.24108 -1.32824 4
    endloop
  endfacet
  facet normal -0.91781 -0.388109 0.0836409
    outer loop
      vertex 0.308519 -131.107 4
      vertex 0.269002 -131.278 2.7729
      vertex 0.336428 -131.173 4
    endloop
  endfacet
  facet normal 0 0.951099 0.308886
    outer loop
      vertex 2.56083 -1.32201 4
      vertex 2.41554 -0.986253 2.96616
      vertex 2.56012 -1.32201 4
    endloop
  endfacet
  facet normal 0 0.951102 0.308878
    outer loop
      vertex 175.815 -1.05756 3.18561
      vertex 175.703 -1.32204 4
      vertex 175.704 -1.32204 4
    endloop
  endfacet
  facet normal 0.000452896 0.951081 0.30894
    outer loop
      vertex 175.826 -1.08365 3.26593
      vertex 175.704 -1.32204 4
      vertex 175.725 -1.32205 4
    endloop
  endfacet
  facet normal 0.00023421 0.951092 0.308907
    outer loop
      vertex 175.704 -1.32204 4
      vertex 175.826 -1.08365 3.26593
      vertex 175.815 -1.05756 3.18561
    endloop
  endfacet
  facet normal 0.450289 0.833868 0.319225
    outer loop
      vertex 176.457 -1.2443 3.21374
      vertex 176.389 -1.50858 4
      vertex 176.399 -1.51398 4
    endloop
  endfacet
  facet normal -0.996132 0.0794029 0.03762
    outer loop
      vertex 0.0213871 -3.13061 2.60084
      vertex 0.0211721 -3.79621 4
      vertex 0.0231314 -3.77163 4
    endloop
  endfacet
  facet normal -0.892908 0.358476 -0.272414
    outer loop
      vertex 0.353458 -2.74764 1.42219
      vertex 0.105844 -2.93237 1.99072
      vertex 0.499742 -2.1742 1.69731
    endloop
  endfacet
  facet normal -0.766758 0.425995 -0.480219
    outer loop
      vertex 0.866796 -2.02638 1.24237
      vertex 0.353458 -2.74764 1.42219
      vertex 0.499742 -2.1742 1.69731
    endloop
  endfacet
  facet normal -0.656379 -0.585956 -0.475208
    outer loop
      vertex 1.18199 -131.835 1.16339
      vertex 0.584198 -131.472 1.54149
      vertex 0.782339 -131.325 1.08655
    endloop
  endfacet
  facet normal -0.218069 -0.961694 -0.166105
    outer loop
      vertex 2.2174 -132.591 1.88924
      vertex 2.6206 -133.047 4
      vertex 1.67147 -132.528 2.24121
    endloop
  endfacet
  facet normal -0.218221 -0.961666 -0.166069
    outer loop
      vertex 2.6206 -133.047 4
      vertex 2.2174 -132.591 1.88924
      vertex 3.27722 -133.196 4
    endloop
  endfacet
  facet normal -0.655834 -0.753755 0.0416475
    outer loop
      vertex 1.18199 -132.305 2.61081
      vertex 0.584198 -131.79 2.51792
      vertex 1.02995 -132.192 2.26172
    endloop
  endfacet
  facet normal -0.464386 -0.881734 -0.0830122
    outer loop
      vertex 1.67147 -132.528 2.24121
      vertex 1.18199 -132.305 2.61081
      vertex 1.57589 -132.457 2.02176
    endloop
  endfacet
  facet normal -0.971957 -0.227155 0.0608271
    outer loop
      vertex 0.105844 -130.692 3.00928
      vertex 0.0633776 -130.245 4
      vertex 0.0213871 -130.494 2.39916
    endloop
  endfacet
  facet normal -0.972005 -0.226972 0.0607424
    outer loop
      vertex 0.0633776 -130.245 4
      vertex 0.105844 -130.692 3.00928
      vertex 0.12876 -130.525 4
    endloop
  endfacet
  facet normal -0.958191 -0.283215 0.0407285
    outer loop
      vertex 0.105844 -130.692 3.00928
      vertex 0.0213871 -130.494 2.39916
      vertex 0.269002 -131.278 2.7729
    endloop
  endfacet
  facet normal -0.958218 -0.283081 0.0410276
    outer loop
      vertex 0.269002 -131.278 2.7729
      vertex 0.0213871 -130.494 2.39916
      vertex 0.190301 -131.094 2.20436
    endloop
  endfacet
  facet normal -0.892918 -0.129909 -0.431069
    outer loop
      vertex 0.269002 -130.909 1.63582
      vertex 0.105844 -130.296 1.78905
      vertex 0.499742 -130.737 1.10603
    endloop
  endfacet
  facet normal -0.442391 -0.895669 -0.0454749
    outer loop
      vertex 1.67147 -132.528 2.24121
      vertex 1.764 -132.663 4
      vertex 1.18199 -132.305 2.61081
    endloop
  endfacet
  facet normal -0.441293 -0.896205 -0.0455739
    outer loop
      vertex 1.764 -132.663 4
      vertex 1.67147 -132.528 2.24121
      vertex 2.35295 -132.953 4
    endloop
  endfacet
  facet normal -0.259158 -0.908092 -0.328946
    outer loop
      vertex 2.17368 -132.541 1.73407
      vertex 1.54329 -132.38 1.78626
      vertex 1.57589 -132.304 1.55077
    endloop
  endfacet
  facet normal -0.655043 -0.754449 0.0415482
    outer loop
      vertex 1.43826 -132.451 4
      vertex 1.18199 -132.305 2.61081
      vertex 1.50391 -132.508 4
    endloop
  endfacet
  facet normal 0.258931 -0.928201 -0.267205
    outer loop
      vertex 176.424 -132.457 2.02176
      vertex 175.826 -132.541 1.73407
      vertex 176.457 -132.38 1.78626
    endloop
  endfacet
  facet normal -0.433268 -0.495213 -0.753022
    outer loop
      vertex 1.73905 -131.663 0.633601
      vertex 1.42385 -131.737 0.863623
      vertex 1.50831 -131.1 0.396114
    endloop
  endfacet
  facet normal -0.30711 -0.699079 -0.645734
    outer loop
      vertex 2.02165 -132.124 0.998281
      vertex 1.42385 -131.737 0.863623
      vertex 1.73905 -131.663 0.633601
    endloop
  endfacet
  facet normal 0 -0.951018 -0.309136
    outer loop
      vertex 4.12449 -133.278 4
      vertex 2.2174 -132.491 1.57889
      vertex 4.13482 -133.278 4
    endloop
  endfacet
  facet normal 0.910555 -0.404691 0.084345
    outer loop
      vertex 177.664 -131.173 4
      vertex 177.652 -131.2 4
      vertex 177.731 -131.278 2.7729
    endloop
  endfacet
  facet normal 0.113299 -0.206688 -0.971825
    outer loop
      vertex 175.5 -131.018 0.143396
      vertex 175.5 -130.38 0.00770595
      vertex 176.013 -131.039 0.20767
    endloop
  endfacet
  facet normal 0.441265 -0.896225 -0.0454589
    outer loop
      vertex 176.329 -132.528 2.24121
      vertex 176.236 -132.663 4
      vertex 175.647 -132.953 4
    endloop
  endfacet
  facet normal 0.442661 -0.895543 -0.0453328
    outer loop
      vertex 176.236 -132.663 4
      vertex 176.329 -132.528 2.24121
      vertex 176.818 -132.305 2.61081
    endloop
  endfacet
  facet normal 0.240404 -0.949202 -0.20303
    outer loop
      vertex 176.329 -132.528 2.24121
      vertex 175.783 -132.591 1.88924
      vertex 176.424 -132.457 2.02176
    endloop
  endfacet
  facet normal 0.958163 -0.204799 -0.199954
    outer loop
      vertex 177.979 -130.494 2.39916
      vertex 177.731 -130.909 1.63582
      vertex 177.894 -130.296 1.78905
    endloop
  endfacet
  facet normal 0.975498 -0.212065 0.0585787
    outer loop
      vertex 177.947 -130.199 4
      vertex 177.937 -130.245 4
      vertex 177.979 -130.494 2.39916
    endloop
  endfacet
  facet normal 0.958144 -0.204996 -0.199841
    outer loop
      vertex 177.81 -131.094 2.20436
      vertex 177.731 -130.909 1.63582
      vertex 177.979 -130.494 2.39916
    endloop
  endfacet
  facet normal 0.766622 -0.0631669 -0.638984
    outer loop
      vertex 177.5 -130.737 1.10603
      vertex 177.133 -130.589 0.651091
      vertex 177.647 -130.111 1.22051
    endloop
  endfacet
  facet normal 0.552493 0 -0.833517
    outer loop
      vertex 176.655 -3.73272 0.302002
      vertex 176.739 -129.831 0.357681
      vertex 176.655 -130.475 0.302002
    endloop
  endfacet
  facet normal 0.552493 0 -0.833517
    outer loop
      vertex 176.739 -129.831 0.357681
      vertex 176.655 -3.73272 0.302002
      vertex 176.739 -3.08798 0.357681
    endloop
  endfacet
  facet normal 0.113347 -0.206651 -0.971827
    outer loop
      vertex 176.013 -131.039 0.20767
      vertex 175.5 -130.38 0.00770595
      vertex 176.098 -130.404 0.082556
    endloop
  endfacet
  facet normal 0.124198 -6.26314e-09 -0.992257
    outer loop
      vertex 176.098 -130.404 0.082556
      vertex 175.5 -130.38 0.00770595
      vertex 176.098 -3.66142 0.0825552
    endloop
  endfacet
  facet normal 0.990434 0 -0.137986
    outer loop
      vertex 177.979 -3.7513 2.39916
      vertex 177.894 -130.296 1.78905
      vertex 177.894 -3.55306 1.78905
    endloop
  endfacet
  facet normal 0.990434 0 -0.137986
    outer loop
      vertex 177.894 -130.296 1.78905
      vertex 177.979 -3.7513 2.39916
      vertex 177.979 -130.494 2.39916
    endloop
  endfacet
  facet normal 0.793279 0.188147 -0.579059
    outer loop
      vertex 177.647 -2.74764 1.42219
      vertex 177.253 -3.2097 0.732299
      vertex 177.253 -2.58901 0.933973
    endloop
  endfacet
  facet normal 0.793276 0.188154 -0.579061
    outer loop
      vertex 177.253 -3.2097 0.732299
      vertex 177.647 -2.74764 1.42219
      vertex 177.647 -3.36833 1.22051
    endloop
  endfacet
  facet normal 0.859962 0.50831 0.0456663
    outer loop
      vertex 177.731 -2.34634 2.2271
      vertex 177.483 -1.99354 2.97029
      vertex 177.81 -2.53107 2.79564
    endloop
  endfacet
  facet normal 0.958156 0.283228 -0.041461
    outer loop
      vertex 177.894 -2.93237 1.99072
      vertex 177.731 -2.34634 2.2271
      vertex 177.979 -3.13061 2.60084
    endloop
  endfacet
  facet normal 0.498713 -0.802015 -0.328722
    outer loop
      vertex 176.457 -132.38 1.78626
      vertex 176.424 -132.304 1.55077
      vertex 177.022 -132.07 1.8871
    endloop
  endfacet
  facet normal -0 -0.951018 -0.309136
    outer loop
      vertex 173.508 -133.278 4
      vertex 173.498 -133.278 4
      vertex 175.584 -132.444 1.4343
    endloop
  endfacet
  facet normal 0.142485 -0.966864 -0.211828
    outer loop
      vertex 174.551 -133.235 4
      vertex 174.361 -133.263 4
      vertex 175.783 -132.591 1.88924
    endloop
  endfacet
  facet normal 0 -0.95101 -0.309162
    outer loop
      vertex 4.36973 -133.278 4
      vertex 2.33684 -132.454 1.4653
      vertex 4.38127 -133.278 4
    endloop
  endfacet
  facet normal 0.258146 -0.92895 -0.265352
    outer loop
      vertex 176.424 -132.457 2.02176
      vertex 175.815 -132.567 1.81439
      vertex 175.826 -132.541 1.73407
    endloop
  endfacet
  facet normal 0 -0.950947 -0.309352
    outer loop
      vertex 2.1848 -132.567 1.81439
      vertex 3.92271 -133.278 4
      vertex 3.8784 -133.278 4
    endloop
  endfacet
  facet normal -0.00232464 -0.951487 -0.30768
    outer loop
      vertex 3.92271 -133.278 4
      vertex 2.1848 -132.567 1.81439
      vertex 2.17368 -132.541 1.73407
    endloop
  endfacet
  facet normal 0 -0.950963 -0.309303
    outer loop
      vertex 3.92271 -133.278 4
      vertex 2.17368 -132.541 1.73407
      vertex 3.92757 -133.278 4
    endloop
  endfacet
  facet normal 0 -0.951018 -0.309136
    outer loop
      vertex 4.4804 -133.278 4
      vertex 2.41554 -132.444 1.4343
      vertex 4.49156 -133.278 4
    endloop
  endfacet
  facet normal -0.000302129 -0.951077 -0.308955
    outer loop
      vertex 2.33684 -132.454 1.4653
      vertex 4.25575 -133.278 4
      vertex 2.26926 -132.47 1.51462
    endloop
  endfacet
  facet normal 0 -0.95101 -0.309162
    outer loop
      vertex 4.25575 -133.278 4
      vertex 2.33684 -132.454 1.4653
      vertex 4.34648 -133.278 4
    endloop
  endfacet
  facet normal -0.428116 -0.902254 -0.051521
    outer loop
      vertex 1.66392 -132.613 4
      vertex 1.18199 -132.305 2.61081
      vertex 1.67235 -132.617 4
    endloop
  endfacet
  facet normal -0.514774 -0.857249 -0.0114801
    outer loop
      vertex 1.57899 -132.562 4
      vertex 1.18199 -132.305 2.61081
      vertex 1.66392 -132.613 4
    endloop
  endfacet
  facet normal 0.863436 0.462658 0.201062
    outer loop
      vertex 177.483 -1.99354 2.97029
      vertex 177.462 -2.40184 4
      vertex 177.47 -2.41677 4
    endloop
  endfacet
  facet normal 0.819682 0.526562 0.225509
    outer loop
      vertex 177.483 -1.99354 2.97029
      vertex 177.453 -2.38783 4
      vertex 177.462 -2.40184 4
    endloop
  endfacet
  facet normal 0.399362 0.916463 -0.0246257
    outer loop
      vertex 176.576 -1.2221 2.08942
      vertex 176.329 -1.09648 2.75879
      vertex 176.818 -1.3195 2.38919
    endloop
  endfacet
  facet normal 0.398045 0.917019 -0.0252162
    outer loop
      vertex 176.576 -1.2221 2.08942
      vertex 176.176 -1.03525 2.57035
      vertex 176.329 -1.09648 2.75879
    endloop
  endfacet
  facet normal 0.655942 0.753711 -0.0407267
    outer loop
      vertex 177.416 -1.83491 2.48208
      vertex 176.818 -1.3195 2.38919
      vertex 176.97 -1.43292 2.73828
    endloop
  endfacet
  facet normal 0.464892 0.881379 0.0839395
    outer loop
      vertex 176.818 -1.3195 2.38919
      vertex 176.424 -1.16778 2.97824
      vertex 176.97 -1.43292 2.73828
    endloop
  endfacet
  facet normal 0.971504 -0.228997 0.0611547
    outer loop
      vertex 177.894 -130.692 3.00928
      vertex 177.937 -130.245 4
      vertex 177.871 -130.525 4
    endloop
  endfacet
  facet normal 0.971544 -0.228848 0.0610854
    outer loop
      vertex 177.937 -130.245 4
      vertex 177.894 -130.692 3.00928
      vertex 177.979 -130.494 2.39916
    endloop
  endfacet
  facet normal 0.498816 -0.842114 -0.205006
    outer loop
      vertex 176.97 -132.192 2.26172
      vertex 176.424 -132.457 2.02176
      vertex 177.022 -132.07 1.8871
    endloop
  endfacet
  facet normal 0.823378 -0.561394 0.0829798
    outer loop
      vertex 177.253 -131.81 4
      vertex 177.238 -131.832 4
      vertex 177.416 -131.79 2.51792
    endloop
  endfacet
  facet normal 0.218422 -0.961642 -0.165943
    outer loop
      vertex 175.783 -132.591 1.88924
      vertex 175.379 -133.047 4
      vertex 174.723 -133.196 4
    endloop
  endfacet
  facet normal 0.218003 -0.96172 -0.16604
    outer loop
      vertex 175.379 -133.047 4
      vertex 175.783 -132.591 1.88924
      vertex 176.329 -132.528 2.24121
    endloop
  endfacet
  facet normal 0.995965 0.0810387 0.0385512
    outer loop
      vertex 177.979 -3.13061 2.60084
      vertex 177.977 -3.77163 4
      vertex 177.979 -3.79621 4
    endloop
  endfacet
  facet normal 0.976321 -0.208428 0.0579249
    outer loop
      vertex 177.966 -130.11 4
      vertex 177.947 -130.199 4
      vertex 177.979 -130.494 2.39916
    endloop
  endfacet
  facet normal 0.994158 -0.102844 0.0327429
    outer loop
      vertex 177.975 -130.023 4
      vertex 177.966 -130.11 4
      vertex 177.979 -130.494 2.39916
    endloop
  endfacet
  facet normal -0.925482 0.345712 0.154812
    outer loop
      vertex 0.204089 -3.03348 4
      vertex 0.190301 -2.53107 2.79564
      vertex 0.20351 -3.03503 4
    endloop
  endfacet
  facet normal 0 0.951101 0.30888
    outer loop
      vertex 2.34042 -1.32203 4
      vertex 2.2174 -1.03324 3.11076
      vertex 2.34003 -1.32203 4
    endloop
  endfacet
  facet normal -0.58835 0.481128 -0.649892
    outer loop
      vertex 1.34515 -1.91296 0.893281
      vertex 0.747356 -2.58901 0.933973
      vertex 0.866796 -2.02638 1.24237
    endloop
  endfacet
  facet normal -0.923879 0.118259 -0.363955
    outer loop
      vertex 0.353458 -3.36833 1.22051
      vertex 0.105844 -2.93237 1.99072
      vertex 0.353458 -2.74764 1.42219
    endloop
  endfacet
  facet normal -0.923881 0.118252 -0.363952
    outer loop
      vertex 0.105844 -2.93237 1.99072
      vertex 0.353458 -3.36833 1.22051
      vertex 0.105844 -3.55306 1.78905
    endloop
  endfacet
  facet normal -0.306337 0.945231 -0.112675
    outer loop
      vertex 2.02165 -0.988269 2.42575
      vertex 1.42385 -1.2221 2.08942
      vertex 1.8235 -1.03525 2.57035
    endloop
  endfacet
  facet normal 0 0.9511 0.308884
    outer loop
      vertex 2.55875 -1.32201 4
      vertex 2.33684 -0.996326 2.99717
      vertex 2.47698 -1.32201 4
    endloop
  endfacet
  facet normal -2.26762e-05 0.951098 0.308888
    outer loop
      vertex 2.33684 -0.996326 2.99717
      vertex 2.55875 -1.32201 4
      vertex 2.41554 -0.986253 2.96616
    endloop
  endfacet
  facet normal 0.000158516 0.951095 0.3089
    outer loop
      vertex 175.783 -1.03324 3.11076
      vertex 175.599 -1.32202 4
      vertex 175.659 -1.32203 4
    endloop
  endfacet
  facet normal 0.000267524 0.951088 0.30892
    outer loop
      vertex 175.599 -1.32202 4
      vertex 175.783 -1.03324 3.11076
      vertex 175.731 -1.01235 3.04649
    endloop
  endfacet
  facet normal 0 0.951101 0.30888
    outer loop
      vertex 2.34003 -1.32203 4
      vertex 2.2174 -1.03324 3.11076
      vertex 2.33968 -1.32203 4
    endloop
  endfacet
  facet normal 0 0.9511 0.308884
    outer loop
      vertex 2.27448 -1.32205 4
      vertex 2.17368 -1.08365 3.26593
      vertex 2.27444 -1.32205 4
    endloop
  endfacet
  facet normal -0.656084 0.753578 -0.0409067
    outer loop
      vertex 1.18199 -1.3195 2.38919
      vertex 0.584198 -1.83491 2.48208
      vertex 1.02995 -1.43292 2.73828
    endloop
  endfacet
  facet normal -0.464913 0.881375 0.0838757
    outer loop
      vertex 1.18199 -1.3195 2.38919
      vertex 1.02995 -1.43292 2.73828
      vertex 1.57589 -1.16778 2.97824
    endloop
  endfacet
  facet normal -0.801811 0.575101 -0.162351
    outer loop
      vertex 0.782339 -1.68709 2.02714
      vertex 0.499742 -2.1742 1.69731
      vertex 0.584198 -1.83491 2.48208
    endloop
  endfacet
  facet normal -0.801811 0.575101 -0.162351
    outer loop
      vertex 0.499742 -2.1742 1.69731
      vertex 0.269002 -2.34634 2.2271
      vertex 0.584198 -1.83491 2.48208
    endloop
  endfacet
  facet normal 0 0.951102 0.308878
    outer loop
      vertex 2.29661 -1.32204 4
      vertex 2.1848 -1.05756 3.18561
      vertex 2.29646 -1.32204 4
    endloop
  endfacet
  facet normal 0 0.951099 0.308886
    outer loop
      vertex 175.584 -0.986253 2.96616
      vertex 175.439 -1.32201 4
      vertex 175.44 -1.32201 4
    endloop
  endfacet
  facet normal 0 0.951101 0.30888
    outer loop
      vertex 2.34084 -1.32203 4
      vertex 2.2174 -1.03324 3.11076
      vertex 2.34042 -1.32203 4
    endloop
  endfacet
  facet normal -1 2.6746e-05 -0.000141017
    outer loop
      vertex 0.0213871 -3.7513 2.39916
      vertex 0.0209168 -12.8949 4
      vertex 0.0211407 -4.52354 4
    endloop
  endfacet
  facet normal -0.860255 -0.437695 -0.261506
    outer loop
      vertex 0.516616 -131.631 2.02971
      vertex 0.190301 -131.094 2.20436
      vertex 0.269002 -130.909 1.63582
    endloop
  endfacet
  facet normal -0.498611 -0.802382 -0.327979
    outer loop
      vertex 1.54329 -132.38 1.78626
      vertex 0.978096 -132.07 1.8871
      vertex 1.57589 -132.304 1.55077
    endloop
  endfacet
  facet normal 0 -0.950963 -0.309303
    outer loop
      vertex 3.93322 -133.278 4
      vertex 2.17368 -132.541 1.73407
      vertex 3.93961 -133.278 4
    endloop
  endfacet
  facet normal -0.101739 -0.843519 -0.527375
    outer loop
      vertex 2.33684 -132.454 1.4653
      vertex 2.02165 -132.124 0.998281
      vertex 2.25239 -132.095 0.907383
    endloop
  endfacet
  facet normal -0.399819 -0.727198 -0.557968
    outer loop
      vertex 1.67147 -132.232 1.33132
      vertex 1.42385 -131.737 0.863623
      vertex 1.8235 -132.171 1.14288
    endloop
  endfacet
  facet normal -0.499267 -0.80114 -0.330009
    outer loop
      vertex 1.57589 -132.304 1.55077
      vertex 0.978096 -132.07 1.8871
      vertex 1.02995 -131.948 1.51248
    endloop
  endfacet
  facet normal -0.801677 -0.370183 -0.469338
    outer loop
      vertex 0.584198 -131.472 1.54149
      vertex 0.269002 -130.909 1.63582
      vertex 0.499742 -130.737 1.10603
    endloop
  endfacet
  facet normal -0 -0.951006 -0.309173
    outer loop
      vertex 173.767 -133.278 4
      vertex 173.756 -133.278 4
      vertex 175.731 -132.47 1.51462
    endloop
  endfacet
  facet normal -0.463274 -0.762343 -0.451896
    outer loop
      vertex 1.57589 -132.304 1.55077
      vertex 1.18199 -131.835 1.16339
      vertex 1.67147 -132.232 1.33132
    endloop
  endfacet
  facet normal -0.240299 -0.886472 -0.395506
    outer loop
      vertex 2.1848 -132.515 1.65374
      vertex 1.57589 -132.304 1.55077
      vertex 1.67147 -132.232 1.33132
    endloop
  endfacet
  facet normal 0 -0.669131 -0.743145
    outer loop
      vertex 2.5 -132.085 0.87638
      vertex 175.5 -131.6 0.439684
      vertex 175.5 -132.085 0.87638
    endloop
  endfacet
  facet normal -0 -0.669131 -0.743145
    outer loop
      vertex 175.5 -131.6 0.439684
      vertex 2.5 -132.085 0.87638
      vertex 2.5 -131.6 0.439684
    endloop
  endfacet
  facet normal 0.528662 -0.259959 -0.808046
    outer loop
      vertex 176.902 -131.198 0.695883
      vertex 176.492 -131.1 0.396114
      vertex 177.133 -130.589 0.651091
    endloop
  endfacet
  facet normal 0.499186 -0.801119 -0.330186
    outer loop
      vertex 177.022 -132.07 1.8871
      vertex 176.424 -132.304 1.55077
      vertex 176.97 -131.948 1.51248
    endloop
  endfacet
  facet normal 0.859766 -0.438305 -0.262089
    outer loop
      vertex 177.81 -131.094 2.20436
      vertex 177.483 -131.631 2.02971
      vertex 177.731 -130.909 1.63582
    endloop
  endfacet
  facet normal 0.446798 -0.893596 -0.0430977
    outer loop
      vertex 176.336 -132.613 4
      vertex 176.328 -132.617 4
      vertex 176.818 -132.305 2.61081
    endloop
  endfacet
  facet normal 0.829172 -0.552781 0.0831131
    outer loop
      vertex 177.302 -131.737 4
      vertex 177.731 -131.278 2.7729
      vertex 177.618 -131.263 4
    endloop
  endfacet
  facet normal 0.829629 -0.552027 0.083555
    outer loop
      vertex 177.731 -131.278 2.7729
      vertex 177.302 -131.737 4
      vertex 177.416 -131.79 2.51792
    endloop
  endfacet
  facet normal 0.331861 -0.224513 -0.916222
    outer loop
      vertex 176.492 -131.1 0.396114
      vertex 176.013 -131.039 0.20767
      vertex 176.655 -130.475 0.302002
    endloop
  endfacet
  facet normal 0.588542 -0.00780884 -0.808429
    outer loop
      vertex 177.133 -130.589 0.651091
      vertex 176.655 -130.475 0.302002
      vertex 177.253 -129.952 0.732299
    endloop
  endfacet
  facet normal 0.587942 -0.00675423 -0.808875
    outer loop
      vertex 177.253 -129.952 0.732299
      vertex 176.655 -130.475 0.302002
      vertex 176.739 -129.831 0.357681
    endloop
  endfacet
  facet normal 0.271862 -0.466579 -0.841662
    outer loop
      vertex 176.261 -131.663 0.633601
      vertex 175.894 -131.616 0.489003
      vertex 176.492 -131.1 0.396114
    endloop
  endfacet
  facet normal 0.271753 -0.46647 -0.841758
    outer loop
      vertex 176.492 -131.1 0.396114
      vertex 175.894 -131.616 0.489003
      vertex 176.013 -131.039 0.20767
    endloop
  endfacet
  facet normal 0.958119 0.283414 -0.0410461
    outer loop
      vertex 177.979 -3.13061 2.60084
      vertex 177.731 -2.34634 2.2271
      vertex 177.81 -2.53107 2.79564
    endloop
  endfacet
  facet normal 0.398608 -0.727069 -0.559001
    outer loop
      vertex 176.329 -132.232 1.33132
      vertex 176.176 -132.171 1.14288
      vertex 176.576 -131.737 0.863623
    endloop
  endfacet
  facet normal 0.159028 -0.853543 -0.496159
    outer loop
      vertex 175.731 -132.47 1.51462
      vertex 175.663 -132.454 1.4653
      vertex 176.176 -132.171 1.14288
    endloop
  endfacet
  facet normal 0.498693 -0.842078 -0.205449
    outer loop
      vertex 177.022 -132.07 1.8871
      vertex 176.424 -132.457 2.02176
      vertex 176.457 -132.38 1.78626
    endloop
  endfacet
  facet normal 0 -0.951006 -0.309173
    outer loop
      vertex 4.22233 -133.278 4
      vertex 2.26926 -132.47 1.51462
      vertex 4.23322 -133.278 4
    endloop
  endfacet
  facet normal 0.398259 -0.727097 -0.559214
    outer loop
      vertex 176.818 -131.835 1.16339
      vertex 176.329 -132.232 1.33132
      vertex 176.576 -131.737 0.863623
    endloop
  endfacet
  facet normal 0.0701372 -0.963218 -0.259408
    outer loop
      vertex 174.361 -133.263 4
      vertex 174.155 -133.278 4
      vertex 175.783 -132.591 1.88924
    endloop
  endfacet
  facet normal 0 -0.950957 -0.309323
    outer loop
      vertex 4.59128 -133.278 4
      vertex 2.5 -132.44 1.42372
      vertex 4.60106 -133.278 4
    endloop
  endfacet
  facet normal -0.159482 -0.85383 -0.49552
    outer loop
      vertex 2.26926 -132.47 1.51462
      vertex 1.8235 -132.171 1.14288
      vertex 2.33684 -132.454 1.4653
    endloop
  endfacet
  facet normal 0 -0.950963 -0.309303
    outer loop
      vertex 2.17368 -132.541 1.73407
      vertex 4.01041 -133.278 4
      vertex 3.94672 -133.278 4
    endloop
  endfacet
  facet normal -0.00159178 -0.951341 -0.308136
    outer loop
      vertex 4.01041 -133.278 4
      vertex 2.17368 -132.541 1.73407
      vertex 2.1848 -132.515 1.65374
    endloop
  endfacet
  facet normal 0 -0.950901 -0.309495
    outer loop
      vertex 3.84706 -133.278 4
      vertex 2.2174 -132.591 1.88924
      vertex 3.8493 -133.278 4
    endloop
  endfacet
  facet normal 0 -0.950901 -0.309495
    outer loop
      vertex 2.2174 -132.591 1.88924
      vertex 3.87133 -133.278 4
      vertex 3.8493 -133.278 4
    endloop
  endfacet
  facet normal -0.0132479 -0.953826 -0.300066
    outer loop
      vertex 3.87133 -133.278 4
      vertex 2.2174 -132.591 1.88924
      vertex 2.1848 -132.567 1.81439
    endloop
  endfacet
  facet normal 0.0288543 -0.837474 -0.545715
    outer loop
      vertex 175.584 -132.444 1.4343
      vertex 175.5 -132.44 1.42372
      vertex 175.748 -132.095 0.907383
    endloop
  endfacet
  facet normal 0 -0.95101 -0.309162
    outer loop
      vertex 4.34648 -133.278 4
      vertex 2.33684 -132.454 1.4653
      vertex 4.3581 -133.278 4
    endloop
  endfacet
  facet normal 0 -0.950963 -0.309303
    outer loop
      vertex 3.93961 -133.278 4
      vertex 2.17368 -132.541 1.73407
      vertex 3.94672 -133.278 4
    endloop
  endfacet
  facet normal 0 -0.950963 -0.309303
    outer loop
      vertex 3.92757 -133.278 4
      vertex 2.17368 -132.541 1.73407
      vertex 3.93322 -133.278 4
    endloop
  endfacet
  facet normal -0.583813 -0.811717 0.0166735
    outer loop
      vertex 1.50391 -132.508 4
      vertex 1.18199 -132.305 2.61081
      vertex 1.57899 -132.562 4
    endloop
  endfacet
  facet normal -0.66021 -0.749845 0.0430695
    outer loop
      vertex 0.895912 -131.979 4
      vertex 0.782339 -131.938 2.97286
      vertex 0.993588 -132.065 4
    endloop
  endfacet
  facet normal -0.659284 -0.750667 0.0429343
    outer loop
      vertex 0.782339 -131.938 2.97286
      vertex 0.895912 -131.979 4
      vertex 0.584198 -131.79 2.51792
    endloop
  endfacet
  facet normal -0.704108 -0.640716 -0.30613
    outer loop
      vertex 0.978096 -132.07 1.8871
      vertex 0.516616 -131.631 2.02971
      vertex 0.584198 -131.472 1.54149
    endloop
  endfacet
  facet normal 0.584222 -0.811419 0.0168453
    outer loop
      vertex 176.496 -132.508 4
      vertex 176.421 -132.562 4
      vertex 176.818 -132.305 2.61081
    endloop
  endfacet
  facet normal 0.293345 -0.948255 -0.121499
    outer loop
      vertex 175.522 -133.003 4
      vertex 175.383 -133.046 4
      vertex 176.329 -132.528 2.24121
    endloop
  endfacet
  facet normal 0.370198 -0.925494 -0.0800893
    outer loop
      vertex 175.647 -132.953 4
      vertex 175.522 -133.003 4
      vertex 176.329 -132.528 2.24121
    endloop
  endfacet
  facet normal -0.939014 0.313438 0.141456
    outer loop
      vertex 0.20351 -3.03503 4
      vertex 0.190301 -2.53107 2.79564
      vertex 0.197001 -3.05453 4
    endloop
  endfacet
  facet normal -0.965496 0.236828 0.108305
    outer loop
      vertex 0.0213871 -3.13061 2.60084
      vertex 0.197001 -3.05453 4
      vertex 0.190301 -2.53107 2.79564
    endloop
  endfacet
  facet normal -0.965496 0.236826 0.108306
    outer loop
      vertex 0.197001 -3.05453 4
      vertex 0.0213871 -3.13061 2.60084
      vertex 0.0327383 -3.7242 4
    endloop
  endfacet
  facet normal -0.965493 0.236837 0.10831
    outer loop
      vertex 0.0327383 -3.7242 4
      vertex 0.0213871 -3.13061 2.60084
      vertex 0.0270056 -3.74757 4
    endloop
  endfacet
  facet normal -0.000434483 0.951082 0.308938
    outer loop
      vertex 2.29646 -1.32204 4
      vertex 2.17368 -1.08365 3.26593
      vertex 2.27457 -1.32205 4
    endloop
  endfacet
  facet normal -0.000232252 0.951092 0.308907
    outer loop
      vertex 2.17368 -1.08365 3.26593
      vertex 2.29646 -1.32204 4
      vertex 2.1848 -1.05756 3.18561
    endloop
  endfacet
  facet normal -0.19257 0.965529 -0.17513
    outer loop
      vertex 2.1061 -1.10038 1.7148
      vertex 2.02165 -0.988269 2.42575
      vertex 2.25239 -0.958735 2.33486
    endloop
  endfacet
  facet normal -0.000129647 0.951093 0.308903
    outer loop
      vertex 2.47572 -1.32201 4
      vertex 2.26926 -1.01235 3.04649
      vertex 2.40236 -1.32202 4
    endloop
  endfacet
  facet normal -8.4288e-05 0.951096 0.308894
    outer loop
      vertex 2.26926 -1.01235 3.04649
      vertex 2.47572 -1.32201 4
      vertex 2.33684 -0.996326 2.99717
    endloop
  endfacet
  facet normal -0.207019 0.967181 0.147323
    outer loop
      vertex 2.26926 -1.01235 3.04649
      vertex 1.67147 -1.09648 2.75879
      vertex 2.2174 -1.03324 3.11076
    endloop
  endfacet
  facet normal -0.000158701 0.951095 0.3089
    outer loop
      vertex 2.40077 -1.32202 4
      vertex 2.2174 -1.03324 3.11076
      vertex 2.34084 -1.32203 4
    endloop
  endfacet
  facet normal -0.000268287 0.951088 0.30892
    outer loop
      vertex 2.2174 -1.03324 3.11076
      vertex 2.40077 -1.32202 4
      vertex 2.26926 -1.01235 3.04649
    endloop
  endfacet
  facet normal -0.399234 0.916527 -0.0243152
    outer loop
      vertex 1.42385 -1.2221 2.08942
      vertex 1.18199 -1.3195 2.38919
      vertex 1.67147 -1.09648 2.75879
    endloop
  endfacet
  facet normal -0.46491 0.881376 0.0838734
    outer loop
      vertex 1.67147 -1.09648 2.75879
      vertex 1.18199 -1.3195 2.38919
      vertex 1.57589 -1.16778 2.97824
    endloop
  endfacet
  facet normal -0.241035 0.948972 0.203357
    outer loop
      vertex 2.2174 -1.03324 3.11076
      vertex 1.67147 -1.09648 2.75879
      vertex 2.1848 -1.05756 3.18561
    endloop
  endfacet
  facet normal -0.241028 0.948976 0.203347
    outer loop
      vertex 1.67147 -1.09648 2.75879
      vertex 1.57589 -1.16778 2.97824
      vertex 2.1848 -1.05756 3.18561
    endloop
  endfacet
  facet normal 0 0.951102 0.308878
    outer loop
      vertex 2.29679 -1.32204 4
      vertex 2.1848 -1.05756 3.18561
      vertex 2.29661 -1.32204 4
    endloop
  endfacet
  facet normal 0 0.9511 0.308884
    outer loop
      vertex 175.663 -0.996326 2.99717
      vertex 175.441 -1.32201 4
      vertex 175.523 -1.32201 4
    endloop
  endfacet
  facet normal 2.25962e-05 0.951098 0.308888
    outer loop
      vertex 175.441 -1.32201 4
      vertex 175.663 -0.996326 2.99717
      vertex 175.584 -0.986253 2.96616
    endloop
  endfacet
  facet normal 0 0.9511 0.308884
    outer loop
      vertex 175.663 -0.996326 2.99717
      vertex 175.523 -1.32201 4
      vertex 175.524 -1.32201 4
    endloop
  endfacet
  facet normal -0.994214 -0.102367 0.0325569
    outer loop
      vertex 0.0253131 -130.023 4
      vertex 0.0213871 -130.494 2.39916
      vertex 0.0342709 -130.11 4
    endloop
  endfacet
  facet normal -0.977907 -0.201352 0.0561695
    outer loop
      vertex 0.0342709 -130.11 4
      vertex 0.0213871 -130.494 2.39916
      vertex 0.0525961 -130.199 4
    endloop
  endfacet
  facet normal -1 4.32452e-05 -0.000133091
    outer loop
      vertex 0.0213871 -3.7513 2.39916
      vertex 0.0211721 -3.79621 4
      vertex 0.0213871 -3.13061 2.60084
    endloop
  endfacet
  facet normal -1 4.31716e-05 -0.000133093
    outer loop
      vertex 0.0211721 -3.79621 4
      vertex 0.0213871 -3.7513 2.39916
      vertex 0.0211407 -4.52354 4
    endloop
  endfacet
  facet normal -0.958209 0.283168 -0.040635
    outer loop
      vertex 0.105844 -2.93237 1.99072
      vertex 0.0213871 -3.13061 2.60084
      vertex 0.269002 -2.34634 2.2271
    endloop
  endfacet
  facet normal -0.990554 0 -0.137121
    outer loop
      vertex 0.105844 -130.296 1.78905
      vertex 0.0213871 -3.7513 2.39916
      vertex 0.105844 -3.55306 1.78905
    endloop
  endfacet
  facet normal -0.990554 -0 -0.137121
    outer loop
      vertex 0.0213871 -3.7513 2.39916
      vertex 0.105844 -130.296 1.78905
      vertex 0.0213871 -130.494 2.39916
    endloop
  endfacet
  facet normal -1 0 -0.000293783
    outer loop
      vertex 0.0213871 -130.494 2.39916
      vertex 0.0209168 -12.8949 4
      vertex 0.0213871 -3.7513 2.39916
    endloop
  endfacet
  facet normal -1 -0 -0.000293783
    outer loop
      vertex 0.0209168 -12.8949 4
      vertex 0.0213871 -130.494 2.39916
      vertex 0.0209168 -129.96 4
    endloop
  endfacet
  facet normal -0.816367 -0.571717 0.0817588
    outer loop
      vertex 0.746634 -131.81 4
      vertex 0.584198 -131.79 2.51792
      vertex 0.762041 -131.832 4
    endloop
  endfacet
  facet normal -0.465578 -0.762333 -0.44954
    outer loop
      vertex 1.57589 -132.304 1.55077
      vertex 1.02995 -131.948 1.51248
      vertex 1.18199 -131.835 1.16339
    endloop
  endfacet
  facet normal -0.860192 -0.437743 -0.261633
    outer loop
      vertex 0.516616 -131.631 2.02971
      vertex 0.269002 -130.909 1.63582
      vertex 0.584198 -131.472 1.54149
    endloop
  endfacet
  facet normal 0.0657782 -0.667681 -0.741535
    outer loop
      vertex 175.5 -132.085 0.87638
      vertex 175.5 -131.6 0.439684
      vertex 175.748 -132.095 0.907383
    endloop
  endfacet
  facet normal 0.0657051 -0.667705 -0.741521
    outer loop
      vertex 175.748 -132.095 0.907383
      vertex 175.5 -131.6 0.439684
      vertex 175.894 -131.616 0.489003
    endloop
  endfacet
  facet normal 0.207791 -0.86858 -0.44988
    outer loop
      vertex 176.329 -132.232 1.33132
      vertex 175.731 -132.47 1.51462
      vertex 176.176 -132.171 1.14288
    endloop
  endfacet
  facet normal 0.258921 -0.908021 -0.32933
    outer loop
      vertex 176.457 -132.38 1.78626
      vertex 175.826 -132.541 1.73407
      vertex 176.424 -132.304 1.55077
    endloop
  endfacet
  facet normal 0.258914 -0.908016 -0.329347
    outer loop
      vertex 175.826 -132.541 1.73407
      vertex 175.815 -132.515 1.65374
      vertex 176.424 -132.304 1.55077
    endloop
  endfacet
  facet normal 0 -0.950957 -0.309323
    outer loop
      vertex 2.5 -132.44 1.42372
      vertex 173.399 -133.278 4
      vertex 4.60106 -133.278 4
    endloop
  endfacet
  facet normal 0 -0.950957 -0.309323
    outer loop
      vertex 173.399 -133.278 4
      vertex 2.5 -132.44 1.42372
      vertex 175.5 -132.44 1.42372
    endloop
  endfacet
  facet normal 0.30644 -0.698522 -0.646654
    outer loop
      vertex 176.176 -132.171 1.14288
      vertex 175.978 -132.124 0.998281
      vertex 176.576 -131.737 0.863623
    endloop
  endfacet
  facet normal 0.307142 -0.699227 -0.645558
    outer loop
      vertex 176.576 -131.737 0.863623
      vertex 175.978 -132.124 0.998281
      vertex 176.261 -131.663 0.633601
    endloop
  endfacet
  facet normal 0.688769 -0.308595 -0.656023
    outer loop
      vertex 177.218 -131.325 1.08655
      vertex 177.133 -130.589 0.651091
      vertex 177.5 -130.737 1.10603
    endloop
  endfacet
  facet normal 0.892825 -0.129581 -0.431361
    outer loop
      vertex 177.731 -130.909 1.63582
      vertex 177.5 -130.737 1.10603
      vertex 177.894 -130.296 1.78905
    endloop
  endfacet
  facet normal 0.92238 -0.377337 0.0826501
    outer loop
      vertex 177.691 -131.107 4
      vertex 177.664 -131.173 4
      vertex 177.731 -131.278 2.7729
    endloop
  endfacet
  facet normal 0.0926796 -0.451751 -0.887317
    outer loop
      vertex 175.894 -131.616 0.489003
      vertex 175.5 -131.018 0.143396
      vertex 176.013 -131.039 0.20767
    endloop
  endfacet
  facet normal 0.528436 -0.259534 -0.80833
    outer loop
      vertex 177.133 -130.589 0.651091
      vertex 176.492 -131.1 0.396114
      vertex 176.655 -130.475 0.302002
    endloop
  endfacet
  facet normal 0.432208 -0.49582 -0.753232
    outer loop
      vertex 176.576 -131.737 0.863623
      vertex 176.492 -131.1 0.396114
      vertex 176.902 -131.198 0.695883
    endloop
  endfacet
  facet normal 0.433375 -0.495384 -0.752848
    outer loop
      vertex 176.576 -131.737 0.863623
      vertex 176.261 -131.663 0.633601
      vertex 176.492 -131.1 0.396114
    endloop
  endfacet
  facet normal 0 -0.951018 -0.309136
    outer loop
      vertex 4.46895 -133.278 4
      vertex 2.41554 -132.444 1.4343
      vertex 4.4804 -133.278 4
    endloop
  endfacet
  facet normal 0 -0.951018 -0.309136
    outer loop
      vertex 4.49156 -133.278 4
      vertex 2.41554 -132.444 1.4343
      vertex 4.50235 -133.278 4
    endloop
  endfacet
  facet normal 0 -0.950979 -0.309257
    outer loop
      vertex 4.01838 -133.278 4
      vertex 2.1848 -132.515 1.65374
      vertex 4.02699 -133.278 4
    endloop
  endfacet
  facet normal -0 -0.950901 -0.309495
    outer loop
      vertex 174.154 -133.278 4
      vertex 174.153 -133.278 4
      vertex 175.783 -132.591 1.88924
    endloop
  endfacet
  facet normal 0 -0.951006 -0.309173
    outer loop
      vertex 4.24439 -133.278 4
      vertex 2.26926 -132.47 1.51462
      vertex 4.25575 -133.278 4
    endloop
  endfacet
  facet normal -0.000712864 -0.951178 -0.308641
    outer loop
      vertex 2.41554 -132.444 1.4343
      vertex 4.38127 -133.278 4
      vertex 2.33684 -132.454 1.4653
    endloop
  endfacet
  facet normal 0 -0.951018 -0.309136
    outer loop
      vertex 4.38127 -133.278 4
      vertex 2.41554 -132.444 1.4343
      vertex 4.46895 -133.278 4
    endloop
  endfacet
  facet normal 0 -0.950947 -0.309352
    outer loop
      vertex 3.87446 -133.278 4
      vertex 2.1848 -132.567 1.81439
      vertex 3.8784 -133.278 4
    endloop
  endfacet
  facet normal 0 -0.950901 -0.309495
    outer loop
      vertex 3.84503 -133.278 4
      vertex 2.2174 -132.591 1.88924
      vertex 3.84564 -133.278 4
    endloop
  endfacet
  facet normal -0 -0.95101 -0.309162
    outer loop
      vertex 173.642 -133.278 4
      vertex 173.63 -133.278 4
      vertex 175.663 -132.454 1.4653
    endloop
  endfacet
  facet normal 0 -0.951006 -0.309173
    outer loop
      vertex 4.23322 -133.278 4
      vertex 2.26926 -132.47 1.51462
      vertex 4.24439 -133.278 4
    endloop
  endfacet
  facet normal -0.650297 -0.758625 0.0400291
    outer loop
      vertex 0.881913 -131.967 4
      vertex 0.584198 -131.79 2.51792
      vertex 0.895912 -131.979 4
    endloop
  endfacet
  facet normal 0.953203 -0.29372 0.0716397
    outer loop
      vertex 177.712 -131.041 4
      vertex 177.894 -130.692 3.00928
      vertex 177.871 -130.525 4
    endloop
  endfacet
  facet normal 0.953132 -0.293976 0.0715361
    outer loop
      vertex 177.894 -130.692 3.00928
      vertex 177.712 -131.041 4
      vertex 177.731 -131.278 2.7729
    endloop
  endfacet
  facet normal 0.860626 -0.507281 -0.0445884
    outer loop
      vertex 177.731 -131.278 2.7729
      vertex 177.416 -131.79 2.51792
      vertex 177.81 -131.094 2.20436
    endloop
  endfacet
  facet normal 0.464468 -0.881677 -0.0831601
    outer loop
      vertex 176.818 -132.305 2.61081
      vertex 176.424 -132.457 2.02176
      vertex 176.97 -132.192 2.26172
    endloop
  endfacet
  facet normal 0.962375 0.24708 0.113077
    outer loop
      vertex 177.979 -3.13061 2.60084
      vertex 177.967 -3.7242 4
      vertex 177.973 -3.74757 4
    endloop
  endfacet
  facet normal 0.965456 0.236871 0.108565
    outer loop
      vertex 177.803 -3.05453 4
      vertex 177.979 -3.13061 2.60084
      vertex 177.81 -2.53107 2.79564
    endloop
  endfacet
  facet normal 0.965553 0.236461 0.108599
    outer loop
      vertex 177.979 -3.13061 2.60084
      vertex 177.803 -3.05453 4
      vertex 177.967 -3.7242 4
    endloop
  endfacet
  facet normal 0 0.9511 0.308884
    outer loop
      vertex 2.27457 -1.32205 4
      vertex 2.17368 -1.08365 3.26593
      vertex 2.27448 -1.32205 4
    endloop
  endfacet
  facet normal 0 0.9511 0.308884
    outer loop
      vertex 2.47634 -1.32201 4
      vertex 2.33684 -0.996326 2.99717
      vertex 2.47572 -1.32201 4
    endloop
  endfacet
  facet normal 0 0.9511 0.308884
    outer loop
      vertex 2.47698 -1.32201 4
      vertex 2.33684 -0.996326 2.99717
      vertex 2.47634 -1.32201 4
    endloop
  endfacet
  facet normal -0.76676 0.425997 -0.480215
    outer loop
      vertex 0.747356 -2.58901 0.933973
      vertex 0.353458 -2.74764 1.42219
      vertex 0.866796 -2.02638 1.24237
    endloop
  endfacet
  facet normal -0.793355 0.188116 -0.578964
    outer loop
      vertex 0.747356 -3.2097 0.732299
      vertex 0.353458 -2.74764 1.42219
      vertex 0.747356 -2.58901 0.933973
    endloop
  endfacet
  facet normal -0.793352 0.188123 -0.578967
    outer loop
      vertex 0.353458 -2.74764 1.42219
      vertex 0.747356 -3.2097 0.732299
      vertex 0.353458 -3.36833 1.22051
    endloop
  endfacet
  facet normal -0.464489 -0.881672 -0.0830963
    outer loop
      vertex 1.18199 -132.305 2.61081
      vertex 1.02995 -132.192 2.26172
      vertex 1.57589 -132.457 2.02176
    endloop
  endfacet
  facet normal -0.718072 -0.69325 0.0614512
    outer loop
      vertex 0.817229 -131.9 4
      vertex 0.584198 -131.79 2.51792
      vertex 0.881913 -131.967 4
    endloop
  endfacet
  facet normal -0.704114 -0.640714 -0.306119
    outer loop
      vertex 0.978096 -132.07 1.8871
      vertex 0.584198 -131.472 1.54149
      vertex 1.02995 -131.948 1.51248
    endloop
  endfacet
  facet normal -0.656401 -0.585711 -0.475478
    outer loop
      vertex 1.02995 -131.948 1.51248
      vertex 0.584198 -131.472 1.54149
      vertex 1.18199 -131.835 1.16339
    endloop
  endfacet
  facet normal 0 -0.951018 -0.309136
    outer loop
      vertex 175.584 -132.444 1.4343
      vertex 173.619 -133.278 4
      vertex 173.531 -133.278 4
    endloop
  endfacet
  facet normal 0.000710843 -0.951178 -0.308643
    outer loop
      vertex 173.619 -133.278 4
      vertex 175.584 -132.444 1.4343
      vertex 175.663 -132.454 1.4653
    endloop
  endfacet
  facet normal 0.102015 -0.843559 -0.527258
    outer loop
      vertex 175.978 -132.124 0.998281
      vertex 175.663 -132.454 1.4653
      vertex 175.748 -132.095 0.907383
    endloop
  endfacet
  facet normal 0.10023 -0.84359 -0.52755
    outer loop
      vertex 175.663 -132.454 1.4653
      vertex 175.584 -132.444 1.4343
      vertex 175.748 -132.095 0.907383
    endloop
  endfacet
  facet normal 0.0010044 -0.950783 -0.309855
    outer loop
      vertex 2.26926 -132.47 1.51462
      vertex 4.13482 -133.278 4
      vertex 2.2174 -132.491 1.57889
    endloop
  endfacet
  facet normal 0 -0.951006 -0.309173
    outer loop
      vertex 4.13482 -133.278 4
      vertex 2.26926 -132.47 1.51462
      vertex 4.22233 -133.278 4
    endloop
  endfacet
  facet normal -0.207348 -0.868122 -0.450967
    outer loop
      vertex 2.2174 -132.491 1.57889
      vertex 1.67147 -132.232 1.33132
      vertex 2.26926 -132.47 1.51462
    endloop
  endfacet
  facet normal -0 -0.950957 -0.309323
    outer loop
      vertex 173.409 -133.278 4
      vertex 173.399 -133.278 4
      vertex 175.5 -132.44 1.42372
    endloop
  endfacet
  facet normal -0 -0.95101 -0.309162
    outer loop
      vertex 173.654 -133.278 4
      vertex 173.642 -133.278 4
      vertex 175.663 -132.454 1.4653
    endloop
  endfacet
  facet normal 0.802492 -0.369344 -0.468605
    outer loop
      vertex 177.416 -131.472 1.54149
      vertex 177.218 -131.325 1.08655
      vertex 177.5 -130.737 1.10603
    endloop
  endfacet
  facet normal 0.46406 -0.762382 -0.451024
    outer loop
      vertex 176.424 -132.304 1.55077
      vertex 176.329 -132.232 1.33132
      vertex 176.818 -131.835 1.16339
    endloop
  endfacet
  facet normal 0.655603 -0.754044 0.0400295
    outer loop
      vertex 177.218 -131.938 2.97286
      vertex 176.818 -132.305 2.61081
      vertex 177.416 -131.79 2.51792
    endloop
  endfacet
  facet normal 0.958128 -0.283327 0.0414395
    outer loop
      vertex 177.979 -130.494 2.39916
      vertex 177.731 -131.278 2.7729
      vertex 177.81 -131.094 2.20436
    endloop
  endfacet
  facet normal 0.85993 -0.508197 -0.0474961
    outer loop
      vertex 177.81 -131.094 2.20436
      vertex 177.416 -131.79 2.51792
      vertex 177.483 -131.631 2.02971
    endloop
  endfacet
  facet normal 0 -0.95101 -0.309162
    outer loop
      vertex 175.663 -132.454 1.4653
      vertex 173.744 -133.278 4
      vertex 173.654 -133.278 4
    endloop
  endfacet
  facet normal 0.00030092 -0.951076 -0.308956
    outer loop
      vertex 173.744 -133.278 4
      vertex 175.663 -132.454 1.4653
      vertex 175.731 -132.47 1.51462
    endloop
  endfacet
  facet normal -0 -0.950901 -0.309495
    outer loop
      vertex 174.155 -133.278 4
      vertex 174.154 -133.278 4
      vertex 175.783 -132.591 1.88924
    endloop
  endfacet
  facet normal -0 -0.950963 -0.309303
    outer loop
      vertex 174.077 -133.278 4
      vertex 174.072 -133.278 4
      vertex 175.826 -132.541 1.73407
    endloop
  endfacet
  facet normal -0 -0.951006 -0.309173
    outer loop
      vertex 173.756 -133.278 4
      vertex 173.744 -133.278 4
      vertex 175.731 -132.47 1.51462
    endloop
  endfacet
  facet normal -0 -0.950963 -0.309303
    outer loop
      vertex 174.072 -133.278 4
      vertex 174.067 -133.278 4
      vertex 175.826 -132.541 1.73407
    endloop
  endfacet
  facet normal 0 -0.951018 -0.309136
    outer loop
      vertex 4.50235 -133.278 4
      vertex 2.41554 -132.444 1.4343
      vertex 4.51266 -133.278 4
    endloop
  endfacet
  facet normal 0.00572061 -0.949618 -0.313356
    outer loop
      vertex 2.5 -132.44 1.42372
      vertex 4.51266 -133.278 4
      vertex 2.41554 -132.444 1.4343
    endloop
  endfacet
  facet normal 0 -0.950957 -0.309323
    outer loop
      vertex 4.51266 -133.278 4
      vertex 2.5 -132.44 1.42372
      vertex 4.59128 -133.278 4
    endloop
  endfacet
  facet normal 0 -0.951018 -0.309136
    outer loop
      vertex 4.1146 -133.278 4
      vertex 2.2174 -132.491 1.57889
      vertex 4.12449 -133.278 4
    endloop
  endfacet
  facet normal 0 -0.950979 -0.309257
    outer loop
      vertex 4.01041 -133.278 4
      vertex 2.1848 -132.515 1.65374
      vertex 4.01838 -133.278 4
    endloop
  endfacet
  facet normal 0 -0.950947 -0.309352
    outer loop
      vertex 3.87133 -133.278 4
      vertex 2.1848 -132.567 1.81439
      vertex 3.87446 -133.278 4
    endloop
  endfacet
  facet normal 0 -0.950901 -0.309495
    outer loop
      vertex 3.84564 -133.278 4
      vertex 2.2174 -132.591 1.88924
      vertex 3.84706 -133.278 4
    endloop
  endfacet
  facet normal 0 -0.95101 -0.309162
    outer loop
      vertex 4.3581 -133.278 4
      vertex 2.33684 -132.454 1.4653
      vertex 4.36973 -133.278 4
    endloop
  endfacet
  facet normal -0.829117 -0.552892 0.0829156
    outer loop
      vertex 0.269002 -131.278 2.7729
      vertex 0.697799 -131.737 4
      vertex 0.381715 -131.263 4
    endloop
  endfacet
  facet normal -0.829548 -0.552183 0.083331
    outer loop
      vertex 0.697799 -131.737 4
      vertex 0.269002 -131.278 2.7729
      vertex 0.584198 -131.79 2.51792
    endloop
  endfacet
  facet normal -0.860568 -0.507337 -0.045067
    outer loop
      vertex 0.269002 -131.278 2.7729
      vertex 0.190301 -131.094 2.20436
      vertex 0.584198 -131.79 2.51792
    endloop
  endfacet
  facet normal 0.827397 -0.555376 0.083503
    outer loop
      vertex 177.302 -131.737 4
      vertex 177.253 -131.81 4
      vertex 177.416 -131.79 2.51792
    endloop
  endfacet
  facet normal 0.655514 -0.754011 0.0420678
    outer loop
      vertex 176.562 -132.451 4
      vertex 177.218 -131.938 2.97286
      vertex 177.006 -132.065 4
    endloop
  endfacet
  facet normal 0.654887 -0.754593 0.0413771
    outer loop
      vertex 177.218 -131.938 2.97286
      vertex 176.562 -132.451 4
      vertex 176.818 -132.305 2.61081
    endloop
  endfacet
  facet normal 0.218058 -0.96169 -0.16614
    outer loop
      vertex 174.723 -133.196 4
      vertex 174.551 -133.235 4
      vertex 175.783 -132.591 1.88924
    endloop
  endfacet
  facet normal 0.207157 -0.868029 -0.451233
    outer loop
      vertex 175.783 -132.491 1.57889
      vertex 175.731 -132.47 1.51462
      vertex 176.329 -132.232 1.33132
    endloop
  endfacet
  facet normal 0.240419 -0.88667 -0.394988
    outer loop
      vertex 176.424 -132.304 1.55077
      vertex 175.815 -132.515 1.65374
      vertex 176.329 -132.232 1.33132
    endloop
  endfacet
  facet normal 0 -0.950957 -0.309323
    outer loop
      vertex 175.5 -132.44 1.42372
      vertex 173.498 -133.278 4
      vertex 173.419 -133.278 4
    endloop
  endfacet
  facet normal -0.00575186 -0.949618 -0.313357
    outer loop
      vertex 173.498 -133.278 4
      vertex 175.5 -132.44 1.42372
      vertex 175.584 -132.444 1.4343
    endloop
  endfacet
  facet normal 0 -0.951018 -0.309136
    outer loop
      vertex 4.10522 -133.278 4
      vertex 2.2174 -132.491 1.57889
      vertex 4.1146 -133.278 4
    endloop
  endfacet
  facet normal -0.00355323 -0.95179 -0.306731
    outer loop
      vertex 2.2174 -132.491 1.57889
      vertex 4.02699 -133.278 4
      vertex 2.1848 -132.515 1.65374
    endloop
  endfacet
  facet normal 0 -0.951018 -0.309136
    outer loop
      vertex 4.02699 -133.278 4
      vertex 2.2174 -132.491 1.57889
      vertex 4.10522 -133.278 4
    endloop
  endfacet
  facet normal -0 -0.951018 -0.309136
    outer loop
      vertex 173.531 -133.278 4
      vertex 173.52 -133.278 4
      vertex 175.584 -132.444 1.4343
    endloop
  endfacet
  facet normal 0 -0.950947 -0.309352
    outer loop
      vertex 174.077 -133.278 4
      vertex 175.815 -132.567 1.81439
      vertex 174.122 -133.278 4
    endloop
  endfacet
  facet normal 0.00231921 -0.951486 -0.307683
    outer loop
      vertex 175.815 -132.567 1.81439
      vertex 174.077 -133.278 4
      vertex 175.826 -132.541 1.73407
    endloop
  endfacet
  facet normal 0.703876 -0.64084 -0.306401
    outer loop
      vertex 177.022 -132.07 1.8871
      vertex 176.97 -131.948 1.51248
      vertex 177.416 -131.472 1.54149
    endloop
  endfacet
  facet normal 0.465557 -0.762374 -0.449491
    outer loop
      vertex 176.97 -131.948 1.51248
      vertex 176.424 -132.304 1.55077
      vertex 176.818 -131.835 1.16339
    endloop
  endfacet
  facet normal 0.7164 -0.695015 0.0610423
    outer loop
      vertex 177.183 -131.9 4
      vertex 177.118 -131.967 4
      vertex 177.416 -131.79 2.51792
    endloop
  endfacet
  facet normal 0.650267 -0.758645 0.0401459
    outer loop
      vertex 177.118 -131.967 4
      vertex 177.104 -131.979 4
      vertex 177.416 -131.79 2.51792
    endloop
  endfacet
  facet normal -0 -0.950963 -0.309303
    outer loop
      vertex 174.067 -133.278 4
      vertex 174.06 -133.278 4
      vertex 175.826 -132.541 1.73407
    endloop
  endfacet
  facet normal -0.704174 -0.698052 -0.12986
    outer loop
      vertex 1.02995 -132.192 2.26172
      vertex 0.584198 -131.79 2.51792
      vertex 0.978096 -132.07 1.8871
    endloop
  endfacet
  facet normal -0.498897 -0.842028 -0.205161
    outer loop
      vertex 1.02995 -132.192 2.26172
      vertex 0.978096 -132.07 1.8871
      vertex 1.57589 -132.457 2.02176
    endloop
  endfacet
  facet normal -0.655754 -0.753896 0.0403461
    outer loop
      vertex 0.782339 -131.938 2.97286
      vertex 0.584198 -131.79 2.51792
      vertex 1.18199 -132.305 2.61081
    endloop
  endfacet
  facet normal -0.654967 -0.754522 0.0414129
    outer loop
      vertex 0.782339 -131.938 2.97286
      vertex 1.43826 -132.451 4
      vertex 0.993588 -132.065 4
    endloop
  endfacet
  facet normal -0.655105 -0.754393 0.0415655
    outer loop
      vertex 1.43826 -132.451 4
      vertex 0.782339 -131.938 2.97286
      vertex 1.18199 -132.305 2.61081
    endloop
  endfacet
  facet normal -0 -0.951018 -0.309136
    outer loop
      vertex 173.52 -133.278 4
      vertex 173.508 -133.278 4
      vertex 175.584 -132.444 1.4343
    endloop
  endfacet
  facet normal -0 -0.950979 -0.309257
    outer loop
      vertex 173.99 -133.278 4
      vertex 173.982 -133.278 4
      vertex 175.815 -132.515 1.65374
    endloop
  endfacet
  facet normal 0 -0.950963 -0.309303
    outer loop
      vertex 173.99 -133.278 4
      vertex 175.826 -132.541 1.73407
      vertex 174.053 -133.278 4
    endloop
  endfacet
  facet normal 0.00159483 -0.951342 -0.308134
    outer loop
      vertex 175.826 -132.541 1.73407
      vertex 173.99 -133.278 4
      vertex 175.815 -132.515 1.65374
    endloop
  endfacet
  facet normal -0 -0.950979 -0.309257
    outer loop
      vertex 173.982 -133.278 4
      vertex 173.973 -133.278 4
      vertex 175.815 -132.515 1.65374
    endloop
  endfacet
  facet normal 0.65626 -0.585925 -0.47541
    outer loop
      vertex 176.97 -131.948 1.51248
      vertex 176.818 -131.835 1.16339
      vertex 177.416 -131.472 1.54149
    endloop
  endfacet
  facet normal 0.656229 -0.586262 -0.475038
    outer loop
      vertex 177.416 -131.472 1.54149
      vertex 176.818 -131.835 1.16339
      vertex 177.218 -131.325 1.08655
    endloop
  endfacet
  facet normal -0 -0.951018 -0.309136
    outer loop
      vertex 173.876 -133.278 4
      vertex 173.865 -133.278 4
      vertex 175.783 -132.491 1.57889
    endloop
  endfacet
  facet normal 0 -0.950901 -0.309495
    outer loop
      vertex 174.129 -133.278 4
      vertex 175.783 -132.591 1.88924
      vertex 174.151 -133.278 4
    endloop
  endfacet
  facet normal 0.0129476 -0.953763 -0.30028
    outer loop
      vertex 175.783 -132.591 1.88924
      vertex 174.129 -133.278 4
      vertex 175.815 -132.567 1.81439
    endloop
  endfacet
  facet normal 0.860476 -0.437766 -0.260655
    outer loop
      vertex 177.483 -131.631 2.02971
      vertex 177.416 -131.472 1.54149
      vertex 177.731 -130.909 1.63582
    endloop
  endfacet
  facet normal 0.704523 -0.640644 -0.305324
    outer loop
      vertex 177.483 -131.631 2.02971
      vertex 177.022 -132.07 1.8871
      vertex 177.416 -131.472 1.54149
    endloop
  endfacet
  facet normal -0 -0.950947 -0.309352
    outer loop
      vertex 174.129 -133.278 4
      vertex 174.126 -133.278 4
      vertex 175.815 -132.567 1.81439
    endloop
  endfacet
  facet normal -0 -0.950947 -0.309352
    outer loop
      vertex 174.126 -133.278 4
      vertex 174.122 -133.278 4
      vertex 175.815 -132.567 1.81439
    endloop
  endfacet
  facet normal -0 -0.950901 -0.309495
    outer loop
      vertex 174.153 -133.278 4
      vertex 174.151 -133.278 4
      vertex 175.783 -132.591 1.88924
    endloop
  endfacet
  facet normal 0.244693 -0.887997 -0.38934
    outer loop
      vertex 175.815 -132.515 1.65374
      vertex 175.783 -132.491 1.57889
      vertex 176.329 -132.232 1.33132
    endloop
  endfacet
  facet normal 0 -0.951018 -0.309136
    outer loop
      vertex 175.783 -132.491 1.57889
      vertex 173.973 -133.278 4
      vertex 173.895 -133.278 4
    endloop
  endfacet
  facet normal 0.00357697 -0.951795 -0.306714
    outer loop
      vertex 173.973 -133.278 4
      vertex 175.783 -132.491 1.57889
      vertex 175.815 -132.515 1.65374
    endloop
  endfacet
  facet normal -0 -0.95101 -0.309162
    outer loop
      vertex 173.63 -133.278 4
      vertex 173.619 -133.278 4
      vertex 175.663 -132.454 1.4653
    endloop
  endfacet
  facet normal 0 -0.951006 -0.309173
    outer loop
      vertex 175.731 -132.47 1.51462
      vertex 173.865 -133.278 4
      vertex 173.778 -133.278 4
    endloop
  endfacet
  facet normal -0.00100288 -0.950784 -0.309854
    outer loop
      vertex 173.865 -133.278 4
      vertex 175.731 -132.47 1.51462
      vertex 175.783 -132.491 1.57889
    endloop
  endfacet
  facet normal -0 -0.951018 -0.309136
    outer loop
      vertex 173.885 -133.278 4
      vertex 173.876 -133.278 4
      vertex 175.783 -132.491 1.57889
    endloop
  endfacet
  facet normal -0 -0.951018 -0.309136
    outer loop
      vertex 173.895 -133.278 4
      vertex 173.885 -133.278 4
      vertex 175.783 -132.491 1.57889
    endloop
  endfacet
  facet normal -0 0 1
    outer loop
      vertex 12.5498 -124.773 4
      vertex 15.9 -130.453 4
      vertex 15.9 -117.276 4
    endloop
  endfacet
  facet normal 0 0 1
    outer loop
      vertex 15.9 -130.453 4
      vertex 12.5498 -124.773 4
      vertex 12.55 -124.776 4
    endloop
  endfacet
  facet normal 0 0 1
    outer loop
      vertex 15.9 -117.276 4
      vertex 12.4989 -124.127 4
      vertex 12.5498 -124.773 4
    endloop
  endfacet
  facet normal 0 0 1
    outer loop
      vertex 15.9 -117.276 4
      vertex 12.3476 -123.497 4
      vertex 12.4989 -124.127 4
    endloop
  endfacet
  facet normal 0 0 1
    outer loop
      vertex 15.9 -117.276 4
      vertex 12.3469 -123.494 4
      vertex 12.3476 -123.497 4
    endloop
  endfacet
  facet normal 0 0 1
    outer loop
      vertex 15.9 -117.276 4
      vertex 12.3457 -123.491 4
      vertex 12.3469 -123.494 4
    endloop
  endfacet
  facet normal 0 0 1
    outer loop
      vertex 15.9 -117.276 4
      vertex 12.0977 -122.892 4
      vertex 12.3457 -123.491 4
    endloop
  endfacet
  facet normal 0 0 1
    outer loop
      vertex 15.9 -117.276 4
      vertex 11.7574 -122.337 4
      vertex 12.0977 -122.892 4
    endloop
  endfacet
  facet normal 0 0 1
    outer loop
      vertex 15.9 -117.276 4
      vertex 11.3365 -121.844 4
      vertex 11.7574 -122.337 4
    endloop
  endfacet
  facet normal 0 0 1
    outer loop
      vertex 15.9 -117.276 4
      vertex 11.3345 -121.842 4
      vertex 11.3365 -121.844 4
    endloop
  endfacet
  facet normal 0 0 1
    outer loop
      vertex 15.9 -117.276 4
      vertex 11.3321 -121.84 4
      vertex 11.3345 -121.842 4
    endloop
  endfacet
  facet normal 0 0 1
    outer loop
      vertex 15.9 -117.276 4
      vertex 10.8393 -121.419 4
      vertex 11.3321 -121.84 4
    endloop
  endfacet
  facet normal 0 0 1
    outer loop
      vertex 15.9 -117.276 4
      vertex 10.2867 -121.08 4
      vertex 10.8393 -121.419 4
    endloop
  endfacet
  facet normal 0 0 1
    outer loop
      vertex 15.9 -117.276 4
      vertex 10.2841 -121.078 4
      vertex 10.2867 -121.08 4
    endloop
  endfacet
  facet normal 0 0 1
    outer loop
      vertex 15.9 -117.276 4
      vertex 10.2812 -121.077 4
      vertex 10.2841 -121.078 4
    endloop
  endfacet
  facet normal 0 0 1
    outer loop
      vertex 15.9 -117.276 4
      vertex 9.68242 -120.829 4
      vertex 10.2812 -121.077 4
    endloop
  endfacet
  facet normal 0 0 1
    outer loop
      vertex 15.9 -117.276 4
      vertex 9.05222 -120.678 4
      vertex 9.68242 -120.829 4
    endloop
  endfacet
  facet normal 0 0 1
    outer loop
      vertex 15.9 -117.276 4
      vertex 9.0492 -120.677 4
      vertex 9.05222 -120.678 4
    endloop
  endfacet
  facet normal 0 0 1
    outer loop
      vertex 15.9 -117.276 4
      vertex 8.4 -120.626 4
      vertex 9.0492 -120.677 4
    endloop
  endfacet
  facet normal -0 0 1
    outer loop
      vertex 2.70686 -117.276 4
      vertex 8.4 -120.626 4
      vertex 15.9 -117.276 4
    endloop
  endfacet
  facet normal 0 0 1
    outer loop
      vertex 8.4 -120.626 4
      vertex 2.70686 -117.276 4
      vertex 7.7508 -120.677 4
    endloop
  endfacet
  facet normal 0 0 1
    outer loop
      vertex 7.7508 -120.677 4
      vertex 2.70686 -117.276 4
      vertex 7.74778 -120.678 4
    endloop
  endfacet
  facet normal 0 0 1
    outer loop
      vertex 0.0209168 -129.96 4
      vertex 4.25024 -124.773 4
      vertex 4.30109 -124.127 4
    endloop
  endfacet
  facet normal 0 0 1
    outer loop
      vertex 5.96069 -128.134 4
      vertex 4.23322 -133.278 4
      vertex 4.24439 -133.278 4
    endloop
  endfacet
  facet normal 0 0 1
    outer loop
      vertex 4.30109 -125.425 4
      vertex 4.22233 -133.278 4
      vertex 4.23322 -133.278 4
    endloop
  endfacet
  facet normal 0 0 1
    outer loop
      vertex 4.30109 -125.425 4
      vertex 4.13482 -133.278 4
      vertex 4.22233 -133.278 4
    endloop
  endfacet
  facet normal 0 0 1
    outer loop
      vertex 4.30109 -125.425 4
      vertex 4.12449 -133.278 4
      vertex 4.13482 -133.278 4
    endloop
  endfacet
  facet normal 0 -0 1
    outer loop
      vertex 3.27722 -133.196 4
      vertex 4.30109 -125.425 4
      vertex 0.0209168 -129.96 4
    endloop
  endfacet
  facet normal 0 0 1
    outer loop
      vertex 4.30109 -125.425 4
      vertex 4.1146 -133.278 4
      vertex 4.12449 -133.278 4
    endloop
  endfacet
  facet normal 0 0 1
    outer loop
      vertex 4.30109 -125.425 4
      vertex 4.10522 -133.278 4
      vertex 4.1146 -133.278 4
    endloop
  endfacet
  facet normal 0 0 1
    outer loop
      vertex 4.30109 -125.425 4
      vertex 4.02699 -133.278 4
      vertex 4.10522 -133.278 4
    endloop
  endfacet
  facet normal 0 0 1
    outer loop
      vertex 4.30109 -125.425 4
      vertex 3.27722 -133.196 4
      vertex 4.02699 -133.278 4
    endloop
  endfacet
  facet normal 0 0 1
    outer loop
      vertex 4.02699 -133.278 4
      vertex 3.27722 -133.196 4
      vertex 4.01838 -133.278 4
    endloop
  endfacet
  facet normal 0 0 1
    outer loop
      vertex 4.01838 -133.278 4
      vertex 3.27722 -133.196 4
      vertex 4.01041 -133.278 4
    endloop
  endfacet
  facet normal 0 0 1
    outer loop
      vertex 4.01041 -133.278 4
      vertex 3.27722 -133.196 4
      vertex 3.94672 -133.278 4
    endloop
  endfacet
  facet normal 0 0 1
    outer loop
      vertex 3.94672 -133.278 4
      vertex 3.27722 -133.196 4
      vertex 3.93961 -133.278 4
    endloop
  endfacet
  facet normal 0 0 1
    outer loop
      vertex 3.93322 -133.278 4
      vertex 3.27722 -133.196 4
      vertex 3.92757 -133.278 4
    endloop
  endfacet
  facet normal 0 0 1
    outer loop
      vertex 3.92757 -133.278 4
      vertex 3.27722 -133.196 4
      vertex 3.92271 -133.278 4
    endloop
  endfacet
  facet normal 0 0 1
    outer loop
      vertex 3.92271 -133.278 4
      vertex 3.27722 -133.196 4
      vertex 3.8784 -133.278 4
    endloop
  endfacet
  facet normal -0 -0 1
    outer loop
      vertex 3.63865 -133.263 4
      vertex 3.8784 -133.278 4
      vertex 3.27722 -133.196 4
    endloop
  endfacet
  facet normal 0 0 1
    outer loop
      vertex 3.8784 -133.278 4
      vertex 3.63865 -133.263 4
      vertex 3.87446 -133.278 4
    endloop
  endfacet
  facet normal 0 0 1
    outer loop
      vertex 3.87446 -133.278 4
      vertex 3.63865 -133.263 4
      vertex 3.87133 -133.278 4
    endloop
  endfacet
  facet normal 0 0 1
    outer loop
      vertex 3.87133 -133.278 4
      vertex 3.63865 -133.263 4
      vertex 3.8493 -133.278 4
    endloop
  endfacet
  facet normal 0 0 1
    outer loop
      vertex 3.8493 -133.278 4
      vertex 3.63865 -133.263 4
      vertex 3.84706 -133.278 4
    endloop
  endfacet
  facet normal 0 0 1
    outer loop
      vertex 3.84706 -133.278 4
      vertex 3.63865 -133.263 4
      vertex 3.84564 -133.278 4
    endloop
  endfacet
  facet normal 0 0 1
    outer loop
      vertex 3.84564 -133.278 4
      vertex 3.63865 -133.263 4
      vertex 3.84503 -133.278 4
    endloop
  endfacet
  facet normal 0 0 1
    outer loop
      vertex 4.25024 -124.773 4
      vertex 0.0209168 -129.96 4
      vertex 4.25 -124.776 4
    endloop
  endfacet
  facet normal 0 0 1
    outer loop
      vertex 3.93961 -133.278 4
      vertex 3.27722 -133.196 4
      vertex 3.93322 -133.278 4
    endloop
  endfacet
  facet normal 0 0 1
    outer loop
      vertex 7.74778 -120.678 4
      vertex 2.70686 -117.276 4
      vertex 7.11758 -120.829 4
    endloop
  endfacet
  facet normal 0 0 1
    outer loop
      vertex 2.70686 -117.276 4
      vertex 6.5188 -121.077 4
      vertex 7.11758 -120.829 4
    endloop
  endfacet
  facet normal 0 0 1
    outer loop
      vertex 2.70686 -117.276 4
      vertex 6.51594 -121.078 4
      vertex 6.5188 -121.077 4
    endloop
  endfacet
  facet normal 0 0 1
    outer loop
      vertex 2.70686 -117.276 4
      vertex 6.51329 -121.08 4
      vertex 6.51594 -121.078 4
    endloop
  endfacet
  facet normal 0 0 1
    outer loop
      vertex 2.70686 -117.276 4
      vertex 5.96069 -121.419 4
      vertex 6.51329 -121.08 4
    endloop
  endfacet
  facet normal 0 0 1
    outer loop
      vertex 2.70686 -117.276 4
      vertex 5.46786 -121.84 4
      vertex 5.96069 -121.419 4
    endloop
  endfacet
  facet normal 0 0 1
    outer loop
      vertex 2.70686 -117.276 4
      vertex 5.46551 -121.842 4
      vertex 5.46786 -121.84 4
    endloop
  endfacet
  facet normal 0 0 1
    outer loop
      vertex 2.70686 -117.276 4
      vertex 5.46349 -121.844 4
      vertex 5.46551 -121.842 4
    endloop
  endfacet
  facet normal 0 0 1
    outer loop
      vertex 2.70686 -117.276 4
      vertex 5.04258 -122.337 4
      vertex 5.46349 -121.844 4
    endloop
  endfacet
  facet normal 0 0 1
    outer loop
      vertex 2.70686 -117.276 4
      vertex 4.70232 -122.892 4
      vertex 5.04258 -122.337 4
    endloop
  endfacet
  facet normal 0 0 1
    outer loop
      vertex 2.70686 -117.276 4
      vertex 4.4543 -123.491 4
      vertex 4.70232 -122.892 4
    endloop
  endfacet
  facet normal 0 0 1
    outer loop
      vertex 2.70686 -117.276 4
      vertex 4.45311 -123.494 4
      vertex 4.4543 -123.491 4
    endloop
  endfacet
  facet normal 0 0 1
    outer loop
      vertex 2.70686 -117.276 4
      vertex 4.45239 -123.497 4
      vertex 4.45311 -123.494 4
    endloop
  endfacet
  facet normal 0 0 1
    outer loop
      vertex 2.70686 -117.276 4
      vertex 4.30109 -124.127 4
      vertex 4.45239 -123.497 4
    endloop
  endfacet
  facet normal 0 0 1
    outer loop
      vertex 0.0209168 -129.96 4
      vertex 4.30109 -124.127 4
      vertex 2.70686 -117.276 4
    endloop
  endfacet
  facet normal 0 0 1
    outer loop
      vertex 5.04258 -12.2625 4
      vertex 0.0209168 -12.8949 4
      vertex 2.70686 -17.3232 4
    endloop
  endfacet
  facet normal 0 0 1
    outer loop
      vertex 3.63865 -133.263 4
      vertex 3.27722 -133.196 4
      vertex 3.44941 -133.235 4
    endloop
  endfacet
  facet normal 0 0 1
    outer loop
      vertex 2.70686 -17.3232 4
      vertex 0.0209168 -12.8949 4
      vertex 2.70686 -117.276 4
    endloop
  endfacet
  facet normal 0 0 1
    outer loop
      vertex 0.0209168 -129.96 4
      vertex 2.70686 -117.276 4
      vertex 0.0209168 -12.8949 4
    endloop
  endfacet
  facet normal 0 0 1
    outer loop
      vertex 0.53015 -2.41677 4
      vertex 2.64615 -1.322 4
      vertex 2.56153 -1.32201 4
    endloop
  endfacet
  facet normal 0 0 1
    outer loop
      vertex 0.53015 -2.41677 4
      vertex 2.56153 -1.32201 4
      vertex 2.56083 -1.32201 4
    endloop
  endfacet
  facet normal 0 0 1
    outer loop
      vertex 0.53015 -2.41677 4
      vertex 2.56083 -1.32201 4
      vertex 2.56012 -1.32201 4
    endloop
  endfacet
  facet normal 0 0 1
    outer loop
      vertex 0.53015 -2.41677 4
      vertex 2.56012 -1.32201 4
      vertex 2.55943 -1.32201 4
    endloop
  endfacet
  facet normal 0 0 1
    outer loop
      vertex 1.00715 -1.88958 4
      vertex 2.55943 -1.32201 4
      vertex 2.55875 -1.32201 4
    endloop
  endfacet
  facet normal 0 0 1
    outer loop
      vertex 3.27722 -133.196 4
      vertex 0.0209168 -129.96 4
      vertex 2.6206 -133.047 4
    endloop
  endfacet
  facet normal 0 0 1
    outer loop
      vertex 1.00715 -1.88958 4
      vertex 2.55875 -1.32201 4
      vertex 2.47698 -1.32201 4
    endloop
  endfacet
  facet normal 0 0 1
    outer loop
      vertex 1.5901 -1.52038 4
      vertex 2.47698 -1.32201 4
      vertex 2.47634 -1.32201 4
    endloop
  endfacet
  facet normal 0 0 1
    outer loop
      vertex 1.5901 -1.52038 4
      vertex 2.47634 -1.32201 4
      vertex 2.47572 -1.32201 4
    endloop
  endfacet
  facet normal 0 0 1
    outer loop
      vertex 1.5901 -1.52038 4
      vertex 2.47572 -1.32201 4
      vertex 2.40236 -1.32202 4
    endloop
  endfacet
  facet normal 0 0 1
    outer loop
      vertex 1.5901 -1.52038 4
      vertex 2.40236 -1.32202 4
      vertex 2.4018 -1.32202 4
    endloop
  endfacet
  facet normal 0 0 1
    outer loop
      vertex 1.5901 -1.52038 4
      vertex 2.4018 -1.32202 4
      vertex 2.40126 -1.32202 4
    endloop
  endfacet
  facet normal 0 0 1
    outer loop
      vertex 1.5901 -1.52038 4
      vertex 2.40126 -1.32202 4
      vertex 2.40077 -1.32202 4
    endloop
  endfacet
  facet normal -0 -0 1
    outer loop
      vertex 2.35295 -132.953 4
      vertex 2.6206 -133.047 4
      vertex 0.0209168 -129.96 4
    endloop
  endfacet
  facet normal 0 0 1
    outer loop
      vertex 2.24108 -1.32824 4
      vertex 2.40077 -1.32202 4
      vertex 2.34084 -1.32203 4
    endloop
  endfacet
  facet normal 0 0 1
    outer loop
      vertex 2.24108 -1.32824 4
      vertex 2.34084 -1.32203 4
      vertex 2.34042 -1.32203 4
    endloop
  endfacet
  facet normal 0 0 1
    outer loop
      vertex 2.24108 -1.32824 4
      vertex 2.34042 -1.32203 4
      vertex 2.34003 -1.32203 4
    endloop
  endfacet
  facet normal 0 0 1
    outer loop
      vertex 2.24108 -1.32824 4
      vertex 2.34003 -1.32203 4
      vertex 2.33968 -1.32203 4
    endloop
  endfacet
  facet normal 0 0 1
    outer loop
      vertex 2.24108 -1.32824 4
      vertex 2.33968 -1.32203 4
      vertex 2.29731 -1.32204 4
    endloop
  endfacet
  facet normal 0 0 1
    outer loop
      vertex 2.24108 -1.32824 4
      vertex 2.29731 -1.32204 4
      vertex 2.29703 -1.32204 4
    endloop
  endfacet
  facet normal 0 0 1
    outer loop
      vertex 2.24108 -1.32824 4
      vertex 2.29703 -1.32204 4
      vertex 2.29679 -1.32204 4
    endloop
  endfacet
  facet normal 0 0 1
    outer loop
      vertex 2.24108 -1.32824 4
      vertex 2.29679 -1.32204 4
      vertex 2.29661 -1.32204 4
    endloop
  endfacet
  facet normal 0 0 1
    outer loop
      vertex 2.24108 -1.32824 4
      vertex 2.29661 -1.32204 4
      vertex 2.29646 -1.32204 4
    endloop
  endfacet
  facet normal 0 0 1
    outer loop
      vertex 2.24108 -1.32824 4
      vertex 2.29646 -1.32204 4
      vertex 2.27457 -1.32205 4
    endloop
  endfacet
  facet normal 0 0 1
    outer loop
      vertex 2.26312 -1.32309 4
      vertex 2.27457 -1.32205 4
      vertex 2.27448 -1.32205 4
    endloop
  endfacet
  facet normal 0 0 1
    outer loop
      vertex 2.26312 -1.32309 4
      vertex 2.27448 -1.32205 4
      vertex 2.27444 -1.32205 4
    endloop
  endfacet
  facet normal 0 0 1
    outer loop
      vertex 2.27457 -1.32205 4
      vertex 2.26312 -1.32309 4
      vertex 2.24108 -1.32824 4
    endloop
  endfacet
  facet normal 0 0 1
    outer loop
      vertex 2.24108 -1.32824 4
      vertex 2.26312 -1.32309 4
      vertex 2.25197 -1.32516 4
    endloop
  endfacet
  facet normal 0 0 1
    outer loop
      vertex 2.40077 -1.32202 4
      vertex 2.24108 -1.32824 4
      vertex 1.62272 -1.50422 4
    endloop
  endfacet
  facet normal -0 -0 1
    outer loop
      vertex 2.47799 -133.003 4
      vertex 2.6206 -133.047 4
      vertex 2.35295 -132.953 4
    endloop
  endfacet
  facet normal 0 0 1
    outer loop
      vertex 2.6206 -133.047 4
      vertex 2.47799 -133.003 4
      vertex 2.61652 -133.046 4
    endloop
  endfacet
  facet normal 0 0 1
    outer loop
      vertex 2.35295 -132.953 4
      vertex 0.0209168 -129.96 4
      vertex 1.764 -132.663 4
    endloop
  endfacet
  facet normal 0 0 1
    outer loop
      vertex 2.40077 -1.32202 4
      vertex 1.62272 -1.50422 4
      vertex 1.5901 -1.52038 4
    endloop
  endfacet
  facet normal 0 0 1
    outer loop
      vertex 1.5901 -1.52038 4
      vertex 1.62272 -1.50422 4
      vertex 1.6114 -1.50858 4
    endloop
  endfacet
  facet normal 0 0 1
    outer loop
      vertex 1.5901 -1.52038 4
      vertex 1.6114 -1.50858 4
      vertex 1.60051 -1.51398 4
    endloop
  endfacet
  facet normal 0 0 1
    outer loop
      vertex 2.47698 -1.32201 4
      vertex 1.5901 -1.52038 4
      vertex 1.00715 -1.88958 4
    endloop
  endfacet
  facet normal -0 -0 1
    outer loop
      vertex 0.12876 -130.525 4
      vertex 1.764 -132.663 4
      vertex 0.0209168 -129.96 4
    endloop
  endfacet
  facet normal 0 0 1
    outer loop
      vertex 1.764 -132.663 4
      vertex 1.43826 -132.451 4
      vertex 1.67235 -132.617 4
    endloop
  endfacet
  facet normal -0 -0 1
    outer loop
      vertex 1.57899 -132.562 4
      vertex 1.67235 -132.617 4
      vertex 1.43826 -132.451 4
    endloop
  endfacet
  facet normal 0 0 1
    outer loop
      vertex 1.00715 -1.88958 4
      vertex 1.5901 -1.52038 4
      vertex 1.03822 -1.86161 4
    endloop
  endfacet
  facet normal 0 0 1
    outer loop
      vertex 1.00715 -1.88958 4
      vertex 1.03822 -1.86161 4
      vertex 1.02713 -1.86991 4
    endloop
  endfacet
  facet normal 0 0 1
    outer loop
      vertex 1.00715 -1.88958 4
      vertex 1.02713 -1.86991 4
      vertex 1.01675 -1.87925 4
    endloop
  endfacet
  facet normal 0 0 1
    outer loop
      vertex 2.55943 -1.32201 4
      vertex 1.00715 -1.88958 4
      vertex 0.53015 -2.41677 4
    endloop
  endfacet
  facet normal 0 0 1
    outer loop
      vertex 1.67235 -132.617 4
      vertex 1.57899 -132.562 4
      vertex 1.66392 -132.613 4
    endloop
  endfacet
  facet normal 0 0 1
    outer loop
      vertex 1.57899 -132.562 4
      vertex 1.43826 -132.451 4
      vertex 1.50391 -132.508 4
    endloop
  endfacet
  facet normal 0 0 1
    outer loop
      vertex 1.764 -132.663 4
      vertex 0.12876 -130.525 4
      vertex 1.43826 -132.451 4
    endloop
  endfacet
  facet normal 0 0 1
    outer loop
      vertex 1.43826 -132.451 4
      vertex 0.12876 -130.525 4
      vertex 0.993588 -132.065 4
    endloop
  endfacet
  facet normal -0 -0 1
    outer loop
      vertex 0.697799 -131.737 4
      vertex 0.993588 -132.065 4
      vertex 0.12876 -130.525 4
    endloop
  endfacet
  facet normal 0 0 1
    outer loop
      vertex 0.993588 -132.065 4
      vertex 0.697799 -131.737 4
      vertex 0.895912 -131.979 4
    endloop
  endfacet
  facet normal -0 -0 1
    outer loop
      vertex 0.817229 -131.9 4
      vertex 0.895912 -131.979 4
      vertex 0.746634 -131.81 4
    endloop
  endfacet
  facet normal 0 0 1
    outer loop
      vertex 0.53015 -2.41677 4
      vertex 1.00715 -1.88958 4
      vertex 0.557296 -2.37481 4
    endloop
  endfacet
  facet normal 0 0 1
    outer loop
      vertex 0.53015 -2.41677 4
      vertex 0.557296 -2.37481 4
      vertex 0.547168 -2.38783 4
    endloop
  endfacet
  facet normal 0 0 1
    outer loop
      vertex 0.53015 -2.41677 4
      vertex 0.547168 -2.38783 4
      vertex 0.538096 -2.40184 4
    endloop
  endfacet
  facet normal 0 0 1
    outer loop
      vertex 2.64615 -1.322 4
      vertex 0.53015 -2.41677 4
      vertex 0.211946 -3.01515 4
    endloop
  endfacet
  facet normal 0 0 1
    outer loop
      vertex 0.895912 -131.979 4
      vertex 0.817229 -131.9 4
      vertex 0.881913 -131.967 4
    endloop
  endfacet
  facet normal 0 0 1
    outer loop
      vertex 0.817229 -131.9 4
      vertex 0.746634 -131.81 4
      vertex 0.762041 -131.832 4
    endloop
  endfacet
  facet normal -0 -0 1
    outer loop
      vertex 0.746634 -131.81 4
      vertex 0.895912 -131.979 4
      vertex 0.697799 -131.737 4
    endloop
  endfacet
  facet normal -0 -0 1
    outer loop
      vertex 0.288113 -131.041 4
      vertex 0.697799 -131.737 4
      vertex 0.12876 -130.525 4
    endloop
  endfacet
  facet normal -0 -0 1
    outer loop
      vertex 0.336428 -131.173 4
      vertex 0.381715 -131.263 4
      vertex 0.288113 -131.041 4
    endloop
  endfacet
  facet normal 0 0 1
    outer loop
      vertex 2.64615 -1.322 4
      vertex 0.211946 -3.01515 4
      vertex 0.197001 -3.05453 4
    endloop
  endfacet
  facet normal 0 0 1
    outer loop
      vertex 0.197001 -3.05453 4
      vertex 0.211946 -3.01515 4
      vertex 0.204089 -3.03348 4
    endloop
  endfacet
  facet normal 0 0 1
    outer loop
      vertex 0.197001 -3.05453 4
      vertex 0.204089 -3.03348 4
      vertex 0.20351 -3.03503 4
    endloop
  endfacet
  facet normal 0 0 1
    outer loop
      vertex 2.64615 -1.322 4
      vertex 0.197001 -3.05453 4
      vertex 0.0327383 -3.7242 4
    endloop
  endfacet
  facet normal 0 0 1
    outer loop
      vertex 0.381715 -131.263 4
      vertex 0.336428 -131.173 4
      vertex 0.348034 -131.2 4
    endloop
  endfacet
  facet normal 0 0 1
    outer loop
      vertex 0.336428 -131.173 4
      vertex 0.288113 -131.041 4
      vertex 0.308519 -131.107 4
    endloop
  endfacet
  facet normal 0 0 1
    outer loop
      vertex 0.697799 -131.737 4
      vertex 0.288113 -131.041 4
      vertex 0.381715 -131.263 4
    endloop
  endfacet
  facet normal 0 0 1
    outer loop
      vertex 0.12876 -130.525 4
      vertex 0.0209168 -129.96 4
      vertex 0.0633776 -130.245 4
    endloop
  endfacet
  facet normal 0 0 1
    outer loop
      vertex 2.64615 -1.322 4
      vertex 0.0327383 -3.7242 4
      vertex 0.0211407 -4.52354 4
    endloop
  endfacet
  facet normal 0 0 1
    outer loop
      vertex 0.0211721 -3.79621 4
      vertex 0.0327383 -3.7242 4
      vertex 0.0270056 -3.74757 4
    endloop
  endfacet
  facet normal 0 0 1
    outer loop
      vertex 2.64615 -1.322 4
      vertex 0.0211407 -4.52354 4
      vertex 0.0209168 -12.8949 4
    endloop
  endfacet
  facet normal 0 0 1
    outer loop
      vertex 0.0211721 -3.79621 4
      vertex 0.0270056 -3.74757 4
      vertex 0.0231314 -3.77163 4
    endloop
  endfacet
  facet normal 0 0 1
    outer loop
      vertex 0.0327383 -3.7242 4
      vertex 0.0211721 -3.79621 4
      vertex 0.0211407 -4.52354 4
    endloop
  endfacet
  facet normal 0 0 1
    outer loop
      vertex 0.0633776 -130.245 4
      vertex 0.0209168 -129.96 4
      vertex 0.0525961 -130.199 4
    endloop
  endfacet
  facet normal -0 -0 1
    outer loop
      vertex 0.0253131 -130.023 4
      vertex 0.0525961 -130.199 4
      vertex 0.0209168 -129.96 4
    endloop
  endfacet
  facet normal 0 0 1
    outer loop
      vertex 0.0525961 -130.199 4
      vertex 0.0253131 -130.023 4
      vertex 0.0342709 -130.11 4
    endloop
  endfacet
  facet normal -0 0 1
    outer loop
      vertex 12.4989 -10.4724 4
      vertex 15.9 -17.3232 4
      vertex 12.55 -9.82319 4
    endloop
  endfacet
  facet normal -0 0 1
    outer loop
      vertex 12.4982 -10.4754 4
      vertex 15.9 -17.3232 4
      vertex 12.4989 -10.4724 4
    endloop
  endfacet
  facet normal -0 0 1
    outer loop
      vertex 12.3469 -11.1056 4
      vertex 15.9 -17.3232 4
      vertex 12.4982 -10.4754 4
    endloop
  endfacet
  facet normal -0 0 1
    outer loop
      vertex 12.0989 -11.7044 4
      vertex 15.9 -17.3232 4
      vertex 12.3469 -11.1056 4
    endloop
  endfacet
  facet normal -0 0 1
    outer loop
      vertex 12.0977 -11.7072 4
      vertex 15.9 -17.3232 4
      vertex 12.0989 -11.7044 4
    endloop
  endfacet
  facet normal -0 0 1
    outer loop
      vertex 11.7574 -12.2625 4
      vertex 15.9 -17.3232 4
      vertex 12.0977 -11.7072 4
    endloop
  endfacet
  facet normal -0 0 1
    outer loop
      vertex 11.3365 -12.7553 4
      vertex 15.9 -17.3232 4
      vertex 11.7574 -12.2625 4
    endloop
  endfacet
  facet normal -0 0 1
    outer loop
      vertex 11.3345 -12.7577 4
      vertex 15.9 -17.3232 4
      vertex 11.3365 -12.7553 4
    endloop
  endfacet
  facet normal -0 0 1
    outer loop
      vertex 11.3321 -12.7597 4
      vertex 15.9 -17.3232 4
      vertex 11.3345 -12.7577 4
    endloop
  endfacet
  facet normal -0 0 1
    outer loop
      vertex 10.8393 -13.1806 4
      vertex 15.9 -17.3232 4
      vertex 11.3321 -12.7597 4
    endloop
  endfacet
  facet normal -0 0 1
    outer loop
      vertex 10.2867 -13.5192 4
      vertex 15.9 -17.3232 4
      vertex 10.8393 -13.1806 4
    endloop
  endfacet
  facet normal -0 0 1
    outer loop
      vertex 10.2841 -13.5209 4
      vertex 15.9 -17.3232 4
      vertex 10.2867 -13.5192 4
    endloop
  endfacet
  facet normal -0 0 1
    outer loop
      vertex 10.2812 -13.5221 4
      vertex 15.9 -17.3232 4
      vertex 10.2841 -13.5209 4
    endloop
  endfacet
  facet normal -0 0 1
    outer loop
      vertex 9.68242 -13.7701 4
      vertex 15.9 -17.3232 4
      vertex 10.2812 -13.5221 4
    endloop
  endfacet
  facet normal -0 0 1
    outer loop
      vertex 9.0492 -13.9221 4
      vertex 15.9 -17.3232 4
      vertex 9.68242 -13.7701 4
    endloop
  endfacet
  facet normal -0 0 1
    outer loop
      vertex 8.4 -13.9732 4
      vertex 15.9 -17.3232 4
      vertex 9.0492 -13.9221 4
    endloop
  endfacet
  facet normal 0 0 1
    outer loop
      vertex 2.70686 -17.3232 4
      vertex 8.4 -13.9732 4
      vertex 7.7508 -13.9221 4
    endloop
  endfacet
  facet normal 0 0 1
    outer loop
      vertex 2.70686 -17.3232 4
      vertex 7.7508 -13.9221 4
      vertex 7.11758 -13.7701 4
    endloop
  endfacet
  facet normal 0 0 1
    outer loop
      vertex 2.70686 -17.3232 4
      vertex 6.5188 -13.5221 4
      vertex 6.51594 -13.5209 4
    endloop
  endfacet
  facet normal 0 0 1
    outer loop
      vertex 2.70686 -17.3232 4
      vertex 6.51329 -13.5192 4
      vertex 5.96069 -13.1806 4
    endloop
  endfacet
  facet normal 0 0 1
    outer loop
      vertex 2.70686 -17.3232 4
      vertex 5.46349 -12.7553 4
      vertex 5.04258 -12.2625 4
    endloop
  endfacet
  facet normal 0 0 1
    outer loop
      vertex 0.0209168 -12.8949 4
      vertex 4.30182 -10.4754 4
      vertex 4.30109 -10.4724 4
    endloop
  endfacet
  facet normal 0 0 1
    outer loop
      vertex 8.4 -13.9732 4
      vertex 2.70686 -17.3232 4
      vertex 15.9 -17.3232 4
    endloop
  endfacet
  facet normal 0 0 1
    outer loop
      vertex 6.5188 -13.5221 4
      vertex 2.70686 -17.3232 4
      vertex 7.11758 -13.7701 4
    endloop
  endfacet
  facet normal 0 0 1
    outer loop
      vertex 6.51329 -13.5192 4
      vertex 2.70686 -17.3232 4
      vertex 6.51594 -13.5209 4
    endloop
  endfacet
  facet normal 0 0 1
    outer loop
      vertex 5.46786 -12.7597 4
      vertex 2.70686 -17.3232 4
      vertex 5.96069 -13.1806 4
    endloop
  endfacet
  facet normal 0 0 1
    outer loop
      vertex 5.46551 -12.7577 4
      vertex 2.70686 -17.3232 4
      vertex 5.46786 -12.7597 4
    endloop
  endfacet
  facet normal 0 0 1
    outer loop
      vertex 5.46349 -12.7553 4
      vertex 2.70686 -17.3232 4
      vertex 5.46551 -12.7577 4
    endloop
  endfacet
  facet normal 0 0 1
    outer loop
      vertex 0.0209168 -12.8949 4
      vertex 5.04258 -12.2625 4
      vertex 4.70232 -11.7072 4
    endloop
  endfacet
  facet normal 0 0 1
    outer loop
      vertex 0.0209168 -12.8949 4
      vertex 4.70232 -11.7072 4
      vertex 4.70114 -11.7044 4
    endloop
  endfacet
  facet normal 0 0 1
    outer loop
      vertex 0.0209168 -12.8949 4
      vertex 4.70114 -11.7044 4
      vertex 4.45311 -11.1056 4
    endloop
  endfacet
  facet normal 0 0 1
    outer loop
      vertex 0.0209168 -12.8949 4
      vertex 4.45311 -11.1056 4
      vertex 4.30182 -10.4754 4
    endloop
  endfacet
  facet normal 0 0 1
    outer loop
      vertex 0.0209168 -12.8949 4
      vertex 4.30109 -10.4724 4
      vertex 4.25 -9.82319 4
    endloop
  endfacet
  facet normal -0 0 1
    outer loop
      vertex 173.699 -10.4724 4
      vertex 177.979 -12.8949 4
      vertex 173.75 -9.82319 4
    endloop
  endfacet
  facet normal 0 0 1
    outer loop
      vertex 177.979 -4.52354 4
      vertex 173.699 -9.17398 4
      vertex 173.75 -9.82319 4
    endloop
  endfacet
  facet normal 0 0 1
    outer loop
      vertex 177.979 -4.52354 4
      vertex 173.547 -8.54077 4
      vertex 173.699 -9.17398 4
    endloop
  endfacet
  facet normal 0 0 1
    outer loop
      vertex 177.979 -4.52354 4
      vertex 173.298 -7.93913 4
      vertex 173.547 -8.54077 4
    endloop
  endfacet
  facet normal 0 0 1
    outer loop
      vertex 177.979 -4.52354 4
      vertex 172.957 -7.38388 4
      vertex 173.298 -7.93913 4
    endloop
  endfacet
  facet normal 0 0 1
    outer loop
      vertex 177.979 -4.52354 4
      vertex 172.955 -7.38152 4
      vertex 172.957 -7.38388 4
    endloop
  endfacet
  facet normal 0 0 1
    outer loop
      vertex 177.979 -4.52354 4
      vertex 172.534 -6.88869 4
      vertex 172.955 -7.38152 4
    endloop
  endfacet
  facet normal 0 0 1
    outer loop
      vertex 175.353 -1.322 4
      vertex 172.042 -6.46778 4
      vertex 172.534 -6.88869 4
    endloop
  endfacet
  facet normal 0 0 1
    outer loop
      vertex 175.353 -1.322 4
      vertex 172.039 -6.46577 4
      vertex 172.042 -6.46778 4
    endloop
  endfacet
  facet normal 0 0 1
    outer loop
      vertex 175.353 -1.322 4
      vertex 172.037 -6.46415 4
      vertex 172.039 -6.46577 4
    endloop
  endfacet
  facet normal 0 0 1
    outer loop
      vertex 175.353 -1.322 4
      vertex 171.484 -6.12551 4
      vertex 172.037 -6.46415 4
    endloop
  endfacet
  facet normal 0 0 1
    outer loop
      vertex 175.353 -1.322 4
      vertex 170.885 -5.87749 4
      vertex 171.484 -6.12551 4
    endloop
  endfacet
  facet normal 0 0 1
    outer loop
      vertex 175.353 -1.322 4
      vertex 170.882 -5.8763 4
      vertex 170.885 -5.87749 4
    endloop
  endfacet
  facet normal 0 0 1
    outer loop
      vertex 175.353 -1.322 4
      vertex 170.879 -5.87558 4
      vertex 170.882 -5.8763 4
    endloop
  endfacet
  facet normal 0 0 1
    outer loop
      vertex 175.353 -1.322 4
      vertex 170.249 -5.72428 4
      vertex 170.879 -5.87558 4
    endloop
  endfacet
  facet normal 0 0 1
    outer loop
      vertex 175.353 -1.322 4
      vertex 169.603 -5.67343 4
      vertex 170.249 -5.72428 4
    endloop
  endfacet
  facet normal 0 0 1
    outer loop
      vertex 175.353 -1.322 4
      vertex 169.6 -5.67319 4
      vertex 169.603 -5.67343 4
    endloop
  endfacet
  facet normal 0 0 1
    outer loop
      vertex 175.353 -1.322 4
      vertex 169.597 -5.67343 4
      vertex 169.6 -5.67319 4
    endloop
  endfacet
  facet normal 0 0 1
    outer loop
      vertex 175.353 -1.322 4
      vertex 168.951 -5.72428 4
      vertex 169.597 -5.67343 4
    endloop
  endfacet
  facet normal -0 0 1
    outer loop
      vertex 162.1 -4.14583 4
      vertex 168.951 -5.72428 4
      vertex 175.353 -1.322 4
    endloop
  endfacet
  facet normal 0 0 1
    outer loop
      vertex 168.951 -5.72428 4
      vertex 162.1 -4.14583 4
      vertex 168.321 -5.87558 4
    endloop
  endfacet
  facet normal 0 0 1
    outer loop
      vertex 168.321 -5.87558 4
      vertex 162.1 -4.14583 4
      vertex 168.318 -5.8763 4
    endloop
  endfacet
  facet normal 0 0 1
    outer loop
      vertex 168.318 -5.8763 4
      vertex 162.1 -4.14583 4
      vertex 168.315 -5.87749 4
    endloop
  endfacet
  facet normal 0 0 1
    outer loop
      vertex 168.315 -5.87749 4
      vertex 162.1 -4.14583 4
      vertex 167.716 -6.12551 4
    endloop
  endfacet
  facet normal 0 0 1
    outer loop
      vertex 167.716 -6.12551 4
      vertex 162.1 -4.14583 4
      vertex 167.163 -6.46415 4
    endloop
  endfacet
  facet normal 0 0 1
    outer loop
      vertex 162.1 -4.14583 4
      vertex 166.245 -7.38152 4
      vertex 166.666 -6.88869 4
    endloop
  endfacet
  facet normal 0 0 1
    outer loop
      vertex 165.501 -9.17398 4
      vertex 162.1 -4.14583 4
      vertex 165.45 -9.82319 4
    endloop
  endfacet
  facet normal 0 0 1
    outer loop
      vertex 165.653 -8.54077 4
      vertex 162.1 -4.14583 4
      vertex 165.501 -9.17398 4
    endloop
  endfacet
  facet normal 0 0 1
    outer loop
      vertex 165.902 -7.93913 4
      vertex 162.1 -4.14583 4
      vertex 165.653 -8.54077 4
    endloop
  endfacet
  facet normal 0 0 1
    outer loop
      vertex 166.243 -7.38388 4
      vertex 162.1 -4.14583 4
      vertex 165.902 -7.93913 4
    endloop
  endfacet
  facet normal 0 0 1
    outer loop
      vertex 166.245 -7.38152 4
      vertex 162.1 -4.14583 4
      vertex 166.243 -7.38388 4
    endloop
  endfacet
  facet normal 0 0 1
    outer loop
      vertex 167.158 -6.46778 4
      vertex 162.1 -4.14583 4
      vertex 166.666 -6.88869 4
    endloop
  endfacet
  facet normal 0 0 1
    outer loop
      vertex 167.161 -6.46577 4
      vertex 162.1 -4.14583 4
      vertex 167.158 -6.46778 4
    endloop
  endfacet
  facet normal 0 0 1
    outer loop
      vertex 167.163 -6.46415 4
      vertex 162.1 -4.14583 4
      vertex 167.161 -6.46577 4
    endloop
  endfacet
  facet normal 0 0 1
    outer loop
      vertex 175.353 -1.322 4
      vertex 15.9 -4.14583 4
      vertex 162.1 -4.14583 4
    endloop
  endfacet
  facet normal 0 0 1
    outer loop
      vertex 15.9 -4.14583 4
      vertex 12.55 -9.82319 4
      vertex 15.9 -17.3232 4
    endloop
  endfacet
  facet normal 0 0 1
    outer loop
      vertex 15.9 -4.14583 4
      vertex 12.4989 -9.17398 4
      vertex 12.55 -9.82319 4
    endloop
  endfacet
  facet normal 0 0 1
    outer loop
      vertex 15.9 -4.14583 4
      vertex 12.3469 -8.54077 4
      vertex 12.4989 -9.17398 4
    endloop
  endfacet
  facet normal 0 0 1
    outer loop
      vertex 15.9 -4.14583 4
      vertex 12.0977 -7.93913 4
      vertex 12.3469 -8.54077 4
    endloop
  endfacet
  facet normal 0 0 1
    outer loop
      vertex 15.9 -4.14583 4
      vertex 11.7574 -7.38388 4
      vertex 12.0977 -7.93913 4
    endloop
  endfacet
  facet normal 0 0 1
    outer loop
      vertex 15.9 -4.14583 4
      vertex 11.7554 -7.38152 4
      vertex 11.7574 -7.38388 4
    endloop
  endfacet
  facet normal 0 0 1
    outer loop
      vertex 15.9 -4.14583 4
      vertex 11.3345 -6.88869 4
      vertex 11.7554 -7.38152 4
    endloop
  endfacet
  facet normal 0 0 1
    outer loop
      vertex 15.9 -4.14583 4
      vertex 10.8417 -6.46778 4
      vertex 11.3345 -6.88869 4
    endloop
  endfacet
  facet normal 0 0 1
    outer loop
      vertex 15.9 -4.14583 4
      vertex 10.8393 -6.46577 4
      vertex 10.8417 -6.46778 4
    endloop
  endfacet
  facet normal 0 0 1
    outer loop
      vertex 15.9 -4.14583 4
      vertex 10.8367 -6.46415 4
      vertex 10.8393 -6.46577 4
    endloop
  endfacet
  facet normal 0 0 1
    outer loop
      vertex 15.9 -4.14583 4
      vertex 10.2841 -6.12551 4
      vertex 10.8367 -6.46415 4
    endloop
  endfacet
  facet normal 0 0 1
    outer loop
      vertex 15.9 -4.14583 4
      vertex 9.68528 -5.87749 4
      vertex 10.2841 -6.12551 4
    endloop
  endfacet
  facet normal 0 0 1
    outer loop
      vertex 15.9 -4.14583 4
      vertex 9.68242 -5.8763 4
      vertex 9.68528 -5.87749 4
    endloop
  endfacet
  facet normal 0 0 1
    outer loop
      vertex 15.9 -4.14583 4
      vertex 9.6794 -5.87558 4
      vertex 9.68242 -5.8763 4
    endloop
  endfacet
  facet normal 0 0 1
    outer loop
      vertex 15.9 -4.14583 4
      vertex 9.0492 -5.72428 4
      vertex 9.6794 -5.87558 4
    endloop
  endfacet
  facet normal 0 0 1
    outer loop
      vertex 2.64686 -1.322 4
      vertex 9.0492 -5.72428 4
      vertex 15.9 -4.14583 4
    endloop
  endfacet
  facet normal 0 0 1
    outer loop
      vertex 9.0492 -5.72428 4
      vertex 2.64686 -1.322 4
      vertex 8.40309 -5.67343 4
    endloop
  endfacet
  facet normal 0 0 1
    outer loop
      vertex 8.40309 -5.67343 4
      vertex 2.64686 -1.322 4
      vertex 8.4 -5.67319 4
    endloop
  endfacet
  facet normal 0 0 1
    outer loop
      vertex 8.4 -5.67319 4
      vertex 2.64686 -1.322 4
      vertex 8.39691 -5.67343 4
    endloop
  endfacet
  facet normal 0 0 1
    outer loop
      vertex 2.64686 -1.322 4
      vertex 7.12059 -5.87558 4
      vertex 7.7508 -5.72428 4
    endloop
  endfacet
  facet normal 0 0 1
    outer loop
      vertex 2.64686 -1.322 4
      vertex 7.11471 -5.87749 4
      vertex 7.11758 -5.8763 4
    endloop
  endfacet
  facet normal 0 0 1
    outer loop
      vertex 0.0209168 -12.8949 4
      vertex 4.45311 -8.54077 4
      vertex 2.64615 -1.322 4
    endloop
  endfacet
  facet normal 0 0 1
    outer loop
      vertex 4.30109 -9.17398 4
      vertex 0.0209168 -12.8949 4
      vertex 4.25 -9.82319 4
    endloop
  endfacet
  facet normal 0 0 1
    outer loop
      vertex 4.45311 -8.54077 4
      vertex 0.0209168 -12.8949 4
      vertex 4.30109 -9.17398 4
    endloop
  endfacet
  facet normal 0 0 1
    outer loop
      vertex 4.70232 -7.93913 4
      vertex 2.64615 -1.322 4
      vertex 4.45311 -8.54077 4
    endloop
  endfacet
  facet normal 0 0 1
    outer loop
      vertex 5.04258 -7.38388 4
      vertex 2.64615 -1.322 4
      vertex 4.70232 -7.93913 4
    endloop
  endfacet
  facet normal 0 0 1
    outer loop
      vertex 5.04459 -7.38152 4
      vertex 2.64615 -1.322 4
      vertex 5.04258 -7.38388 4
    endloop
  endfacet
  facet normal 0 0 1
    outer loop
      vertex 5.46551 -6.88869 4
      vertex 2.64615 -1.322 4
      vertex 5.04459 -7.38152 4
    endloop
  endfacet
  facet normal -0 0 1
    outer loop
      vertex 2.64615 -1.322 4
      vertex 5.46551 -6.88869 4
      vertex 2.64686 -1.322 4
    endloop
  endfacet
  facet normal 0 0 1
    outer loop
      vertex 5.95833 -6.46778 4
      vertex 2.64686 -1.322 4
      vertex 5.46551 -6.88869 4
    endloop
  endfacet
  facet normal 0 0 1
    outer loop
      vertex 5.96069 -6.46577 4
      vertex 2.64686 -1.322 4
      vertex 5.95833 -6.46778 4
    endloop
  endfacet
  facet normal 0 0 1
    outer loop
      vertex 5.96333 -6.46415 4
      vertex 2.64686 -1.322 4
      vertex 5.96069 -6.46577 4
    endloop
  endfacet
  facet normal 0 0 1
    outer loop
      vertex 6.51594 -6.12551 4
      vertex 2.64686 -1.322 4
      vertex 5.96333 -6.46415 4
    endloop
  endfacet
  facet normal 0 0 1
    outer loop
      vertex 7.11471 -5.87749 4
      vertex 2.64686 -1.322 4
      vertex 6.51594 -6.12551 4
    endloop
  endfacet
  facet normal 0 0 1
    outer loop
      vertex 7.12059 -5.87558 4
      vertex 2.64686 -1.322 4
      vertex 7.11758 -5.8763 4
    endloop
  endfacet
  facet normal 0 0 1
    outer loop
      vertex 8.39691 -5.67343 4
      vertex 2.64686 -1.322 4
      vertex 7.7508 -5.72428 4
    endloop
  endfacet
  facet normal -0 0 1
    outer loop
      vertex 2.64686 -1.322 4
      vertex 15.9 -4.14583 4
      vertex 175.353 -1.322 4
    endloop
  endfacet
  facet normal 0 0 1
    outer loop
      vertex 172.534 -6.88869 4
      vertex 177.979 -4.52354 4
      vertex 175.353 -1.322 4
    endloop
  endfacet
  facet normal 0 0 1
    outer loop
      vertex 177.967 -3.7242 4
      vertex 177.979 -4.52354 4
      vertex 177.979 -3.79621 4
    endloop
  endfacet
  facet normal 0 0 1
    outer loop
      vertex 177.967 -3.7242 4
      vertex 177.979 -3.79621 4
      vertex 177.977 -3.77163 4
    endloop
  endfacet
  facet normal 0 0 1
    outer loop
      vertex 175.293 -117.276 4
      vertex 177.979 -12.8949 4
      vertex 175.293 -17.3232 4
    endloop
  endfacet
  facet normal 0 0 1
    outer loop
      vertex 177.967 -3.7242 4
      vertex 177.977 -3.77163 4
      vertex 177.973 -3.74757 4
    endloop
  endfacet
  facet normal 0 0 1
    outer loop
      vertex 177.979 -4.52354 4
      vertex 177.967 -3.7242 4
      vertex 175.353 -1.322 4
    endloop
  endfacet
  facet normal 0 0 1
    outer loop
      vertex 177.979 -12.8949 4
      vertex 175.293 -117.276 4
      vertex 177.979 -129.96 4
    endloop
  endfacet
  facet normal -0 0 1
    outer loop
      vertex 173.699 -124.127 4
      vertex 177.979 -129.96 4
      vertex 175.293 -117.276 4
    endloop
  endfacet
  facet normal -0 -0 1
    outer loop
      vertex 173.75 -124.773 4
      vertex 177.979 -129.96 4
      vertex 173.699 -124.127 4
    endloop
  endfacet
  facet normal -0 0 1
    outer loop
      vertex 173.75 -124.776 4
      vertex 177.979 -129.96 4
      vertex 173.75 -124.773 4
    endloop
  endfacet
  facet normal 0 0 1
    outer loop
      vertex 175.353 -1.322 4
      vertex 177.967 -3.7242 4
      vertex 177.803 -3.05453 4
    endloop
  endfacet
  facet normal 0 0 1
    outer loop
      vertex 177.788 -3.01515 4
      vertex 177.803 -3.05453 4
      vertex 177.796 -3.03503 4
    endloop
  endfacet
  facet normal 0 0 1
    outer loop
      vertex 177.788 -3.01515 4
      vertex 177.796 -3.03503 4
      vertex 177.796 -3.03348 4
    endloop
  endfacet
  facet normal 0 0 1
    outer loop
      vertex 177.803 -3.05453 4
      vertex 177.788 -3.01515 4
      vertex 175.353 -1.322 4
    endloop
  endfacet
  facet normal -0 0 1
    outer loop
      vertex 173.699 -125.425 4
      vertex 177.979 -129.96 4
      vertex 173.75 -124.776 4
    endloop
  endfacet
  facet normal -0 0 1
    outer loop
      vertex 173.547 -126.059 4
      vertex 177.979 -129.96 4
      vertex 173.699 -125.425 4
    endloop
  endfacet
  facet normal -0 0 1
    outer loop
      vertex 173.546 -126.061 4
      vertex 177.979 -129.96 4
      vertex 173.547 -126.059 4
    endloop
  endfacet
  facet normal -0 0 1
    outer loop
      vertex 173.298 -126.66 4
      vertex 177.979 -129.96 4
      vertex 173.546 -126.061 4
    endloop
  endfacet
  facet normal -0 0 1
    outer loop
      vertex 172.959 -127.213 4
      vertex 177.979 -129.96 4
      vertex 173.298 -126.66 4
    endloop
  endfacet
  facet normal 0 0 1
    outer loop
      vertex 175.353 -1.322 4
      vertex 177.788 -3.01515 4
      vertex 177.47 -2.41677 4
    endloop
  endfacet
  facet normal 0 0 1
    outer loop
      vertex 177.443 -2.37481 4
      vertex 177.47 -2.41677 4
      vertex 177.462 -2.40184 4
    endloop
  endfacet
  facet normal 0 0 1
    outer loop
      vertex 177.443 -2.37481 4
      vertex 177.462 -2.40184 4
      vertex 177.453 -2.38783 4
    endloop
  endfacet
  facet normal 0 0 1
    outer loop
      vertex 176.993 -1.88958 4
      vertex 177.47 -2.41677 4
      vertex 177.443 -2.37481 4
    endloop
  endfacet
  facet normal -0 0 1
    outer loop
      vertex 172.957 -127.215 4
      vertex 177.979 -129.96 4
      vertex 172.959 -127.213 4
    endloop
  endfacet
  facet normal 0 -0 1
    outer loop
      vertex 177.937 -130.245 4
      vertex 177.979 -129.96 4
      vertex 172.536 -127.708 4
    endloop
  endfacet
  facet normal 0 0 1
    outer loop
      vertex 177.979 -129.96 4
      vertex 177.937 -130.245 4
      vertex 177.975 -130.023 4
    endloop
  endfacet
  facet normal 0 0 1
    outer loop
      vertex 177.975 -130.023 4
      vertex 177.947 -130.199 4
      vertex 177.966 -130.11 4
    endloop
  endfacet
  facet normal 0 0 1
    outer loop
      vertex 177.975 -130.023 4
      vertex 177.937 -130.245 4
      vertex 177.947 -130.199 4
    endloop
  endfacet
  facet normal 0 0 1
    outer loop
      vertex 177.937 -130.245 4
      vertex 172.536 -127.708 4
      vertex 177.871 -130.525 4
    endloop
  endfacet
  facet normal 0 -0 1
    outer loop
      vertex 177.302 -131.737 4
      vertex 177.871 -130.525 4
      vertex 172.534 -127.711 4
    endloop
  endfacet
  facet normal 0 0 1
    outer loop
      vertex 177.47 -2.41677 4
      vertex 176.993 -1.88958 4
      vertex 175.354 -1.322 4
    endloop
  endfacet
  facet normal 0 0 1
    outer loop
      vertex 176.962 -1.86161 4
      vertex 176.993 -1.88958 4
      vertex 176.983 -1.87925 4
    endloop
  endfacet
  facet normal 0 0 1
    outer loop
      vertex 176.962 -1.86161 4
      vertex 176.983 -1.87925 4
      vertex 176.973 -1.86991 4
    endloop
  endfacet
  facet normal 0 0 1
    outer loop
      vertex 176.41 -1.52038 4
      vertex 176.993 -1.88958 4
      vertex 176.962 -1.86161 4
    endloop
  endfacet
  facet normal 0 0 1
    outer loop
      vertex 177.871 -130.525 4
      vertex 177.302 -131.737 4
      vertex 177.712 -131.041 4
    endloop
  endfacet
  facet normal 0 -0 1
    outer loop
      vertex 177.618 -131.263 4
      vertex 177.712 -131.041 4
      vertex 177.302 -131.737 4
    endloop
  endfacet
  facet normal 0 -0 1
    outer loop
      vertex 177.664 -131.173 4
      vertex 177.712 -131.041 4
      vertex 177.618 -131.263 4
    endloop
  endfacet
  facet normal 0 0 1
    outer loop
      vertex 176.993 -1.88958 4
      vertex 176.41 -1.52038 4
      vertex 175.441 -1.32201 4
    endloop
  endfacet
  facet normal 0 0 1
    outer loop
      vertex 176.377 -1.50422 4
      vertex 176.41 -1.52038 4
      vertex 176.399 -1.51398 4
    endloop
  endfacet
  facet normal 0 0 1
    outer loop
      vertex 176.377 -1.50422 4
      vertex 176.399 -1.51398 4
      vertex 176.389 -1.50858 4
    endloop
  endfacet
  facet normal 0 0 1
    outer loop
      vertex 175.598 -1.32202 4
      vertex 176.41 -1.52038 4
      vertex 176.377 -1.50422 4
    endloop
  endfacet
  facet normal -0 0 1
    outer loop
      vertex 172.536 -127.708 4
      vertex 177.979 -129.96 4
      vertex 172.957 -127.215 4
    endloop
  endfacet
  facet normal 0 0 1
    outer loop
      vertex 177.712 -131.041 4
      vertex 177.664 -131.173 4
      vertex 177.691 -131.107 4
    endloop
  endfacet
  facet normal 0 -0 1
    outer loop
      vertex 177.104 -131.979 4
      vertex 177.302 -131.737 4
      vertex 177.006 -132.065 4
    endloop
  endfacet
  facet normal 0 0 1
    outer loop
      vertex 175.598 -1.32202 4
      vertex 176.377 -1.50422 4
      vertex 175.759 -1.32824 4
    endloop
  endfacet
  facet normal 0 0 1
    outer loop
      vertex 175.725 -1.32205 4
      vertex 175.759 -1.32824 4
      vertex 175.748 -1.32516 4
    endloop
  endfacet
  facet normal 0 0 1
    outer loop
      vertex 175.725 -1.32205 4
      vertex 175.748 -1.32516 4
      vertex 175.737 -1.32309 4
    endloop
  endfacet
  facet normal -0 0 1
    outer loop
      vertex 175.725 -1.32205 4
      vertex 175.737 -1.32309 4
      vertex 175.726 -1.32205 4
    endloop
  endfacet
  facet normal 0 0 1
    outer loop
      vertex 175.759 -1.32824 4
      vertex 175.725 -1.32205 4
      vertex 175.704 -1.32204 4
    endloop
  endfacet
  facet normal 0 0 1
    outer loop
      vertex 175.759 -1.32824 4
      vertex 175.704 -1.32204 4
      vertex 175.703 -1.32204 4
    endloop
  endfacet
  facet normal 0 0 1
    outer loop
      vertex 175.759 -1.32824 4
      vertex 175.703 -1.32204 4
      vertex 175.66 -1.32203 4
    endloop
  endfacet
  facet normal 0 0 1
    outer loop
      vertex 175.759 -1.32824 4
      vertex 175.66 -1.32203 4
      vertex 175.659 -1.32203 4
    endloop
  endfacet
  facet normal 0 0 1
    outer loop
      vertex 175.759 -1.32824 4
      vertex 175.659 -1.32203 4
      vertex 175.599 -1.32202 4
    endloop
  endfacet
  facet normal 0 0 1
    outer loop
      vertex 177.302 -131.737 4
      vertex 177.104 -131.979 4
      vertex 177.253 -131.81 4
    endloop
  endfacet
  facet normal 0 0 1
    outer loop
      vertex 175.759 -1.32824 4
      vertex 175.599 -1.32202 4
      vertex 175.598 -1.32202 4
    endloop
  endfacet
  facet normal 0 0 1
    outer loop
      vertex 176.41 -1.52038 4
      vertex 175.598 -1.32202 4
      vertex 175.524 -1.32201 4
    endloop
  endfacet
  facet normal 0 0 1
    outer loop
      vertex 176.41 -1.52038 4
      vertex 175.524 -1.32201 4
      vertex 175.523 -1.32201 4
    endloop
  endfacet
  facet normal 0 0 1
    outer loop
      vertex 176.41 -1.52038 4
      vertex 175.523 -1.32201 4
      vertex 175.441 -1.32201 4
    endloop
  endfacet
  facet normal 0 0 1
    outer loop
      vertex 177.253 -131.81 4
      vertex 177.104 -131.979 4
      vertex 177.238 -131.832 4
    endloop
  endfacet
  facet normal 0 0 1
    outer loop
      vertex 176.993 -1.88958 4
      vertex 175.441 -1.32201 4
      vertex 175.44 -1.32201 4
    endloop
  endfacet
  facet normal 0 0 1
    outer loop
      vertex 176.993 -1.88958 4
      vertex 175.44 -1.32201 4
      vertex 175.439 -1.32201 4
    endloop
  endfacet
  facet normal 0 0 1
    outer loop
      vertex 176.993 -1.88958 4
      vertex 175.439 -1.32201 4
      vertex 175.438 -1.32201 4
    endloop
  endfacet
  facet normal 0 0 1
    outer loop
      vertex 176.993 -1.88958 4
      vertex 175.438 -1.32201 4
      vertex 175.354 -1.322 4
    endloop
  endfacet
  facet normal 0 0 1
    outer loop
      vertex 177.183 -131.9 4
      vertex 177.104 -131.979 4
      vertex 177.118 -131.967 4
    endloop
  endfacet
  facet normal 0 0 1
    outer loop
      vertex 177.238 -131.832 4
      vertex 177.104 -131.979 4
      vertex 177.183 -131.9 4
    endloop
  endfacet
  facet normal 0 0 1
    outer loop
      vertex 177.47 -2.41677 4
      vertex 175.354 -1.322 4
      vertex 175.353 -1.322 4
    endloop
  endfacet
  facet normal 0 0 1
    outer loop
      vertex 177.979 -4.52354 4
      vertex 173.75 -9.82319 4
      vertex 177.979 -12.8949 4
    endloop
  endfacet
  facet normal 0 0 1
    outer loop
      vertex 177.302 -131.737 4
      vertex 172.534 -127.711 4
      vertex 177.006 -132.065 4
    endloop
  endfacet
  facet normal 0 0 1
    outer loop
      vertex 177.006 -132.065 4
      vertex 172.534 -127.711 4
      vertex 176.562 -132.451 4
    endloop
  endfacet
  facet normal 0 -0 1
    outer loop
      vertex 176.236 -132.663 4
      vertex 176.562 -132.451 4
      vertex 172.534 -127.711 4
    endloop
  endfacet
  facet normal 0 -0 1
    outer loop
      vertex 176.328 -132.617 4
      vertex 176.562 -132.451 4
      vertex 176.236 -132.663 4
    endloop
  endfacet
  facet normal 0 0 1
    outer loop
      vertex 176.562 -132.451 4
      vertex 176.328 -132.617 4
      vertex 176.496 -132.508 4
    endloop
  endfacet
  facet normal 0 0 1
    outer loop
      vertex 176.421 -132.562 4
      vertex 176.328 -132.617 4
      vertex 176.336 -132.613 4
    endloop
  endfacet
  facet normal 0 0 1
    outer loop
      vertex 176.236 -132.663 4
      vertex 172.534 -127.711 4
      vertex 175.647 -132.953 4
    endloop
  endfacet
  facet normal 0 -0 1
    outer loop
      vertex 175.379 -133.047 4
      vertex 175.647 -132.953 4
      vertex 172.534 -127.711 4
    endloop
  endfacet
  facet normal 0 0 1
    outer loop
      vertex 175.647 -132.953 4
      vertex 175.379 -133.047 4
      vertex 175.522 -133.003 4
    endloop
  endfacet
  facet normal 0 0 1
    outer loop
      vertex 175.522 -133.003 4
      vertex 175.379 -133.047 4
      vertex 175.383 -133.046 4
    endloop
  endfacet
  facet normal 0 0 1
    outer loop
      vertex 175.379 -133.047 4
      vertex 172.534 -127.711 4
      vertex 174.723 -133.196 4
    endloop
  endfacet
  facet normal -0 0 1
    outer loop
      vertex 172.039 -128.134 4
      vertex 174.723 -133.196 4
      vertex 172.534 -127.711 4
    endloop
  endfacet
  facet normal 0 -0 1
    outer loop
      vertex 174.06 -133.278 4
      vertex 174.723 -133.196 4
      vertex 172.039 -128.134 4
    endloop
  endfacet
  facet normal 0 0 1
    outer loop
      vertex 174.723 -133.196 4
      vertex 174.077 -133.278 4
      vertex 174.551 -133.235 4
    endloop
  endfacet
  facet normal 0 0 1
    outer loop
      vertex 174.551 -133.235 4
      vertex 174.077 -133.278 4
      vertex 174.361 -133.263 4
    endloop
  endfacet
  facet normal 0 0 1
    outer loop
      vertex 174.361 -133.263 4
      vertex 174.154 -133.278 4
      vertex 174.155 -133.278 4
    endloop
  endfacet
  facet normal 0 0 1
    outer loop
      vertex 174.361 -133.263 4
      vertex 174.151 -133.278 4
      vertex 174.154 -133.278 4
    endloop
  endfacet
  facet normal 0 0 0
    outer loop
      vertex 174.154 -133.278 4
      vertex 174.151 -133.278 4
      vertex 174.153 -133.278 4
    endloop
  endfacet
  facet normal 0 0 1
    outer loop
      vertex 174.361 -133.263 4
      vertex 174.129 -133.278 4
      vertex 174.151 -133.278 4
    endloop
  endfacet
  facet normal 0 0 1
    outer loop
      vertex 174.361 -133.263 4
      vertex 174.126 -133.278 4
      vertex 174.129 -133.278 4
    endloop
  endfacet
  facet normal 0 0 1
    outer loop
      vertex 174.361 -133.263 4
      vertex 174.122 -133.278 4
      vertex 174.126 -133.278 4
    endloop
  endfacet
  facet normal 0 0 1
    outer loop
      vertex 174.361 -133.263 4
      vertex 174.077 -133.278 4
      vertex 174.122 -133.278 4
    endloop
  endfacet
  facet normal 0 0 1
    outer loop
      vertex 174.723 -133.196 4
      vertex 174.072 -133.278 4
      vertex 174.077 -133.278 4
    endloop
  endfacet
  facet normal 0 0 1
    outer loop
      vertex 174.723 -133.196 4
      vertex 174.067 -133.278 4
      vertex 174.072 -133.278 4
    endloop
  endfacet
  facet normal 0 0 1
    outer loop
      vertex 174.723 -133.196 4
      vertex 174.06 -133.278 4
      vertex 174.067 -133.278 4
    endloop
  endfacet
  facet normal 0 0 1
    outer loop
      vertex 174.06 -133.278 4
      vertex 172.039 -128.134 4
      vertex 174.053 -133.278 4
    endloop
  endfacet
  facet normal 0 0 1
    outer loop
      vertex 174.053 -133.278 4
      vertex 172.039 -128.134 4
      vertex 173.99 -133.278 4
    endloop
  endfacet
  facet normal 0 0 1
    outer loop
      vertex 176.496 -132.508 4
      vertex 176.328 -132.617 4
      vertex 176.421 -132.562 4
    endloop
  endfacet
  facet normal 0 0 1
    outer loop
      vertex 177.664 -131.173 4
      vertex 177.618 -131.263 4
      vertex 177.652 -131.2 4
    endloop
  endfacet
  facet normal -0 0 1
    outer loop
      vertex 172.534 -127.711 4
      vertex 177.871 -130.525 4
      vertex 172.536 -127.708 4
    endloop
  endfacet
  facet normal 0 0 1
    outer loop
      vertex 175.293 -117.276 4
      vertex 173.548 -123.497 4
      vertex 173.699 -124.127 4
    endloop
  endfacet
  facet normal 0 0 1
    outer loop
      vertex 175.293 -117.276 4
      vertex 173.547 -123.494 4
      vertex 173.548 -123.497 4
    endloop
  endfacet
  facet normal 0 0 1
    outer loop
      vertex 175.293 -117.276 4
      vertex 173.546 -123.491 4
      vertex 173.547 -123.494 4
    endloop
  endfacet
  facet normal 0 0 1
    outer loop
      vertex 175.293 -117.276 4
      vertex 173.298 -122.892 4
      vertex 173.546 -123.491 4
    endloop
  endfacet
  facet normal 0 0 1
    outer loop
      vertex 175.293 -117.276 4
      vertex 172.957 -122.337 4
      vertex 173.298 -122.892 4
    endloop
  endfacet
  facet normal 0 0 1
    outer loop
      vertex 175.293 -117.276 4
      vertex 172.536 -121.844 4
      vertex 172.957 -122.337 4
    endloop
  endfacet
  facet normal 0 0 1
    outer loop
      vertex 175.293 -117.276 4
      vertex 172.534 -121.842 4
      vertex 172.536 -121.844 4
    endloop
  endfacet
  facet normal 0 0 1
    outer loop
      vertex 175.293 -117.276 4
      vertex 172.532 -121.84 4
      vertex 172.534 -121.842 4
    endloop
  endfacet
  facet normal 0 0 1
    outer loop
      vertex 175.293 -117.276 4
      vertex 172.039 -121.419 4
      vertex 172.532 -121.84 4
    endloop
  endfacet
  facet normal 0 0 1
    outer loop
      vertex 175.293 -117.276 4
      vertex 171.487 -121.08 4
      vertex 172.039 -121.419 4
    endloop
  endfacet
  facet normal 0 0 1
    outer loop
      vertex 175.293 -117.276 4
      vertex 171.484 -121.078 4
      vertex 171.487 -121.08 4
    endloop
  endfacet
  facet normal 0 0 1
    outer loop
      vertex 175.293 -117.276 4
      vertex 171.481 -121.077 4
      vertex 171.484 -121.078 4
    endloop
  endfacet
  facet normal 0 0 1
    outer loop
      vertex 175.293 -117.276 4
      vertex 170.882 -120.829 4
      vertex 171.481 -121.077 4
    endloop
  endfacet
  facet normal 0 0 1
    outer loop
      vertex 175.293 -117.276 4
      vertex 170.252 -120.678 4
      vertex 170.882 -120.829 4
    endloop
  endfacet
  facet normal 0 0 1
    outer loop
      vertex 175.293 -117.276 4
      vertex 170.249 -120.677 4
      vertex 170.252 -120.678 4
    endloop
  endfacet
  facet normal 0 0 1
    outer loop
      vertex 175.293 -117.276 4
      vertex 169.6 -120.626 4
      vertex 170.249 -120.677 4
    endloop
  endfacet
  facet normal 0 0 1
    outer loop
      vertex 175.293 -117.276 4
      vertex 168.951 -120.677 4
      vertex 169.6 -120.626 4
    endloop
  endfacet
  facet normal -0 0 1
    outer loop
      vertex 162.1 -117.276 4
      vertex 168.951 -120.677 4
      vertex 175.293 -117.276 4
    endloop
  endfacet
  facet normal 0 0 1
    outer loop
      vertex 168.951 -120.677 4
      vertex 162.1 -117.276 4
      vertex 168.948 -120.678 4
    endloop
  endfacet
  facet normal 0 0 1
    outer loop
      vertex 168.948 -120.678 4
      vertex 162.1 -117.276 4
      vertex 168.318 -120.829 4
    endloop
  endfacet
  facet normal 0 0 1
    outer loop
      vertex 168.318 -120.829 4
      vertex 162.1 -117.276 4
      vertex 167.719 -121.077 4
    endloop
  endfacet
  facet normal 0 0 1
    outer loop
      vertex 162.1 -117.276 4
      vertex 165.45 -124.773 4
      vertex 165.501 -124.127 4
    endloop
  endfacet
  facet normal 0 0 1
    outer loop
      vertex 162.1 -130.453 4
      vertex 165.45 -124.773 4
      vertex 162.1 -117.276 4
    endloop
  endfacet
  facet normal 0 0 1
    outer loop
      vertex 165.652 -123.497 4
      vertex 162.1 -117.276 4
      vertex 165.501 -124.127 4
    endloop
  endfacet
  facet normal 0 0 1
    outer loop
      vertex 165.653 -123.494 4
      vertex 162.1 -117.276 4
      vertex 165.652 -123.497 4
    endloop
  endfacet
  facet normal 0 0 1
    outer loop
      vertex 165.654 -123.491 4
      vertex 162.1 -117.276 4
      vertex 165.653 -123.494 4
    endloop
  endfacet
  facet normal 0 0 1
    outer loop
      vertex 165.902 -122.892 4
      vertex 162.1 -117.276 4
      vertex 165.654 -123.491 4
    endloop
  endfacet
  facet normal 0 0 1
    outer loop
      vertex 166.243 -122.337 4
      vertex 162.1 -117.276 4
      vertex 165.902 -122.892 4
    endloop
  endfacet
  facet normal 0 0 1
    outer loop
      vertex 166.663 -121.844 4
      vertex 162.1 -117.276 4
      vertex 166.243 -122.337 4
    endloop
  endfacet
  facet normal 0 0 1
    outer loop
      vertex 166.666 -121.842 4
      vertex 162.1 -117.276 4
      vertex 166.663 -121.844 4
    endloop
  endfacet
  facet normal 0 0 1
    outer loop
      vertex 166.668 -121.84 4
      vertex 162.1 -117.276 4
      vertex 166.666 -121.842 4
    endloop
  endfacet
  facet normal 0 0 1
    outer loop
      vertex 167.161 -121.419 4
      vertex 162.1 -117.276 4
      vertex 166.668 -121.84 4
    endloop
  endfacet
  facet normal 0 0 1
    outer loop
      vertex 167.713 -121.08 4
      vertex 162.1 -117.276 4
      vertex 167.161 -121.419 4
    endloop
  endfacet
  facet normal 0 0 1
    outer loop
      vertex 167.716 -121.078 4
      vertex 162.1 -117.276 4
      vertex 167.713 -121.08 4
    endloop
  endfacet
  facet normal 0 0 1
    outer loop
      vertex 167.719 -121.077 4
      vertex 162.1 -117.276 4
      vertex 167.716 -121.078 4
    endloop
  endfacet
  facet normal -0 0 1
    outer loop
      vertex 173.698 -10.4754 4
      vertex 177.979 -12.8949 4
      vertex 173.699 -10.4724 4
    endloop
  endfacet
  facet normal -0 0 1
    outer loop
      vertex 173.547 -11.1056 4
      vertex 177.979 -12.8949 4
      vertex 173.698 -10.4754 4
    endloop
  endfacet
  facet normal -0 0 1
    outer loop
      vertex 173.299 -11.7044 4
      vertex 177.979 -12.8949 4
      vertex 173.547 -11.1056 4
    endloop
  endfacet
  facet normal -0 0 1
    outer loop
      vertex 173.298 -11.7072 4
      vertex 177.979 -12.8949 4
      vertex 173.299 -11.7044 4
    endloop
  endfacet
  facet normal -0 0 1
    outer loop
      vertex 172.957 -12.2625 4
      vertex 177.979 -12.8949 4
      vertex 173.298 -11.7072 4
    endloop
  endfacet
  facet normal 0 0 1
    outer loop
      vertex 177.979 -12.8949 4
      vertex 172.957 -12.2625 4
      vertex 175.293 -17.3232 4
    endloop
  endfacet
  facet normal -0 0 1
    outer loop
      vertex 172.536 -12.7553 4
      vertex 175.293 -17.3232 4
      vertex 172.957 -12.2625 4
    endloop
  endfacet
  facet normal -0 0 1
    outer loop
      vertex 172.534 -12.7577 4
      vertex 175.293 -17.3232 4
      vertex 172.536 -12.7553 4
    endloop
  endfacet
  facet normal -0 0 1
    outer loop
      vertex 172.532 -12.7597 4
      vertex 175.293 -17.3232 4
      vertex 172.534 -12.7577 4
    endloop
  endfacet
  facet normal -0 0 1
    outer loop
      vertex 172.039 -13.1806 4
      vertex 175.293 -17.3232 4
      vertex 172.532 -12.7597 4
    endloop
  endfacet
  facet normal -0 0 1
    outer loop
      vertex 171.487 -13.5192 4
      vertex 175.293 -17.3232 4
      vertex 172.039 -13.1806 4
    endloop
  endfacet
  facet normal -0 0 1
    outer loop
      vertex 171.484 -13.5209 4
      vertex 175.293 -17.3232 4
      vertex 171.487 -13.5192 4
    endloop
  endfacet
  facet normal -0 0 1
    outer loop
      vertex 171.481 -13.5221 4
      vertex 175.293 -17.3232 4
      vertex 171.484 -13.5209 4
    endloop
  endfacet
  facet normal -0 0 1
    outer loop
      vertex 170.882 -13.7701 4
      vertex 175.293 -17.3232 4
      vertex 171.481 -13.5221 4
    endloop
  endfacet
  facet normal -0 0 1
    outer loop
      vertex 170.249 -13.9221 4
      vertex 175.293 -17.3232 4
      vertex 170.882 -13.7701 4
    endloop
  endfacet
  facet normal -0 0 1
    outer loop
      vertex 169.6 -13.9732 4
      vertex 175.293 -17.3232 4
      vertex 170.249 -13.9221 4
    endloop
  endfacet
  facet normal 0 0 1
    outer loop
      vertex 168.951 -13.9221 4
      vertex 175.293 -17.3232 4
      vertex 169.6 -13.9732 4
    endloop
  endfacet
  facet normal 0 0 1
    outer loop
      vertex 162.1 -17.3232 4
      vertex 168.951 -13.9221 4
      vertex 168.318 -13.7701 4
    endloop
  endfacet
  facet normal 0 0 1
    outer loop
      vertex 162.1 -17.3232 4
      vertex 168.318 -13.7701 4
      vertex 167.719 -13.5221 4
    endloop
  endfacet
  facet normal 0 0 1
    outer loop
      vertex 162.1 -17.3232 4
      vertex 167.719 -13.5221 4
      vertex 167.716 -13.5209 4
    endloop
  endfacet
  facet normal 0 0 1
    outer loop
      vertex 162.1 -17.3232 4
      vertex 166.663 -12.7553 4
      vertex 166.243 -12.2625 4
    endloop
  endfacet
  facet normal 0 0 1
    outer loop
      vertex 162.1 -4.14583 4
      vertex 165.501 -10.4724 4
      vertex 165.45 -9.82319 4
    endloop
  endfacet
  facet normal 0 0 1
    outer loop
      vertex 162.1 -17.3232 4
      vertex 165.501 -10.4724 4
      vertex 162.1 -4.14583 4
    endloop
  endfacet
  facet normal 0 0 1
    outer loop
      vertex 165.501 -10.4724 4
      vertex 162.1 -17.3232 4
      vertex 165.502 -10.4754 4
    endloop
  endfacet
  facet normal 0 0 1
    outer loop
      vertex 165.502 -10.4754 4
      vertex 162.1 -17.3232 4
      vertex 165.653 -11.1056 4
    endloop
  endfacet
  facet normal 0 0 1
    outer loop
      vertex 165.653 -11.1056 4
      vertex 162.1 -17.3232 4
      vertex 165.901 -11.7044 4
    endloop
  endfacet
  facet normal 0 0 1
    outer loop
      vertex 168.951 -13.9221 4
      vertex 162.1 -17.3232 4
      vertex 175.293 -17.3232 4
    endloop
  endfacet
  facet normal 0 0 1
    outer loop
      vertex 167.713 -13.5192 4
      vertex 162.1 -17.3232 4
      vertex 167.716 -13.5209 4
    endloop
  endfacet
  facet normal 0 0 1
    outer loop
      vertex 167.161 -13.1806 4
      vertex 162.1 -17.3232 4
      vertex 167.713 -13.5192 4
    endloop
  endfacet
  facet normal 0 0 1
    outer loop
      vertex 166.668 -12.7597 4
      vertex 162.1 -17.3232 4
      vertex 167.161 -13.1806 4
    endloop
  endfacet
  facet normal 0 0 1
    outer loop
      vertex 166.666 -12.7577 4
      vertex 162.1 -17.3232 4
      vertex 166.668 -12.7597 4
    endloop
  endfacet
  facet normal 0 0 1
    outer loop
      vertex 166.663 -12.7553 4
      vertex 162.1 -17.3232 4
      vertex 166.666 -12.7577 4
    endloop
  endfacet
  facet normal 0 0 1
    outer loop
      vertex 165.902 -11.7072 4
      vertex 162.1 -17.3232 4
      vertex 166.243 -12.2625 4
    endloop
  endfacet
  facet normal 0 0 1
    outer loop
      vertex 165.901 -11.7044 4
      vertex 162.1 -17.3232 4
      vertex 165.902 -11.7072 4
    endloop
  endfacet
  facet normal 0 0 1
    outer loop
      vertex 173.99 -133.278 4
      vertex 172.039 -128.134 4
      vertex 173.982 -133.278 4
    endloop
  endfacet
  facet normal 0 0 1
    outer loop
      vertex 173.982 -133.278 4
      vertex 172.039 -128.134 4
      vertex 173.973 -133.278 4
    endloop
  endfacet
  facet normal 0 0 1
    outer loop
      vertex 173.973 -133.278 4
      vertex 172.039 -128.134 4
      vertex 173.895 -133.278 4
    endloop
  endfacet
  facet normal 0 0 1
    outer loop
      vertex 173.895 -133.278 4
      vertex 172.039 -128.134 4
      vertex 173.885 -133.278 4
    endloop
  endfacet
  facet normal 0 0 1
    outer loop
      vertex 173.885 -133.278 4
      vertex 172.039 -128.134 4
      vertex 173.876 -133.278 4
    endloop
  endfacet
  facet normal 0 0 1
    outer loop
      vertex 173.876 -133.278 4
      vertex 172.039 -128.134 4
      vertex 173.865 -133.278 4
    endloop
  endfacet
  facet normal 0 0 1
    outer loop
      vertex 173.865 -133.278 4
      vertex 172.039 -128.134 4
      vertex 173.778 -133.278 4
    endloop
  endfacet
  facet normal 0 0 1
    outer loop
      vertex 173.778 -133.278 4
      vertex 172.039 -128.134 4
      vertex 173.767 -133.278 4
    endloop
  endfacet
  facet normal 0 0 1
    outer loop
      vertex 173.767 -133.278 4
      vertex 172.039 -128.134 4
      vertex 173.756 -133.278 4
    endloop
  endfacet
  facet normal 0 0 1
    outer loop
      vertex 173.756 -133.278 4
      vertex 172.039 -128.134 4
      vertex 173.744 -133.278 4
    endloop
  endfacet
  facet normal 0 0 1
    outer loop
      vertex 173.744 -133.278 4
      vertex 172.039 -128.134 4
      vertex 173.654 -133.278 4
    endloop
  endfacet
  facet normal 0 0 1
    outer loop
      vertex 173.654 -133.278 4
      vertex 172.039 -128.134 4
      vertex 173.642 -133.278 4
    endloop
  endfacet
  facet normal 0 0 1
    outer loop
      vertex 173.642 -133.278 4
      vertex 172.039 -128.134 4
      vertex 173.63 -133.278 4
    endloop
  endfacet
  facet normal 0 0 1
    outer loop
      vertex 173.63 -133.278 4
      vertex 172.039 -128.134 4
      vertex 173.619 -133.278 4
    endloop
  endfacet
  facet normal 0 0 1
    outer loop
      vertex 173.619 -133.278 4
      vertex 172.039 -128.134 4
      vertex 173.531 -133.278 4
    endloop
  endfacet
  facet normal 0 0 1
    outer loop
      vertex 173.531 -133.278 4
      vertex 172.039 -128.134 4
      vertex 173.52 -133.278 4
    endloop
  endfacet
  facet normal 0 0 1
    outer loop
      vertex 173.52 -133.278 4
      vertex 172.039 -128.134 4
      vertex 173.508 -133.278 4
    endloop
  endfacet
  facet normal 0 0 1
    outer loop
      vertex 173.508 -133.278 4
      vertex 172.039 -128.134 4
      vertex 173.498 -133.278 4
    endloop
  endfacet
  facet normal 0 0 1
    outer loop
      vertex 173.498 -133.278 4
      vertex 172.039 -128.134 4
      vertex 173.419 -133.278 4
    endloop
  endfacet
  facet normal 0 0 1
    outer loop
      vertex 173.419 -133.278 4
      vertex 172.039 -128.134 4
      vertex 173.409 -133.278 4
    endloop
  endfacet
  facet normal 0 0 1
    outer loop
      vertex 173.409 -133.278 4
      vertex 172.039 -128.134 4
      vertex 173.399 -133.278 4
    endloop
  endfacet
  facet normal -0 0 1
    outer loop
      vertex 171.484 -128.474 4
      vertex 173.399 -133.278 4
      vertex 172.039 -128.134 4
    endloop
  endfacet
  facet normal -0 0 1
    outer loop
      vertex 170.882 -128.723 4
      vertex 173.399 -133.278 4
      vertex 171.484 -128.474 4
    endloop
  endfacet
  facet normal -0 0 1
    outer loop
      vertex 170.249 -128.875 4
      vertex 173.399 -133.278 4
      vertex 170.882 -128.723 4
    endloop
  endfacet
  facet normal -0 0 1
    outer loop
      vertex 169.6 -128.926 4
      vertex 173.399 -133.278 4
      vertex 170.249 -128.875 4
    endloop
  endfacet
  facet normal 0 0 1
    outer loop
      vertex 168.951 -128.875 4
      vertex 173.399 -133.278 4
      vertex 169.6 -128.926 4
    endloop
  endfacet
  facet normal 0 0 1
    outer loop
      vertex 168.318 -128.723 4
      vertex 173.399 -133.278 4
      vertex 168.951 -128.875 4
    endloop
  endfacet
  facet normal 0 0 1
    outer loop
      vertex 162.1 -130.453 4
      vertex 168.318 -128.723 4
      vertex 167.716 -128.474 4
    endloop
  endfacet
  facet normal 0 0 1
    outer loop
      vertex 162.1 -130.453 4
      vertex 167.716 -128.474 4
      vertex 167.161 -128.134 4
    endloop
  endfacet
  facet normal 0 0 1
    outer loop
      vertex 162.1 -130.453 4
      vertex 166.241 -127.213 4
      vertex 165.902 -126.66 4
    endloop
  endfacet
  facet normal 0 0 1
    outer loop
      vertex 165.45 -124.773 4
      vertex 162.1 -130.453 4
      vertex 165.45 -124.776 4
    endloop
  endfacet
  facet normal 0 0 1
    outer loop
      vertex 165.45 -124.776 4
      vertex 162.1 -130.453 4
      vertex 165.501 -125.425 4
    endloop
  endfacet
  facet normal 0 0 1
    outer loop
      vertex 165.501 -125.425 4
      vertex 162.1 -130.453 4
      vertex 165.653 -126.059 4
    endloop
  endfacet
  facet normal 0 0 1
    outer loop
      vertex 162.1 -130.453 4
      vertex 165.654 -126.061 4
      vertex 165.653 -126.059 4
    endloop
  endfacet
  facet normal 0 0 1
    outer loop
      vertex 162.1 -130.453 4
      vertex 165.902 -126.66 4
      vertex 165.654 -126.061 4
    endloop
  endfacet
  facet normal 0 0 1
    outer loop
      vertex 166.241 -127.213 4
      vertex 162.1 -130.453 4
      vertex 166.243 -127.215 4
    endloop
  endfacet
  facet normal 0 0 1
    outer loop
      vertex 162.1 -130.453 4
      vertex 166.663 -127.708 4
      vertex 166.243 -127.215 4
    endloop
  endfacet
  facet normal 0 0 1
    outer loop
      vertex 162.1 -130.453 4
      vertex 166.666 -127.711 4
      vertex 166.663 -127.708 4
    endloop
  endfacet
  facet normal 0 0 1
    outer loop
      vertex 162.1 -130.453 4
      vertex 167.161 -128.134 4
      vertex 166.666 -127.711 4
    endloop
  endfacet
  facet normal 0 0 1
    outer loop
      vertex 168.318 -128.723 4
      vertex 162.1 -130.453 4
      vertex 173.399 -133.278 4
    endloop
  endfacet
  facet normal -0 0 1
    outer loop
      vertex 15.9 -130.453 4
      vertex 173.399 -133.278 4
      vertex 162.1 -130.453 4
    endloop
  endfacet
  facet normal -0 0 1
    outer loop
      vertex 12.4989 -125.425 4
      vertex 15.9 -130.453 4
      vertex 12.55 -124.776 4
    endloop
  endfacet
  facet normal -0 0 1
    outer loop
      vertex 12.3469 -126.059 4
      vertex 15.9 -130.453 4
      vertex 12.4989 -125.425 4
    endloop
  endfacet
  facet normal -0 0 1
    outer loop
      vertex 12.3457 -126.061 4
      vertex 15.9 -130.453 4
      vertex 12.3469 -126.059 4
    endloop
  endfacet
  facet normal -0 0 1
    outer loop
      vertex 12.0977 -126.66 4
      vertex 15.9 -130.453 4
      vertex 12.3457 -126.061 4
    endloop
  endfacet
  facet normal -0 0 1
    outer loop
      vertex 11.759 -127.213 4
      vertex 15.9 -130.453 4
      vertex 12.0977 -126.66 4
    endloop
  endfacet
  facet normal -0 0 1
    outer loop
      vertex 11.7574 -127.215 4
      vertex 15.9 -130.453 4
      vertex 11.759 -127.213 4
    endloop
  endfacet
  facet normal -0 0 1
    outer loop
      vertex 11.3365 -127.708 4
      vertex 15.9 -130.453 4
      vertex 11.7574 -127.215 4
    endloop
  endfacet
  facet normal -0 0 1
    outer loop
      vertex 11.3345 -127.711 4
      vertex 15.9 -130.453 4
      vertex 11.3365 -127.708 4
    endloop
  endfacet
  facet normal -0 0 1
    outer loop
      vertex 10.8393 -128.134 4
      vertex 15.9 -130.453 4
      vertex 11.3345 -127.711 4
    endloop
  endfacet
  facet normal -0 0 1
    outer loop
      vertex 10.2841 -128.474 4
      vertex 15.9 -130.453 4
      vertex 10.8393 -128.134 4
    endloop
  endfacet
  facet normal -0 0 1
    outer loop
      vertex 9.68242 -128.723 4
      vertex 15.9 -130.453 4
      vertex 10.2841 -128.474 4
    endloop
  endfacet
  facet normal 0 0 1
    outer loop
      vertex 4.60106 -133.278 4
      vertex 9.68242 -128.723 4
      vertex 9.0492 -128.875 4
    endloop
  endfacet
  facet normal 0 0 1
    outer loop
      vertex 4.60106 -133.278 4
      vertex 9.0492 -128.875 4
      vertex 8.4 -128.926 4
    endloop
  endfacet
  facet normal 0 0 1
    outer loop
      vertex 4.60106 -133.278 4
      vertex 8.4 -128.926 4
      vertex 7.7508 -128.875 4
    endloop
  endfacet
  facet normal 0 0 1
    outer loop
      vertex 15.9 -130.453 4
      vertex 4.60106 -133.278 4
      vertex 173.399 -133.278 4
    endloop
  endfacet
  facet normal 0 0 1
    outer loop
      vertex 9.68242 -128.723 4
      vertex 4.60106 -133.278 4
      vertex 15.9 -130.453 4
    endloop
  endfacet
  facet normal 0 0 1
    outer loop
      vertex 7.11758 -128.723 4
      vertex 4.60106 -133.278 4
      vertex 7.7508 -128.875 4
    endloop
  endfacet
  facet normal 0 0 1
    outer loop
      vertex 6.51594 -128.474 4
      vertex 4.60106 -133.278 4
      vertex 7.11758 -128.723 4
    endloop
  endfacet
  facet normal 0 0 1
    outer loop
      vertex 5.96069 -128.134 4
      vertex 4.60106 -133.278 4
      vertex 6.51594 -128.474 4
    endloop
  endfacet
  facet normal 0 0 1
    outer loop
      vertex 4.23322 -133.278 4
      vertex 5.96069 -128.134 4
      vertex 5.46551 -127.711 4
    endloop
  endfacet
  facet normal 0 0 1
    outer loop
      vertex 4.23322 -133.278 4
      vertex 5.46551 -127.711 4
      vertex 5.46349 -127.708 4
    endloop
  endfacet
  facet normal 0 0 1
    outer loop
      vertex 4.23322 -133.278 4
      vertex 5.46349 -127.708 4
      vertex 5.04258 -127.215 4
    endloop
  endfacet
  facet normal 0 0 1
    outer loop
      vertex 4.23322 -133.278 4
      vertex 5.04258 -127.215 4
      vertex 5.04096 -127.213 4
    endloop
  endfacet
  facet normal 0 0 1
    outer loop
      vertex 4.23322 -133.278 4
      vertex 5.04096 -127.213 4
      vertex 4.70232 -126.66 4
    endloop
  endfacet
  facet normal 0 0 1
    outer loop
      vertex 5.96069 -128.134 4
      vertex 4.59128 -133.278 4
      vertex 4.60106 -133.278 4
    endloop
  endfacet
  facet normal 0 0 1
    outer loop
      vertex 5.96069 -128.134 4
      vertex 4.51266 -133.278 4
      vertex 4.59128 -133.278 4
    endloop
  endfacet
  facet normal 0 0 1
    outer loop
      vertex 5.96069 -128.134 4
      vertex 4.50235 -133.278 4
      vertex 4.51266 -133.278 4
    endloop
  endfacet
  facet normal 0 0 1
    outer loop
      vertex 5.96069 -128.134 4
      vertex 4.49156 -133.278 4
      vertex 4.50235 -133.278 4
    endloop
  endfacet
  facet normal 0 0 1
    outer loop
      vertex 5.96069 -128.134 4
      vertex 4.4804 -133.278 4
      vertex 4.49156 -133.278 4
    endloop
  endfacet
  facet normal 0 0 1
    outer loop
      vertex 5.96069 -128.134 4
      vertex 4.46895 -133.278 4
      vertex 4.4804 -133.278 4
    endloop
  endfacet
  facet normal 0 0 1
    outer loop
      vertex 4.23322 -133.278 4
      vertex 4.70232 -126.66 4
      vertex 4.4543 -126.061 4
    endloop
  endfacet
  facet normal 0 0 1
    outer loop
      vertex 4.23322 -133.278 4
      vertex 4.4543 -126.061 4
      vertex 4.45311 -126.059 4
    endloop
  endfacet
  facet normal 0 0 1
    outer loop
      vertex 5.96069 -128.134 4
      vertex 4.38127 -133.278 4
      vertex 4.46895 -133.278 4
    endloop
  endfacet
  facet normal 0 0 1
    outer loop
      vertex 5.96069 -128.134 4
      vertex 4.36973 -133.278 4
      vertex 4.38127 -133.278 4
    endloop
  endfacet
  facet normal 0 0 1
    outer loop
      vertex 5.96069 -128.134 4
      vertex 4.3581 -133.278 4
      vertex 4.36973 -133.278 4
    endloop
  endfacet
  facet normal 0 0 1
    outer loop
      vertex 5.96069 -128.134 4
      vertex 4.34648 -133.278 4
      vertex 4.3581 -133.278 4
    endloop
  endfacet
  facet normal 0 0 1
    outer loop
      vertex 4.23322 -133.278 4
      vertex 4.45311 -126.059 4
      vertex 4.30109 -125.425 4
    endloop
  endfacet
  facet normal 0 0 1
    outer loop
      vertex 5.96069 -128.134 4
      vertex 4.25575 -133.278 4
      vertex 4.34648 -133.278 4
    endloop
  endfacet
  facet normal 0 0 1
    outer loop
      vertex 0.0209168 -129.96 4
      vertex 4.30109 -125.425 4
      vertex 4.25 -124.776 4
    endloop
  endfacet
  facet normal 0 0 1
    outer loop
      vertex 5.96069 -128.134 4
      vertex 4.24439 -133.278 4
      vertex 4.25575 -133.278 4
    endloop
  endfacet
  facet normal 1 -0 0
    outer loop
      vertex 175.293 -117.276 7
      vertex 175.293 -17.3232 4
      vertex 175.293 -17.3232 7
    endloop
  endfacet
  facet normal 1 0 0
    outer loop
      vertex 175.293 -17.3232 4
      vertex 175.293 -117.276 7
      vertex 175.293 -117.276 4
    endloop
  endfacet
  facet normal -1 0 3e-05
    outer loop
      vertex 2.70686 -117.276 4
      vertex 2.70695 -17.3232 7
      vertex 2.70686 -17.3232 4
    endloop
  endfacet
  facet normal -1 0 3e-05
    outer loop
      vertex 2.70695 -17.3232 7
      vertex 2.70686 -117.276 4
      vertex 2.70695 -117.276 7
    endloop
  endfacet
  facet normal 0 0.951048 0.309043
    outer loop
      vertex 162.1 -4.14583 4
      vertex 15.9 -5.12068 7
      vertex 162.1 -5.12068 7
    endloop
  endfacet
  facet normal 0 0.951048 0.309043
    outer loop
      vertex 15.9 -5.12068 7
      vertex 162.1 -4.14583 4
      vertex 15.9 -4.14583 4
    endloop
  endfacet
  facet normal 0 -0.951127 -0.308799
    outer loop
      vertex 15.9 -130.453 4
      vertex 162.1 -131.427 7
      vertex 15.9 -131.427 7
    endloop
  endfacet
  facet normal 0 -0.951127 -0.308799
    outer loop
      vertex 162.1 -131.427 7
      vertex 15.9 -130.453 4
      vertex 162.1 -130.453 4
    endloop
  endfacet
  facet normal -0 0 1
    outer loop
      vertex 15.9 -5.12068 7
      vertex 162.1 -6.80293 7
      vertex 162.1 -5.12068 7
    endloop
  endfacet
  facet normal 0 0 1
    outer loop
      vertex 162.1 -6.80293 7
      vertex 15.9 -5.12068 7
      vertex 15.9 -6.80293 7
    endloop
  endfacet
  facet normal -0 0 1
    outer loop
      vertex 15.9 -129.745 7
      vertex 162.1 -131.427 7
      vertex 162.1 -129.745 7
    endloop
  endfacet
  facet normal 0 0 1
    outer loop
      vertex 162.1 -131.427 7
      vertex 15.9 -129.745 7
      vertex 15.9 -131.427 7
    endloop
  endfacet
  facet normal -0 0 1
    outer loop
      vertex 2.70695 -17.3232 7
      vertex 4.30686 -117.276 7
      vertex 4.30686 -17.3232 7
    endloop
  endfacet
  facet normal 0 0 1
    outer loop
      vertex 4.30686 -117.276 7
      vertex 2.70695 -17.3232 7
      vertex 2.70695 -117.276 7
    endloop
  endfacet
  facet normal -0 0 1
    outer loop
      vertex 173.693 -17.3232 7
      vertex 175.293 -117.276 7
      vertex 175.293 -17.3232 7
    endloop
  endfacet
  facet normal 0 0 1
    outer loop
      vertex 175.293 -117.276 7
      vertex 173.693 -17.3232 7
      vertex 173.693 -117.276 7
    endloop
  endfacet
  facet normal -1 0 0
    outer loop
      vertex 15.9 -6.23294 5.24579
      vertex 15.9 -4.14583 4
      vertex 15.9 -6.22201 5.03723
    endloop
  endfacet
  facet normal -1 0 0
    outer loop
      vertex 15.9 -4.14583 4
      vertex 15.9 -6.26543 4.83295
      vertex 15.9 -6.22201 5.03723
    endloop
  endfacet
  facet normal -1 0 0
    outer loop
      vertex 15.9 -4.14583 4
      vertex 15.9 -6.36025 4.64687
      vertex 15.9 -6.26543 4.83295
    endloop
  endfacet
  facet normal -1 0 0
    outer loop
      vertex 15.9 -4.14583 4
      vertex 15.9 -6.49999 4.49168
      vertex 15.9 -6.36025 4.64687
    endloop
  endfacet
  facet normal -1 0 0
    outer loop
      vertex 15.9 -4.14583 4
      vertex 15.9 -6.67514 4.37793
      vertex 15.9 -6.49999 4.49168
    endloop
  endfacet
  facet normal -1 0 0
    outer loop
      vertex 15.9 -4.14583 4
      vertex 15.9 -6.87376 4.3134
      vertex 15.9 -6.67514 4.37793
    endloop
  endfacet
  facet normal -1 0 0
    outer loop
      vertex 15.9 -4.14583 4
      vertex 15.9 -7.08231 4.30247
      vertex 15.9 -6.87376 4.3134
    endloop
  endfacet
  facet normal -1 0 0
    outer loop
      vertex 15.9 -17.3232 4
      vertex 15.9 -7.08231 4.30247
      vertex 15.9 -4.14583 4
    endloop
  endfacet
  facet normal -1 -0 0
    outer loop
      vertex 15.9 -7.08231 4.30247
      vertex 15.9 -17.3232 4
      vertex 15.9 -17.3232 4.30247
    endloop
  endfacet
  facet normal -1 0 0
    outer loop
      vertex 15.9 -4.14583 4
      vertex 15.9 -6.23294 5.24579
      vertex 15.9 -5.12068 7
    endloop
  endfacet
  facet normal -1 0 0
    outer loop
      vertex 15.9 -6.29748 5.44441
      vertex 15.9 -5.12068 7
      vertex 15.9 -6.23294 5.24579
    endloop
  endfacet
  facet normal -1 -0 0
    outer loop
      vertex 15.9 -5.12068 7
      vertex 15.9 -6.29748 5.44441
      vertex 15.9 -6.80293 7
    endloop
  endfacet
  facet normal 0 1 0
    outer loop
      vertex 15.9 -17.3232 4.30247
      vertex 15.9 -17.3232 4
      vertex 5.1 -17.3232 4.30247
    endloop
  endfacet
  facet normal 0 1 -0
    outer loop
      vertex 4.30684 -17.3232 5.13227
      vertex 2.70695 -17.3232 7
      vertex 4.30686 -17.3232 7
    endloop
  endfacet
  facet normal 0 1 0
    outer loop
      vertex 2.70686 -17.3232 4
      vertex 4.30684 -17.3232 5.13227
      vertex 4.30684 -17.3232 5.06773
    endloop
  endfacet
  facet normal 0 1 0
    outer loop
      vertex 2.70686 -17.3232 4
      vertex 4.30684 -17.3232 5.06773
      vertex 4.33158 -17.3232 4.88902
    endloop
  endfacet
  facet normal 0 1 0
    outer loop
      vertex 2.70686 -17.3232 4
      vertex 4.33158 -17.3232 4.88902
      vertex 4.33387 -17.3232 4.8725
    endloop
  endfacet
  facet normal 0 1 0
    outer loop
      vertex 2.70686 -17.3232 4
      vertex 4.33387 -17.3232 4.8725
      vertex 4.34058 -17.3232 4.85708
    endloop
  endfacet
  facet normal 0 1 0
    outer loop
      vertex 2.70686 -17.3232 4
      vertex 4.34058 -17.3232 4.85708
      vertex 4.41311 -17.3232 4.69056
    endloop
  endfacet
  facet normal 0 1 0
    outer loop
      vertex 4.30684 -17.3232 5.13227
      vertex 2.70686 -17.3232 4
      vertex 2.70695 -17.3232 7
    endloop
  endfacet
  facet normal 0 1 0
    outer loop
      vertex 4.52837 -17.3232 4.5477
      vertex 2.70686 -17.3232 4
      vertex 4.41311 -17.3232 4.69056
    endloop
  endfacet
  facet normal 0 1 0
    outer loop
      vertex 4.53915 -17.3232 4.53434
      vertex 2.70686 -17.3232 4
      vertex 4.52837 -17.3232 4.5477
    endloop
  endfacet
  facet normal 0 1 0
    outer loop
      vertex 4.70342 -17.3232 4.41446
      vertex 2.70686 -17.3232 4
      vertex 4.53915 -17.3232 4.53434
    endloop
  endfacet
  facet normal 0 1 0
    outer loop
      vertex 4.70574 -17.3232 4.41293
      vertex 2.70686 -17.3232 4
      vertex 4.70342 -17.3232 4.41446
    endloop
  endfacet
  facet normal 0 1 0
    outer loop
      vertex 4.73045 -17.3232 4.39664
      vertex 2.70686 -17.3232 4
      vertex 4.70574 -17.3232 4.41293
    endloop
  endfacet
  facet normal 0 1 0
    outer loop
      vertex 4.89367 -17.3232 4.33234
      vertex 2.70686 -17.3232 4
      vertex 4.73045 -17.3232 4.39664
    endloop
  endfacet
  facet normal 0 1 0
    outer loop
      vertex 4.90871 -17.3232 4.32642
      vertex 2.70686 -17.3232 4
      vertex 4.89367 -17.3232 4.33234
    endloop
  endfacet
  facet normal 0 1 0
    outer loop
      vertex 4.92485 -17.3232 4.3244
      vertex 2.70686 -17.3232 4
      vertex 4.90871 -17.3232 4.32642
    endloop
  endfacet
  facet normal 0 1 0
    outer loop
      vertex 5.1 -17.3232 4.30247
      vertex 2.70686 -17.3232 4
      vertex 4.92485 -17.3232 4.3244
    endloop
  endfacet
  facet normal 0 1 0
    outer loop
      vertex 2.70686 -17.3232 4
      vertex 5.1 -17.3232 4.30247
      vertex 15.9 -17.3232 4
    endloop
  endfacet
  facet normal -1 0 0
    outer loop
      vertex 15.9 -117.276 4
      vertex 15.9 -128.357 4.30247
      vertex 15.9 -117.276 4.30247
    endloop
  endfacet
  facet normal -1 0 0
    outer loop
      vertex 15.9 -130.453 4
      vertex 15.9 -128.357 4.30247
      vertex 15.9 -117.276 4
    endloop
  endfacet
  facet normal -1 0 0
    outer loop
      vertex 15.9 -130.453 4
      vertex 15.9 -128.562 4.34589
      vertex 15.9 -128.357 4.30247
    endloop
  endfacet
  facet normal -1 0 0
    outer loop
      vertex 15.9 -130.453 4
      vertex 15.9 -128.748 4.4407
      vertex 15.9 -128.562 4.34589
    endloop
  endfacet
  facet normal -1 0 0
    outer loop
      vertex 15.9 -130.453 4
      vertex 15.9 -128.903 4.58044
      vertex 15.9 -128.748 4.4407
    endloop
  endfacet
  facet normal -1 0 0
    outer loop
      vertex 15.9 -130.453 4
      vertex 15.9 -129.017 4.75559
      vertex 15.9 -128.903 4.58044
    endloop
  endfacet
  facet normal -1 0 0
    outer loop
      vertex 15.9 -130.453 4
      vertex 15.9 -129.081 4.95421
      vertex 15.9 -129.017 4.75559
    endloop
  endfacet
  facet normal -1 0 0
    outer loop
      vertex 15.9 -130.453 4
      vertex 15.9 -129.745 7
      vertex 15.9 -129.081 4.95421
    endloop
  endfacet
  facet normal -1 -0 0
    outer loop
      vertex 15.9 -129.745 7
      vertex 15.9 -130.453 4
      vertex 15.9 -131.427 7
    endloop
  endfacet
  facet normal 0 -1 0
    outer loop
      vertex 2.70695 -117.276 7
      vertex 4.30684 -117.276 5.13227
      vertex 4.30686 -117.276 7
    endloop
  endfacet
  facet normal 0 -1 0
    outer loop
      vertex 2.70686 -117.276 4
      vertex 4.30684 -117.276 5.13227
      vertex 2.70695 -117.276 7
    endloop
  endfacet
  facet normal 0 -1 -0
    outer loop
      vertex 4.30684 -117.276 5.13227
      vertex 2.70686 -117.276 4
      vertex 4.30684 -117.276 5.06773
    endloop
  endfacet
  facet normal 0 -1 -0
    outer loop
      vertex 4.30684 -117.276 5.06773
      vertex 2.70686 -117.276 4
      vertex 4.30932 -117.276 5.04984
    endloop
  endfacet
  facet normal 0 -1 -0
    outer loop
      vertex 4.30932 -117.276 5.04984
      vertex 2.70686 -117.276 4
      vertex 4.33387 -117.276 4.8725
    endloop
  endfacet
  facet normal 0 -1 -0
    outer loop
      vertex 4.33387 -117.276 4.8725
      vertex 2.70686 -117.276 4
      vertex 4.40592 -117.276 4.70707
    endloop
  endfacet
  facet normal 0 -1 0
    outer loop
      vertex 2.70686 -117.276 4
      vertex 4.72798 -117.276 4.39827
      vertex 4.70342 -117.276 4.41446
    endloop
  endfacet
  facet normal 0 -1 -0
    outer loop
      vertex 4.40592 -117.276 4.70707
      vertex 2.70686 -117.276 4
      vertex 4.41311 -117.276 4.69056
    endloop
  endfacet
  facet normal 0 -1 0
    outer loop
      vertex 2.70686 -117.276 4
      vertex 4.42453 -117.276 4.67641
      vertex 4.41311 -117.276 4.69056
    endloop
  endfacet
  facet normal 0 -1 0
    outer loop
      vertex 2.70686 -117.276 4
      vertex 4.53915 -117.276 4.53434
      vertex 4.42453 -117.276 4.67641
    endloop
  endfacet
  facet normal 0 -1 0
    outer loop
      vertex 2.70686 -117.276 4
      vertex 4.70342 -117.276 4.41446
      vertex 4.53915 -117.276 4.53434
    endloop
  endfacet
  facet normal 0 -1 -0
    outer loop
      vertex 4.72798 -117.276 4.39827
      vertex 2.70686 -117.276 4
      vertex 4.73045 -117.276 4.39664
    endloop
  endfacet
  facet normal 0 -1 0
    outer loop
      vertex 2.70686 -117.276 4
      vertex 4.74678 -117.276 4.39021
      vertex 4.73045 -117.276 4.39664
    endloop
  endfacet
  facet normal 0 -1 0
    outer loop
      vertex 2.70686 -117.276 4
      vertex 4.90871 -117.276 4.32642
      vertex 4.74678 -117.276 4.39021
    endloop
  endfacet
  facet normal 0 -1 0
    outer loop
      vertex 2.70686 -117.276 4
      vertex 5.08252 -117.276 4.30465
      vertex 4.90871 -117.276 4.32642
    endloop
  endfacet
  facet normal 0 -1 0
    outer loop
      vertex 2.70686 -117.276 4
      vertex 5.1 -117.276 4.30247
      vertex 5.08252 -117.276 4.30465
    endloop
  endfacet
  facet normal 0 -1 0
    outer loop
      vertex 15.9 -117.276 4
      vertex 5.1 -117.276 4.30247
      vertex 2.70686 -117.276 4
    endloop
  endfacet
  facet normal 0 -1 0
    outer loop
      vertex 5.1 -117.276 4.30247
      vertex 15.9 -117.276 4
      vertex 15.9 -117.276 4.30247
    endloop
  endfacet
  facet normal 1 0 0
    outer loop
      vertex 162.1 -4.14583 4
      vertex 162.1 -6.23294 5.24579
      vertex 162.1 -6.22201 5.03723
    endloop
  endfacet
  facet normal 1 0 0
    outer loop
      vertex 162.1 -5.12068 7
      vertex 162.1 -6.29748 5.44441
      vertex 162.1 -6.23294 5.24579
    endloop
  endfacet
  facet normal 1 0 -0
    outer loop
      vertex 162.1 -6.29748 5.44441
      vertex 162.1 -5.12068 7
      vertex 162.1 -6.80293 7
    endloop
  endfacet
  facet normal 1 -0 0
    outer loop
      vertex 162.1 -6.23294 5.24579
      vertex 162.1 -4.14583 4
      vertex 162.1 -5.12068 7
    endloop
  endfacet
  facet normal 1 -0 0
    outer loop
      vertex 162.1 -6.26543 4.83295
      vertex 162.1 -4.14583 4
      vertex 162.1 -6.22201 5.03723
    endloop
  endfacet
  facet normal 1 -0 0
    outer loop
      vertex 162.1 -6.36025 4.64687
      vertex 162.1 -4.14583 4
      vertex 162.1 -6.26543 4.83295
    endloop
  endfacet
  facet normal 1 -0 0
    outer loop
      vertex 162.1 -6.49999 4.49168
      vertex 162.1 -4.14583 4
      vertex 162.1 -6.36025 4.64687
    endloop
  endfacet
  facet normal 1 -0 0
    outer loop
      vertex 162.1 -6.67514 4.37793
      vertex 162.1 -4.14583 4
      vertex 162.1 -6.49999 4.49168
    endloop
  endfacet
  facet normal 1 -0 0
    outer loop
      vertex 162.1 -6.87376 4.3134
      vertex 162.1 -4.14583 4
      vertex 162.1 -6.67514 4.37793
    endloop
  endfacet
  facet normal 1 -0 0
    outer loop
      vertex 162.1 -7.08231 4.30247
      vertex 162.1 -4.14583 4
      vertex 162.1 -6.87376 4.3134
    endloop
  endfacet
  facet normal 1 0 0
    outer loop
      vertex 162.1 -17.3232 4
      vertex 162.1 -7.08231 4.30247
      vertex 162.1 -17.3232 4.30247
    endloop
  endfacet
  facet normal 1 0 0
    outer loop
      vertex 162.1 -7.08231 4.30247
      vertex 162.1 -17.3232 4
      vertex 162.1 -4.14583 4
    endloop
  endfacet
  facet normal 0 1 0
    outer loop
      vertex 175.293 -17.3232 7
      vertex 173.693 -17.3232 5.13227
      vertex 173.693 -17.3232 7
    endloop
  endfacet
  facet normal 0 1 -0
    outer loop
      vertex 175.293 -17.3232 4
      vertex 173.693 -17.3232 5.13227
      vertex 175.293 -17.3232 7
    endloop
  endfacet
  facet normal 0 1 0
    outer loop
      vertex 173.693 -17.3232 5.13227
      vertex 175.293 -17.3232 4
      vertex 173.693 -17.3232 5.06773
    endloop
  endfacet
  facet normal 0 1 0
    outer loop
      vertex 173.693 -17.3232 5.06773
      vertex 175.293 -17.3232 4
      vertex 173.668 -17.3232 4.88902
    endloop
  endfacet
  facet normal 0 1 0
    outer loop
      vertex 173.668 -17.3232 4.88902
      vertex 175.293 -17.3232 4
      vertex 173.666 -17.3232 4.8725
    endloop
  endfacet
  facet normal 0 1 0
    outer loop
      vertex 173.666 -17.3232 4.8725
      vertex 175.293 -17.3232 4
      vertex 173.659 -17.3232 4.85708
    endloop
  endfacet
  facet normal 0 1 0
    outer loop
      vertex 173.659 -17.3232 4.85708
      vertex 175.293 -17.3232 4
      vertex 173.587 -17.3232 4.69056
    endloop
  endfacet
  facet normal 0 1 0
    outer loop
      vertex 175.293 -17.3232 4
      vertex 173.472 -17.3232 4.5477
      vertex 173.587 -17.3232 4.69056
    endloop
  endfacet
  facet normal 0 1 0
    outer loop
      vertex 175.293 -17.3232 4
      vertex 173.461 -17.3232 4.53434
      vertex 173.472 -17.3232 4.5477
    endloop
  endfacet
  facet normal 0 1 0
    outer loop
      vertex 175.293 -17.3232 4
      vertex 173.297 -17.3232 4.41446
      vertex 173.461 -17.3232 4.53434
    endloop
  endfacet
  facet normal 0 1 0
    outer loop
      vertex 175.293 -17.3232 4
      vertex 173.294 -17.3232 4.41293
      vertex 173.297 -17.3232 4.41446
    endloop
  endfacet
  facet normal 0 1 0
    outer loop
      vertex 175.293 -17.3232 4
      vertex 173.27 -17.3232 4.39664
      vertex 173.294 -17.3232 4.41293
    endloop
  endfacet
  facet normal 0 1 0
    outer loop
      vertex 175.293 -17.3232 4
      vertex 173.106 -17.3232 4.33234
      vertex 173.27 -17.3232 4.39664
    endloop
  endfacet
  facet normal 0 1 0
    outer loop
      vertex 175.293 -17.3232 4
      vertex 173.091 -17.3232 4.32642
      vertex 173.106 -17.3232 4.33234
    endloop
  endfacet
  facet normal 0 1 0
    outer loop
      vertex 175.293 -17.3232 4
      vertex 173.075 -17.3232 4.3244
      vertex 173.091 -17.3232 4.32642
    endloop
  endfacet
  facet normal 0 1 0
    outer loop
      vertex 175.293 -17.3232 4
      vertex 172.9 -17.3232 4.30247
      vertex 173.075 -17.3232 4.3244
    endloop
  endfacet
  facet normal 0 1 0
    outer loop
      vertex 162.1 -17.3232 4
      vertex 172.9 -17.3232 4.30247
      vertex 175.293 -17.3232 4
    endloop
  endfacet
  facet normal 0 1 0
    outer loop
      vertex 172.9 -17.3232 4.30247
      vertex 162.1 -17.3232 4
      vertex 162.1 -17.3232 4.30247
    endloop
  endfacet
  facet normal 1 -0 0
    outer loop
      vertex 162.1 -128.357 4.30247
      vertex 162.1 -117.276 4
      vertex 162.1 -117.276 4.30247
    endloop
  endfacet
  facet normal 1 0 0
    outer loop
      vertex 162.1 -128.357 4.30247
      vertex 162.1 -130.453 4
      vertex 162.1 -117.276 4
    endloop
  endfacet
  facet normal 1 0 0
    outer loop
      vertex 162.1 -128.562 4.34589
      vertex 162.1 -130.453 4
      vertex 162.1 -128.357 4.30247
    endloop
  endfacet
  facet normal 1 0 0
    outer loop
      vertex 162.1 -128.748 4.4407
      vertex 162.1 -130.453 4
      vertex 162.1 -128.562 4.34589
    endloop
  endfacet
  facet normal 1 0 0
    outer loop
      vertex 162.1 -128.903 4.58044
      vertex 162.1 -130.453 4
      vertex 162.1 -128.748 4.4407
    endloop
  endfacet
  facet normal 1 0 0
    outer loop
      vertex 162.1 -129.017 4.75559
      vertex 162.1 -130.453 4
      vertex 162.1 -128.903 4.58044
    endloop
  endfacet
  facet normal 1 0 0
    outer loop
      vertex 162.1 -129.081 4.95421
      vertex 162.1 -130.453 4
      vertex 162.1 -129.017 4.75559
    endloop
  endfacet
  facet normal 1 0 0
    outer loop
      vertex 162.1 -129.745 7
      vertex 162.1 -130.453 4
      vertex 162.1 -129.081 4.95421
    endloop
  endfacet
  facet normal 1 0 -0
    outer loop
      vertex 162.1 -130.453 4
      vertex 162.1 -129.745 7
      vertex 162.1 -131.427 7
    endloop
  endfacet
  facet normal 0 -1 0
    outer loop
      vertex 162.1 -117.276 4.30247
      vertex 162.1 -117.276 4
      vertex 172.9 -117.276 4.30247
    endloop
  endfacet
  facet normal 0 -1 0
    outer loop
      vertex 173.693 -117.276 5.13227
      vertex 175.293 -117.276 7
      vertex 173.693 -117.276 7
    endloop
  endfacet
  facet normal 0 -1 0
    outer loop
      vertex 175.293 -117.276 4
      vertex 173.693 -117.276 5.13227
      vertex 173.693 -117.276 5.06773
    endloop
  endfacet
  facet normal 0 -1 0
    outer loop
      vertex 175.293 -117.276 4
      vertex 173.693 -117.276 5.06773
      vertex 173.691 -117.276 5.04984
    endloop
  endfacet
  facet normal 0 -1 0
    outer loop
      vertex 175.293 -117.276 4
      vertex 173.691 -117.276 5.04984
      vertex 173.666 -117.276 4.8725
    endloop
  endfacet
  facet normal 0 -1 0
    outer loop
      vertex 175.293 -117.276 4
      vertex 173.666 -117.276 4.8725
      vertex 173.594 -117.276 4.70707
    endloop
  endfacet
  facet normal 0 -1 0
    outer loop
      vertex 175.293 -117.276 4
      vertex 173.594 -117.276 4.70707
      vertex 173.587 -117.276 4.69056
    endloop
  endfacet
  facet normal 0 -1 0
    outer loop
      vertex 175.293 -117.276 4
      vertex 173.575 -117.276 4.67641
      vertex 173.461 -117.276 4.53434
    endloop
  endfacet
  facet normal 0 -1 0
    outer loop
      vertex 173.693 -117.276 5.13227
      vertex 175.293 -117.276 4
      vertex 175.293 -117.276 7
    endloop
  endfacet
  facet normal 0 -1 0
    outer loop
      vertex 173.575 -117.276 4.67641
      vertex 175.293 -117.276 4
      vertex 173.587 -117.276 4.69056
    endloop
  endfacet
  facet normal 0 -1 0
    outer loop
      vertex 173.297 -117.276 4.41446
      vertex 175.293 -117.276 4
      vertex 173.461 -117.276 4.53434
    endloop
  endfacet
  facet normal 0 -1 0
    outer loop
      vertex 173.272 -117.276 4.39827
      vertex 175.293 -117.276 4
      vertex 173.297 -117.276 4.41446
    endloop
  endfacet
  facet normal 0 -1 0
    outer loop
      vertex 173.27 -117.276 4.39664
      vertex 175.293 -117.276 4
      vertex 173.272 -117.276 4.39827
    endloop
  endfacet
  facet normal 0 -1 0
    outer loop
      vertex 173.253 -117.276 4.39021
      vertex 175.293 -117.276 4
      vertex 173.27 -117.276 4.39664
    endloop
  endfacet
  facet normal 0 -1 0
    outer loop
      vertex 173.091 -117.276 4.32642
      vertex 175.293 -117.276 4
      vertex 173.253 -117.276 4.39021
    endloop
  endfacet
  facet normal 0 -1 0
    outer loop
      vertex 172.917 -117.276 4.30465
      vertex 175.293 -117.276 4
      vertex 173.091 -117.276 4.32642
    endloop
  endfacet
  facet normal 0 -1 0
    outer loop
      vertex 172.9 -117.276 4.30247
      vertex 175.293 -117.276 4
      vertex 172.917 -117.276 4.30465
    endloop
  endfacet
  facet normal 0 -1 0
    outer loop
      vertex 175.293 -117.276 4
      vertex 172.9 -117.276 4.30247
      vertex 162.1 -117.276 4
    endloop
  endfacet
  facet normal 0.916808 1.05484e-08 0.399328
    outer loop
      vertex 4.40592 -117.276 4.70707
      vertex 4.41311 -17.3232 4.69056
      vertex 4.34058 -17.3232 4.85708
    endloop
  endfacet
  facet normal 0.916832 0 0.399274
    outer loop
      vertex 4.41311 -17.3232 4.69056
      vertex 4.40592 -117.276 4.70707
      vertex 4.41311 -117.276 4.69056
    endloop
  endfacet
  facet normal -0.124342 4.9295e-07 0.992239
    outer loop
      vertex 172.9 -17.3232 4.30247
      vertex 172.917 -117.276 4.30465
      vertex 173.075 -17.3232 4.3244
    endloop
  endfacet
  facet normal -0.127194 0 0.991878
    outer loop
      vertex 172.917 -117.276 4.30465
      vertex 172.9 -17.3232 4.30247
      vertex 172.9 -117.276 4.30247
    endloop
  endfacet
  facet normal -0.590125 0 0.807312
    outer loop
      vertex 173.297 -17.3232 4.41446
      vertex 173.461 -117.276 4.53434
      vertex 173.461 -17.3232 4.53434
    endloop
  endfacet
  facet normal -0.590125 0 0.807312
    outer loop
      vertex 173.461 -117.276 4.53434
      vertex 173.297 -17.3232 4.41446
      vertex 173.297 -117.276 4.41446
    endloop
  endfacet
  facet normal -0 0.207208 0.978297
    outer loop
      vertex 15.9 -128.357 4.30247
      vertex 162.1 -128.562 4.34589
      vertex 162.1 -128.357 4.30247
    endloop
  endfacet
  facet normal 0 0.207208 0.978297
    outer loop
      vertex 162.1 -128.562 4.34589
      vertex 15.9 -128.357 4.30247
      vertex 15.9 -128.562 4.34589
    endloop
  endfacet
  facet normal -0.917874 0 0.396871
    outer loop
      vertex 173.587 -117.276 4.69056
      vertex 173.659 -17.3232 4.85708
      vertex 173.587 -17.3232 4.69056
    endloop
  endfacet
  facet normal -0.920667 1.28765e-05 0.390349
    outer loop
      vertex 173.659 -17.3232 4.85708
      vertex 173.587 -117.276 4.69056
      vertex 173.594 -117.276 4.70707
    endloop
  endfacet
  facet normal 1 -0 0
    outer loop
      vertex 4.30684 -117.276 5.13227
      vertex 4.30684 -17.3232 5.06773
      vertex 4.30684 -17.3232 5.13227
    endloop
  endfacet
  facet normal 1 0 0
    outer loop
      vertex 4.30684 -17.3232 5.06773
      vertex 4.30684 -117.276 5.13227
      vertex 4.30684 -117.276 5.06773
    endloop
  endfacet
  facet normal -0.561603 2.25575e-06 0.827407
    outer loop
      vertex 173.27 -17.3232 4.39664
      vertex 173.272 -117.276 4.39827
      vertex 173.294 -17.3232 4.41293
    endloop
  endfacet
  facet normal -0.631759 0 0.775165
    outer loop
      vertex 173.272 -117.276 4.39827
      vertex 173.27 -17.3232 4.39664
      vertex 173.27 -117.276 4.39664
    endloop
  endfacet
  facet normal 0 -0.0523377 0.998629
    outer loop
      vertex 15.9 -6.87376 4.3134
      vertex 162.1 -7.08231 4.30247
      vertex 162.1 -6.87376 4.3134
    endloop
  endfacet
  facet normal 0 -0.0523377 0.998629
    outer loop
      vertex 162.1 -7.08231 4.30247
      vertex 15.9 -6.87376 4.3134
      vertex 15.9 -7.08231 4.30247
    endloop
  endfacet
  facet normal 0.778279 -0 0.627919
    outer loop
      vertex 4.41311 -117.276 4.69056
      vertex 4.52837 -17.3232 4.5477
      vertex 4.41311 -17.3232 4.69056
    endloop
  endfacet
  facet normal 0.778179 2.92821e-07 0.628043
    outer loop
      vertex 4.52837 -17.3232 4.5477
      vertex 4.41311 -117.276 4.69056
      vertex 4.42453 -117.276 4.67641
    endloop
  endfacet
  facet normal 0.916947 -0 0.399009
    outer loop
      vertex 4.33387 -117.276 4.8725
      vertex 4.34058 -17.3232 4.85708
      vertex 4.33387 -17.3232 4.8725
    endloop
  endfacet
  facet normal 0.916819 5.40992e-08 0.399304
    outer loop
      vertex 4.34058 -17.3232 4.85708
      vertex 4.33387 -117.276 4.8725
      vertex 4.40592 -117.276 4.70707
    endloop
  endfacet
  facet normal -0 0.6696 0.742722
    outer loop
      vertex 15.9 -128.748 4.4407
      vertex 162.1 -128.903 4.58044
      vertex 162.1 -128.748 4.4407
    endloop
  endfacet
  facet normal 0 0.6696 0.742722
    outer loop
      vertex 162.1 -128.903 4.58044
      vertex 15.9 -128.748 4.4407
      vertex 15.9 -128.903 4.58044
    endloop
  endfacet
  facet normal 0 -0.978149 0.207907
    outer loop
      vertex 15.9 -6.26543 4.83295
      vertex 162.1 -6.22201 5.03723
      vertex 15.9 -6.22201 5.03723
    endloop
  endfacet
  facet normal 0 -0.978149 0.207907
    outer loop
      vertex 162.1 -6.22201 5.03723
      vertex 15.9 -6.26543 4.83295
      vertex 162.1 -6.26543 4.83295
    endloop
  endfacet
  facet normal -0.353775 0 0.935331
    outer loop
      vertex 173.27 -17.3232 4.39664
      vertex 173.253 -117.276 4.39021
      vertex 173.27 -117.276 4.39664
    endloop
  endfacet
  facet normal -0.36502 2.19115e-06 0.931
    outer loop
      vertex 173.253 -117.276 4.39021
      vertex 173.27 -17.3232 4.39664
      vertex 173.106 -17.3232 4.33234
    endloop
  endfacet
  facet normal 0.123755 0 0.992313
    outer loop
      vertex 5.1 -17.3232 4.30247
      vertex 5.08252 -117.276 4.30465
      vertex 5.1 -117.276 4.30247
    endloop
  endfacet
  facet normal 0.124237 -8.55503e-08 0.992253
    outer loop
      vertex 5.08252 -117.276 4.30465
      vertex 5.1 -17.3232 4.30247
      vertex 4.92485 -17.3232 4.3244
    endloop
  endfacet
  facet normal 0 0 1
    outer loop
      vertex 20.5 -35.6 4.30247
      vertex 5.1 -117.276 4.30247
      vertex 20.5 -104.4 4.30247
    endloop
  endfacet
  facet normal 0 0 1
    outer loop
      vertex 20.5 -104.4 4.30247
      vertex 5.1 -117.276 4.30247
      vertex 15.9 -117.276 4.30247
    endloop
  endfacet
  facet normal 0 0 1
    outer loop
      vertex 20.5 -104.4 4.30247
      vertex 33.5582 -98.1924 4.30247
      vertex 20.5 -35.6 4.30247
    endloop
  endfacet
  facet normal 0 0 1
    outer loop
      vertex 33.5582 -98.1924 4.30247
      vertex 20.5 -104.4 4.30247
      vertex 22.1 -104.4 4.30247
    endloop
  endfacet
  facet normal 0 0 1
    outer loop
      vertex 25.5492 -113.774 4.30247
      vertex 20.5 -112 4.30247
      vertex 25.5 -114.4 4.30247
    endloop
  endfacet
  facet normal 0 0 1
    outer loop
      vertex 25.6958 -113.164 4.30247
      vertex 20.5 -112 4.30247
      vertex 25.5492 -113.774 4.30247
    endloop
  endfacet
  facet normal 0 0 1
    outer loop
      vertex 25.936 -112.584 4.30247
      vertex 20.5 -112 4.30247
      vertex 25.6958 -113.164 4.30247
    endloop
  endfacet
  facet normal 0 0 1
    outer loop
      vertex 26.2639 -112.049 4.30247
      vertex 20.5 -112 4.30247
      vertex 25.936 -112.584 4.30247
    endloop
  endfacet
  facet normal -0 0 1
    outer loop
      vertex 20.5 -112 4.30247
      vertex 26.2639 -112.049 4.30247
      vertex 26.3057 -112 4.30247
    endloop
  endfacet
  facet normal -0 0 1
    outer loop
      vertex 20.5 -35.6 4.30247
      vertex 33.5582 -39.1582 4.30247
      vertex 22.1 -35.6 4.30247
    endloop
  endfacet
  facet normal 0 0 1
    outer loop
      vertex 33.5582 -39.1582 4.30247
      vertex 20.5 -35.6 4.30247
      vertex 33.5582 -98.1924 4.30247
    endloop
  endfacet
  facet normal 0 0 1
    outer loop
      vertex 33.5582 -98.1924 4.30247
      vertex 22.1 -104.4 4.30247
      vertex 28.1 -110.4 4.30247
    endloop
  endfacet
  facet normal 0 0 1
    outer loop
      vertex 28.1 -110.4 4.30247
      vertex 22.1 -104.4 4.30247
      vertex 22.1 -110.4 4.30247
    endloop
  endfacet
  facet normal -0 0 1
    outer loop
      vertex 32.7361 -27.9511 4.30247
      vertex 33.5582 -39.1582 4.30247
      vertex 33.064 -27.416 4.30247
    endloop
  endfacet
  facet normal 0 0 1
    outer loop
      vertex 33.5582 -106.842 4.30247
      vertex 33.4508 -113.774 4.30247
      vertex 33.5 -114.4 4.30247
    endloop
  endfacet
  facet normal -0 0 1
    outer loop
      vertex 32.3284 -28.4284 4.30247
      vertex 33.5582 -39.1582 4.30247
      vertex 32.7361 -27.9511 4.30247
    endloop
  endfacet
  facet normal 0 0 1
    outer loop
      vertex 33.5582 -106.842 4.30247
      vertex 33.3042 -113.164 4.30247
      vertex 33.4508 -113.774 4.30247
    endloop
  endfacet
  facet normal -0 0 1
    outer loop
      vertex 31.8511 -28.8361 4.30247
      vertex 33.5582 -39.1582 4.30247
      vertex 32.3284 -28.4284 4.30247
    endloop
  endfacet
  facet normal 0 0 1
    outer loop
      vertex 33.5582 -106.842 4.30247
      vertex 33.064 -112.584 4.30247
      vertex 33.3042 -113.164 4.30247
    endloop
  endfacet
  facet normal -0 0 1
    outer loop
      vertex 31.316 -29.164 4.30247
      vertex 33.5582 -39.1582 4.30247
      vertex 31.8511 -28.8361 4.30247
    endloop
  endfacet
  facet normal 0 0 1
    outer loop
      vertex 33.5582 -106.842 4.30247
      vertex 32.7361 -112.049 4.30247
      vertex 33.064 -112.584 4.30247
    endloop
  endfacet
  facet normal -0 0 1
    outer loop
      vertex 30.7361 -29.4042 4.30247
      vertex 33.5582 -39.1582 4.30247
      vertex 31.316 -29.164 4.30247
    endloop
  endfacet
  facet normal 0 0 1
    outer loop
      vertex 33.5582 -106.842 4.30247
      vertex 32.3284 -111.572 4.30247
      vertex 32.7361 -112.049 4.30247
    endloop
  endfacet
  facet normal -0 0 1
    outer loop
      vertex 30.1257 -29.5508 4.30247
      vertex 33.5582 -39.1582 4.30247
      vertex 30.7361 -29.4042 4.30247
    endloop
  endfacet
  facet normal 0 0 1
    outer loop
      vertex 33.5582 -106.842 4.30247
      vertex 31.8511 -111.164 4.30247
      vertex 32.3284 -111.572 4.30247
    endloop
  endfacet
  facet normal -0 0 1
    outer loop
      vertex 29.5 -29.6 4.30247
      vertex 33.5582 -39.1582 4.30247
      vertex 30.1257 -29.5508 4.30247
    endloop
  endfacet
  facet normal 0 0 1
    outer loop
      vertex 33.5582 -106.842 4.30247
      vertex 31.316 -110.836 4.30247
      vertex 31.8511 -111.164 4.30247
    endloop
  endfacet
  facet normal -0 0 1
    outer loop
      vertex 28.1 -29.6 4.30247
      vertex 33.5582 -39.1582 4.30247
      vertex 29.5 -29.6 4.30247
    endloop
  endfacet
  facet normal 0 0 1
    outer loop
      vertex 33.5582 -106.842 4.30247
      vertex 30.7361 -110.596 4.30247
      vertex 31.316 -110.836 4.30247
    endloop
  endfacet
  facet normal 0 0 1
    outer loop
      vertex 22.1 -35.6 4.30247
      vertex 28.1 -29.6 4.30247
      vertex 22.1 -29.6 4.30247
    endloop
  endfacet
  facet normal 0 0 1
    outer loop
      vertex 33.5582 -106.842 4.30247
      vertex 30.1257 -110.449 4.30247
      vertex 30.7361 -110.596 4.30247
    endloop
  endfacet
  facet normal 0 0 1
    outer loop
      vertex 28.1 -29.6 4.30247
      vertex 22.1 -35.6 4.30247
      vertex 33.5582 -39.1582 4.30247
    endloop
  endfacet
  facet normal 0 0 1
    outer loop
      vertex 33.5582 -106.842 4.30247
      vertex 29.5 -110.4 4.30247
      vertex 30.1257 -110.449 4.30247
    endloop
  endfacet
  facet normal 0 0 1
    outer loop
      vertex 28.1 -29.6 4.30247
      vertex 29.5 -29.6 4.30247
      vertex 28.8743 -29.5508 4.30247
    endloop
  endfacet
  facet normal 0 0 1
    outer loop
      vertex 33.5582 -98.1924 4.30247
      vertex 28.1 -110.4 4.30247
      vertex 33.5582 -106.842 4.30247
    endloop
  endfacet
  facet normal 0 0 1
    outer loop
      vertex 28.1 -29.6 4.30247
      vertex 28.8743 -29.5508 4.30247
      vertex 28.2639 -29.4042 4.30247
    endloop
  endfacet
  facet normal 0 0 1
    outer loop
      vertex 33.5582 -106.842 4.30247
      vertex 28.1 -110.4 4.30247
      vertex 29.5 -110.4 4.30247
    endloop
  endfacet
  facet normal 0 0 1
    outer loop
      vertex 28.1 -29.6 4.30247
      vertex 28.2639 -29.4042 4.30247
      vertex 28.1 -29.3363 4.30247
    endloop
  endfacet
  facet normal 0 0 1
    outer loop
      vertex 29.5 -110.4 4.30247
      vertex 28.1 -110.4 4.30247
      vertex 28.8743 -110.449 4.30247
    endloop
  endfacet
  facet normal 0 0 1
    outer loop
      vertex 28.8743 -110.449 4.30247
      vertex 28.1 -110.4 4.30247
      vertex 28.2639 -110.596 4.30247
    endloop
  endfacet
  facet normal 0 0 1
    outer loop
      vertex 28.2639 -110.596 4.30247
      vertex 28.1 -110.4 4.30247
      vertex 28.1 -110.664 4.30247
    endloop
  endfacet
  facet normal -0 0 1
    outer loop
      vertex 153.736 -29.4042 4.30247
      vertex 153.9 -29.6 4.30247
      vertex 153.9 -29.3363 4.30247
    endloop
  endfacet
  facet normal 0 0 1
    outer loop
      vertex 153.9 -29.6 4.30247
      vertex 144.442 -98.1924 4.30247
      vertex 153.9 -110.4 4.30247
    endloop
  endfacet
  facet normal -0 0 1
    outer loop
      vertex 153.126 -29.5508 4.30247
      vertex 153.9 -29.6 4.30247
      vertex 153.736 -29.4042 4.30247
    endloop
  endfacet
  facet normal 0 -0 1
    outer loop
      vertex 152.5 -110.4 4.30247
      vertex 153.9 -110.4 4.30247
      vertex 144.442 -98.1924 4.30247
    endloop
  endfacet
  facet normal 0 0 1
    outer loop
      vertex 152.5 -29.6 4.30247
      vertex 153.9 -29.6 4.30247
      vertex 153.126 -29.5508 4.30247
    endloop
  endfacet
  facet normal 0 0 1
    outer loop
      vertex 153.9 -110.4 4.30247
      vertex 153.736 -110.596 4.30247
      vertex 153.9 -110.664 4.30247
    endloop
  endfacet
  facet normal 0 0 1
    outer loop
      vertex 153.9 -29.6 4.30247
      vertex 152.5 -29.6 4.30247
      vertex 144.442 -39.1582 4.30247
    endloop
  endfacet
  facet normal 0 0 1
    outer loop
      vertex 153.9 -110.4 4.30247
      vertex 153.126 -110.449 4.30247
      vertex 153.736 -110.596 4.30247
    endloop
  endfacet
  facet normal 0 0 1
    outer loop
      vertex 144.442 -39.1582 4.30247
      vertex 152.5 -29.6 4.30247
      vertex 151.874 -29.5508 4.30247
    endloop
  endfacet
  facet normal 0 0 1
    outer loop
      vertex 153.9 -110.4 4.30247
      vertex 152.5 -110.4 4.30247
      vertex 153.126 -110.449 4.30247
    endloop
  endfacet
  facet normal 0 0 1
    outer loop
      vertex 144.442 -39.1582 4.30247
      vertex 151.874 -29.5508 4.30247
      vertex 151.264 -29.4042 4.30247
    endloop
  endfacet
  facet normal 0 0 1
    outer loop
      vertex 152.5 -110.4 4.30247
      vertex 144.442 -98.1924 4.30247
      vertex 151.874 -110.449 4.30247
    endloop
  endfacet
  facet normal 0 0 1
    outer loop
      vertex 144.442 -39.1582 4.30247
      vertex 151.264 -29.4042 4.30247
      vertex 150.684 -29.164 4.30247
    endloop
  endfacet
  facet normal -0 0 1
    outer loop
      vertex 144.442 -106.842 4.30247
      vertex 151.874 -110.449 4.30247
      vertex 144.442 -98.1924 4.30247
    endloop
  endfacet
  facet normal 0 0 1
    outer loop
      vertex 144.442 -39.1582 4.30247
      vertex 150.684 -29.164 4.30247
      vertex 150.149 -28.8361 4.30247
    endloop
  endfacet
  facet normal 0 0 1
    outer loop
      vertex 151.874 -110.449 4.30247
      vertex 144.442 -106.842 4.30247
      vertex 151.264 -110.596 4.30247
    endloop
  endfacet
  facet normal 0 0 1
    outer loop
      vertex 144.442 -39.1582 4.30247
      vertex 150.149 -28.8361 4.30247
      vertex 149.672 -28.4284 4.30247
    endloop
  endfacet
  facet normal 0 0 1
    outer loop
      vertex 151.264 -110.596 4.30247
      vertex 144.442 -106.842 4.30247
      vertex 150.684 -110.836 4.30247
    endloop
  endfacet
  facet normal 0 0 1
    outer loop
      vertex 144.442 -39.1582 4.30247
      vertex 149.672 -28.4284 4.30247
      vertex 149.264 -27.9511 4.30247
    endloop
  endfacet
  facet normal 0 0 1
    outer loop
      vertex 150.684 -110.836 4.30247
      vertex 144.442 -106.842 4.30247
      vertex 150.149 -111.164 4.30247
    endloop
  endfacet
  facet normal 0 0 1
    outer loop
      vertex 144.442 -39.1582 4.30247
      vertex 149.264 -27.9511 4.30247
      vertex 148.936 -27.416 4.30247
    endloop
  endfacet
  facet normal 0 0 1
    outer loop
      vertex 150.149 -111.164 4.30247
      vertex 144.442 -106.842 4.30247
      vertex 149.672 -111.572 4.30247
    endloop
  endfacet
  facet normal 0 0 1
    outer loop
      vertex 144.442 -39.1582 4.30247
      vertex 148.936 -27.416 4.30247
      vertex 148.696 -26.8361 4.30247
    endloop
  endfacet
  facet normal 0 0 1
    outer loop
      vertex 149.672 -111.572 4.30247
      vertex 144.442 -106.842 4.30247
      vertex 149.264 -112.049 4.30247
    endloop
  endfacet
  facet normal 0 0 1
    outer loop
      vertex 144.442 -39.1582 4.30247
      vertex 148.696 -26.8361 4.30247
      vertex 148.549 -26.2257 4.30247
    endloop
  endfacet
  facet normal 0 0 1
    outer loop
      vertex 149.264 -112.049 4.30247
      vertex 144.442 -106.842 4.30247
      vertex 148.936 -112.584 4.30247
    endloop
  endfacet
  facet normal 0 0 1
    outer loop
      vertex 144.442 -39.1582 4.30247
      vertex 148.549 -26.2257 4.30247
      vertex 148.5 -25.6 4.30247
    endloop
  endfacet
  facet normal 0 0 1
    outer loop
      vertex 148.936 -112.584 4.30247
      vertex 144.442 -106.842 4.30247
      vertex 148.696 -113.164 4.30247
    endloop
  endfacet
  facet normal 0 0 1
    outer loop
      vertex 161.5 -112 4.30247
      vertex 156.451 -113.774 4.30247
      vertex 156.5 -114.4 4.30247
    endloop
  endfacet
  facet normal 0 0 1
    outer loop
      vertex 161.5 -112 4.30247
      vertex 156.304 -113.164 4.30247
      vertex 156.451 -113.774 4.30247
    endloop
  endfacet
  facet normal 0 0 1
    outer loop
      vertex 161.5 -112 4.30247
      vertex 156.064 -112.584 4.30247
      vertex 156.304 -113.164 4.30247
    endloop
  endfacet
  facet normal 0 0 1
    outer loop
      vertex 161.5 -112 4.30247
      vertex 155.736 -112.049 4.30247
      vertex 156.064 -112.584 4.30247
    endloop
  endfacet
  facet normal 0 -0 1
    outer loop
      vertex 155.736 -112.049 4.30247
      vertex 161.5 -112 4.30247
      vertex 155.694 -112 4.30247
    endloop
  endfacet
  facet normal -0 0 1
    outer loop
      vertex 153.9 -29.6 4.30247
      vertex 159.9 -35.6 4.30247
      vertex 159.9 -29.6 4.30247
    endloop
  endfacet
  facet normal 0 0 1
    outer loop
      vertex 159.9 -35.6 4.30247
      vertex 153.9 -29.6 4.30247
      vertex 159.9 -104.4 4.30247
    endloop
  endfacet
  facet normal 0 0 1
    outer loop
      vertex 153.9 -110.4 4.30247
      vertex 159.9 -104.4 4.30247
      vertex 153.9 -29.6 4.30247
    endloop
  endfacet
  facet normal 0 0 1
    outer loop
      vertex 159.9 -104.4 4.30247
      vertex 153.9 -110.4 4.30247
      vertex 159.9 -110.4 4.30247
    endloop
  endfacet
  facet normal -0 0 1
    outer loop
      vertex 159.9 -35.6 4.30247
      vertex 161.5 -104.4 4.30247
      vertex 161.5 -35.6 4.30247
    endloop
  endfacet
  facet normal 0 0 1
    outer loop
      vertex 161.5 -104.4 4.30247
      vertex 159.9 -35.6 4.30247
      vertex 159.9 -104.4 4.30247
    endloop
  endfacet
  facet normal 0 0 1
    outer loop
      vertex 153.126 -21.6492 4.30247
      vertex 162.1 -17.3232 4.30247
      vertex 162.1 -7.08231 4.30247
    endloop
  endfacet
  facet normal 0 0 1
    outer loop
      vertex 162.1 -17.3232 4.30247
      vertex 161.5 -35.6 4.30247
      vertex 162.1 -117.276 4.30247
    endloop
  endfacet
  facet normal 0 0 1
    outer loop
      vertex 162.1 -17.3232 4.30247
      vertex 161.5 -28 4.30247
      vertex 161.5 -35.6 4.30247
    endloop
  endfacet
  facet normal 0 -0 1
    outer loop
      vertex 156.064 -23.784 4.30247
      vertex 162.1 -17.3232 4.30247
      vertex 155.736 -23.2489 4.30247
    endloop
  endfacet
  facet normal 0 0 1
    outer loop
      vertex 161.5 -28 4.30247
      vertex 156.451 -24.9743 4.30247
      vertex 156.5 -25.6 4.30247
    endloop
  endfacet
  facet normal 0 0 1
    outer loop
      vertex 161.5 -28 4.30247
      vertex 156.304 -24.3639 4.30247
      vertex 156.451 -24.9743 4.30247
    endloop
  endfacet
  facet normal 0 0 1
    outer loop
      vertex 162.1 -17.3232 4.30247
      vertex 156.304 -24.3639 4.30247
      vertex 161.5 -28 4.30247
    endloop
  endfacet
  facet normal 0 -0 1
    outer loop
      vertex 156.304 -24.3639 4.30247
      vertex 162.1 -17.3232 4.30247
      vertex 156.064 -23.784 4.30247
    endloop
  endfacet
  facet normal 0 0 1
    outer loop
      vertex 162.1 -17.3232 4.30247
      vertex 155.328 -22.7716 4.30247
      vertex 155.736 -23.2489 4.30247
    endloop
  endfacet
  facet normal 0 0 1
    outer loop
      vertex 162.1 -17.3232 4.30247
      vertex 154.851 -22.3639 4.30247
      vertex 155.328 -22.7716 4.30247
    endloop
  endfacet
  facet normal 0 0 1
    outer loop
      vertex 162.1 -17.3232 4.30247
      vertex 154.316 -22.036 4.30247
      vertex 154.851 -22.3639 4.30247
    endloop
  endfacet
  facet normal 0 0 1
    outer loop
      vertex 162.1 -17.3232 4.30247
      vertex 153.736 -21.7958 4.30247
      vertex 154.316 -22.036 4.30247
    endloop
  endfacet
  facet normal 0 0 1
    outer loop
      vertex 162.1 -17.3232 4.30247
      vertex 153.126 -21.6492 4.30247
      vertex 153.736 -21.7958 4.30247
    endloop
  endfacet
  facet normal 0 0 1
    outer loop
      vertex 162.1 -7.08231 4.30247
      vertex 152.5 -21.6 4.30247
      vertex 153.126 -21.6492 4.30247
    endloop
  endfacet
  facet normal 0 0 1
    outer loop
      vertex 162.1 -7.08231 4.30247
      vertex 151.874 -21.6492 4.30247
      vertex 152.5 -21.6 4.30247
    endloop
  endfacet
  facet normal 0 0 1
    outer loop
      vertex 162.1 -7.08231 4.30247
      vertex 151.264 -21.7958 4.30247
      vertex 151.874 -21.6492 4.30247
    endloop
  endfacet
  facet normal 0 0 1
    outer loop
      vertex 162.1 -7.08231 4.30247
      vertex 150.684 -22.036 4.30247
      vertex 151.264 -21.7958 4.30247
    endloop
  endfacet
  facet normal 0 0 1
    outer loop
      vertex 162.1 -7.08231 4.30247
      vertex 150.149 -22.3639 4.30247
      vertex 150.684 -22.036 4.30247
    endloop
  endfacet
  facet normal 0 0 1
    outer loop
      vertex 162.1 -7.08231 4.30247
      vertex 149.672 -22.7716 4.30247
      vertex 150.149 -22.3639 4.30247
    endloop
  endfacet
  facet normal 0 0 1
    outer loop
      vertex 32.3284 -22.7716 4.30247
      vertex 149.672 -22.7716 4.30247
      vertex 162.1 -7.08231 4.30247
    endloop
  endfacet
  facet normal 0 0 1
    outer loop
      vertex 153.9 -29.6 4.30247
      vertex 144.442 -39.1582 4.30247
      vertex 144.442 -98.1924 4.30247
    endloop
  endfacet
  facet normal 0 0 1
    outer loop
      vertex 148.549 -24.9743 4.30247
      vertex 144.442 -39.1582 4.30247
      vertex 148.5 -25.6 4.30247
    endloop
  endfacet
  facet normal 0 0 1
    outer loop
      vertex 33.4508 -24.9743 4.30247
      vertex 148.549 -24.9743 4.30247
      vertex 148.696 -24.3639 4.30247
    endloop
  endfacet
  facet normal 0 0 1
    outer loop
      vertex 148.549 -24.9743 4.30247
      vertex 33.4508 -24.9743 4.30247
      vertex 144.442 -39.1582 4.30247
    endloop
  endfacet
  facet normal 0 0 1
    outer loop
      vertex 33.3042 -24.3639 4.30247
      vertex 148.696 -24.3639 4.30247
      vertex 148.936 -23.784 4.30247
    endloop
  endfacet
  facet normal 0 0 1
    outer loop
      vertex 33.064 -23.784 4.30247
      vertex 148.936 -23.784 4.30247
      vertex 149.264 -23.2489 4.30247
    endloop
  endfacet
  facet normal 0 0 1
    outer loop
      vertex 149.672 -22.7716 4.30247
      vertex 32.3284 -22.7716 4.30247
      vertex 149.264 -23.2489 4.30247
    endloop
  endfacet
  facet normal -0 0 1
    outer loop
      vertex 33.064 -27.416 4.30247
      vertex 33.5582 -39.1582 4.30247
      vertex 33.3042 -26.8361 4.30247
    endloop
  endfacet
  facet normal 0 0 1
    outer loop
      vertex 144.442 -39.1582 4.30247
      vertex 33.4508 -26.2257 4.30247
      vertex 33.5582 -39.1582 4.30247
    endloop
  endfacet
  facet normal -0 0 1
    outer loop
      vertex 33.4508 -26.2257 4.30247
      vertex 144.442 -39.1582 4.30247
      vertex 33.5 -25.6 4.30247
    endloop
  endfacet
  facet normal 0 0 1
    outer loop
      vertex 144.442 -39.1582 4.30247
      vertex 33.4508 -24.9743 4.30247
      vertex 33.5 -25.6 4.30247
    endloop
  endfacet
  facet normal 0 0 1
    outer loop
      vertex 148.696 -24.3639 4.30247
      vertex 33.3042 -24.3639 4.30247
      vertex 33.4508 -24.9743 4.30247
    endloop
  endfacet
  facet normal 0 0 1
    outer loop
      vertex 148.936 -23.784 4.30247
      vertex 33.064 -23.784 4.30247
      vertex 33.3042 -24.3639 4.30247
    endloop
  endfacet
  facet normal 0 0 1
    outer loop
      vertex 149.264 -23.2489 4.30247
      vertex 32.7361 -23.2489 4.30247
      vertex 33.064 -23.784 4.30247
    endloop
  endfacet
  facet normal 0 0 1
    outer loop
      vertex 149.264 -23.2489 4.30247
      vertex 32.3284 -22.7716 4.30247
      vertex 32.7361 -23.2489 4.30247
    endloop
  endfacet
  facet normal 0 0 1
    outer loop
      vertex 162.1 -7.08231 4.30247
      vertex 31.8511 -22.3639 4.30247
      vertex 32.3284 -22.7716 4.30247
    endloop
  endfacet
  facet normal -0 0 1
    outer loop
      vertex 15.9 -7.08231 4.30247
      vertex 31.8511 -22.3639 4.30247
      vertex 162.1 -7.08231 4.30247
    endloop
  endfacet
  facet normal 0 0 1
    outer loop
      vertex 31.8511 -22.3639 4.30247
      vertex 15.9 -7.08231 4.30247
      vertex 31.316 -22.036 4.30247
    endloop
  endfacet
  facet normal 0 0 1
    outer loop
      vertex 31.316 -22.036 4.30247
      vertex 15.9 -7.08231 4.30247
      vertex 30.7361 -21.7958 4.30247
    endloop
  endfacet
  facet normal 0 0 1
    outer loop
      vertex 30.7361 -21.7958 4.30247
      vertex 15.9 -7.08231 4.30247
      vertex 30.1257 -21.6492 4.30247
    endloop
  endfacet
  facet normal 0 0 1
    outer loop
      vertex 30.1257 -21.6492 4.30247
      vertex 15.9 -7.08231 4.30247
      vertex 29.5 -21.6 4.30247
    endloop
  endfacet
  facet normal 0 0 1
    outer loop
      vertex 25.5492 -24.9743 4.30247
      vertex 20.5 -28 4.30247
      vertex 25.5 -25.6 4.30247
    endloop
  endfacet
  facet normal 0 0 1
    outer loop
      vertex 25.6958 -24.3639 4.30247
      vertex 20.5 -28 4.30247
      vertex 25.5492 -24.9743 4.30247
    endloop
  endfacet
  facet normal 0 0 1
    outer loop
      vertex 15.9 -17.3232 4.30247
      vertex 25.6958 -24.3639 4.30247
      vertex 25.936 -23.784 4.30247
    endloop
  endfacet
  facet normal 0 0 1
    outer loop
      vertex 15.9 -17.3232 4.30247
      vertex 25.936 -23.784 4.30247
      vertex 26.2639 -23.2489 4.30247
    endloop
  endfacet
  facet normal 0 0 1
    outer loop
      vertex 15.9 -17.3232 4.30247
      vertex 26.2639 -23.2489 4.30247
      vertex 26.6716 -22.7716 4.30247
    endloop
  endfacet
  facet normal 0 0 1
    outer loop
      vertex 15.9 -17.3232 4.30247
      vertex 26.6716 -22.7716 4.30247
      vertex 27.1489 -22.3639 4.30247
    endloop
  endfacet
  facet normal -0 0 1
    outer loop
      vertex 5.1 -17.3232 4.30247
      vertex 20.5 -28 4.30247
      vertex 15.9 -17.3232 4.30247
    endloop
  endfacet
  facet normal 0 0 1
    outer loop
      vertex 20.5 -28 4.30247
      vertex 5.1 -17.3232 4.30247
      vertex 20.5 -35.6 4.30247
    endloop
  endfacet
  facet normal 0 0 1
    outer loop
      vertex 25.6958 -24.3639 4.30247
      vertex 15.9 -17.3232 4.30247
      vertex 20.5 -28 4.30247
    endloop
  endfacet
  facet normal 0 0 1
    outer loop
      vertex 27.684 -22.036 4.30247
      vertex 15.9 -17.3232 4.30247
      vertex 27.1489 -22.3639 4.30247
    endloop
  endfacet
  facet normal 0 0 1
    outer loop
      vertex 28.2639 -21.7958 4.30247
      vertex 15.9 -17.3232 4.30247
      vertex 27.684 -22.036 4.30247
    endloop
  endfacet
  facet normal -0 0 1
    outer loop
      vertex 15.9 -17.3232 4.30247
      vertex 28.2639 -21.7958 4.30247
      vertex 15.9 -7.08231 4.30247
    endloop
  endfacet
  facet normal 0 0 1
    outer loop
      vertex 28.8743 -21.6492 4.30247
      vertex 15.9 -7.08231 4.30247
      vertex 28.2639 -21.7958 4.30247
    endloop
  endfacet
  facet normal 0 0 1
    outer loop
      vertex 29.5 -21.6 4.30247
      vertex 15.9 -7.08231 4.30247
      vertex 28.8743 -21.6492 4.30247
    endloop
  endfacet
  facet normal -0 0 1
    outer loop
      vertex 162.1 -17.3232 4.30247
      vertex 172.9 -117.276 4.30247
      vertex 172.9 -17.3232 4.30247
    endloop
  endfacet
  facet normal 0 0 1
    outer loop
      vertex 172.9 -117.276 4.30247
      vertex 162.1 -17.3232 4.30247
      vertex 162.1 -117.276 4.30247
    endloop
  endfacet
  facet normal -0 0 1
    outer loop
      vertex 161.5 -104.4 4.30247
      vertex 162.1 -117.276 4.30247
      vertex 161.5 -35.6 4.30247
    endloop
  endfacet
  facet normal -0 0 1
    outer loop
      vertex 161.5 -112 4.30247
      vertex 162.1 -117.276 4.30247
      vertex 161.5 -104.4 4.30247
    endloop
  endfacet
  facet normal -0 0 1
    outer loop
      vertex 156.5 -114.4 4.30247
      vertex 162.1 -117.276 4.30247
      vertex 161.5 -112 4.30247
    endloop
  endfacet
  facet normal 0 0 1
    outer loop
      vertex 162.1 -117.276 4.30247
      vertex 156.5 -114.4 4.30247
      vertex 156.451 -115.026 4.30247
    endloop
  endfacet
  facet normal 0 0 1
    outer loop
      vertex 162.1 -117.276 4.30247
      vertex 156.451 -115.026 4.30247
      vertex 156.304 -115.636 4.30247
    endloop
  endfacet
  facet normal 0 0 1
    outer loop
      vertex 162.1 -117.276 4.30247
      vertex 156.304 -115.636 4.30247
      vertex 156.064 -116.216 4.30247
    endloop
  endfacet
  facet normal -0 0 1
    outer loop
      vertex 155.736 -116.751 4.30247
      vertex 162.1 -117.276 4.30247
      vertex 156.064 -116.216 4.30247
    endloop
  endfacet
  facet normal -0 0 1
    outer loop
      vertex 155.328 -117.228 4.30247
      vertex 162.1 -117.276 4.30247
      vertex 155.736 -116.751 4.30247
    endloop
  endfacet
  facet normal 0 0 1
    outer loop
      vertex 154.851 -117.636 4.30247
      vertex 162.1 -117.276 4.30247
      vertex 155.328 -117.228 4.30247
    endloop
  endfacet
  facet normal 0 0 1
    outer loop
      vertex 162.1 -117.276 4.30247
      vertex 154.851 -117.636 4.30247
      vertex 162.1 -128.357 4.30247
    endloop
  endfacet
  facet normal -0 0 1
    outer loop
      vertex 154.316 -117.964 4.30247
      vertex 162.1 -128.357 4.30247
      vertex 154.851 -117.636 4.30247
    endloop
  endfacet
  facet normal -0 0 1
    outer loop
      vertex 153.736 -118.204 4.30247
      vertex 162.1 -128.357 4.30247
      vertex 154.316 -117.964 4.30247
    endloop
  endfacet
  facet normal -0 0 1
    outer loop
      vertex 153.126 -118.351 4.30247
      vertex 162.1 -128.357 4.30247
      vertex 153.736 -118.204 4.30247
    endloop
  endfacet
  facet normal -0 0 1
    outer loop
      vertex 152.5 -118.4 4.30247
      vertex 162.1 -128.357 4.30247
      vertex 153.126 -118.351 4.30247
    endloop
  endfacet
  facet normal 0 0 1
    outer loop
      vertex 151.874 -118.351 4.30247
      vertex 162.1 -128.357 4.30247
      vertex 152.5 -118.4 4.30247
    endloop
  endfacet
  facet normal 0 0 1
    outer loop
      vertex 151.264 -118.204 4.30247
      vertex 162.1 -128.357 4.30247
      vertex 151.874 -118.351 4.30247
    endloop
  endfacet
  facet normal 0 0 1
    outer loop
      vertex 150.684 -117.964 4.30247
      vertex 162.1 -128.357 4.30247
      vertex 151.264 -118.204 4.30247
    endloop
  endfacet
  facet normal 0 0 1
    outer loop
      vertex 150.149 -117.636 4.30247
      vertex 162.1 -128.357 4.30247
      vertex 150.684 -117.964 4.30247
    endloop
  endfacet
  facet normal 0 0 1
    outer loop
      vertex 31.8511 -117.636 4.30247
      vertex 150.149 -117.636 4.30247
      vertex 149.672 -117.228 4.30247
    endloop
  endfacet
  facet normal 0 0 1
    outer loop
      vertex 148.696 -113.164 4.30247
      vertex 144.442 -106.842 4.30247
      vertex 148.549 -113.774 4.30247
    endloop
  endfacet
  facet normal 0 0 1
    outer loop
      vertex 148.549 -113.774 4.30247
      vertex 144.442 -106.842 4.30247
      vertex 148.5 -114.4 4.30247
    endloop
  endfacet
  facet normal 0 0 1
    outer loop
      vertex 148.5 -114.4 4.30247
      vertex 144.442 -106.842 4.30247
      vertex 148.549 -115.026 4.30247
    endloop
  endfacet
  facet normal 0 0 1
    outer loop
      vertex 148.549 -115.026 4.30247
      vertex 144.442 -106.842 4.30247
      vertex 148.696 -115.636 4.30247
    endloop
  endfacet
  facet normal 0 0 1
    outer loop
      vertex 33.3042 -115.636 4.30247
      vertex 148.696 -115.636 4.30247
      vertex 144.442 -106.842 4.30247
    endloop
  endfacet
  facet normal 0 0 1
    outer loop
      vertex 33.5 -114.4 4.30247
      vertex 144.442 -106.842 4.30247
      vertex 33.5582 -106.842 4.30247
    endloop
  endfacet
  facet normal 0 0 1
    outer loop
      vertex 33.4508 -115.026 4.30247
      vertex 144.442 -106.842 4.30247
      vertex 33.5 -114.4 4.30247
    endloop
  endfacet
  facet normal 0 0 1
    outer loop
      vertex 33.3042 -115.636 4.30247
      vertex 144.442 -106.842 4.30247
      vertex 33.4508 -115.026 4.30247
    endloop
  endfacet
  facet normal 0 0 1
    outer loop
      vertex 148.696 -115.636 4.30247
      vertex 33.3042 -115.636 4.30247
      vertex 148.936 -116.216 4.30247
    endloop
  endfacet
  facet normal -0 0 1
    outer loop
      vertex 33.3042 -26.8361 4.30247
      vertex 33.5582 -39.1582 4.30247
      vertex 33.4508 -26.2257 4.30247
    endloop
  endfacet
  facet normal 0 0 1
    outer loop
      vertex 33.064 -116.216 4.30247
      vertex 148.936 -116.216 4.30247
      vertex 33.3042 -115.636 4.30247
    endloop
  endfacet
  facet normal 0 0 1
    outer loop
      vertex 148.936 -116.216 4.30247
      vertex 33.064 -116.216 4.30247
      vertex 149.264 -116.751 4.30247
    endloop
  endfacet
  facet normal 0 0 1
    outer loop
      vertex 32.7361 -116.751 4.30247
      vertex 149.264 -116.751 4.30247
      vertex 33.064 -116.216 4.30247
    endloop
  endfacet
  facet normal 0 0 1
    outer loop
      vertex 149.264 -116.751 4.30247
      vertex 32.7361 -116.751 4.30247
      vertex 149.672 -117.228 4.30247
    endloop
  endfacet
  facet normal 0 0 1
    outer loop
      vertex 32.3284 -117.228 4.30247
      vertex 149.672 -117.228 4.30247
      vertex 32.7361 -116.751 4.30247
    endloop
  endfacet
  facet normal 0 0 1
    outer loop
      vertex 31.8511 -117.636 4.30247
      vertex 149.672 -117.228 4.30247
      vertex 32.3284 -117.228 4.30247
    endloop
  endfacet
  facet normal 0 0 1
    outer loop
      vertex 150.149 -117.636 4.30247
      vertex 31.8511 -117.636 4.30247
      vertex 162.1 -128.357 4.30247
    endloop
  endfacet
  facet normal -0 0 1
    outer loop
      vertex 31.316 -117.964 4.30247
      vertex 162.1 -128.357 4.30247
      vertex 31.8511 -117.636 4.30247
    endloop
  endfacet
  facet normal 0 0 1
    outer loop
      vertex 15.9 -128.357 4.30247
      vertex 31.316 -117.964 4.30247
      vertex 30.7361 -118.204 4.30247
    endloop
  endfacet
  facet normal 0 0 1
    outer loop
      vertex 15.9 -128.357 4.30247
      vertex 30.7361 -118.204 4.30247
      vertex 30.1257 -118.351 4.30247
    endloop
  endfacet
  facet normal 0 0 1
    outer loop
      vertex 15.9 -128.357 4.30247
      vertex 30.1257 -118.351 4.30247
      vertex 29.5 -118.4 4.30247
    endloop
  endfacet
  facet normal 0 0 1
    outer loop
      vertex 20.5 -112 4.30247
      vertex 25.5492 -115.026 4.30247
      vertex 25.5 -114.4 4.30247
    endloop
  endfacet
  facet normal 0 0 1
    outer loop
      vertex 20.5 -112 4.30247
      vertex 25.6958 -115.636 4.30247
      vertex 25.5492 -115.026 4.30247
    endloop
  endfacet
  facet normal 0 0 1
    outer loop
      vertex 15.9 -117.276 4.30247
      vertex 25.6958 -115.636 4.30247
      vertex 20.5 -112 4.30247
    endloop
  endfacet
  facet normal 0 0 1
    outer loop
      vertex 25.6958 -115.636 4.30247
      vertex 15.9 -117.276 4.30247
      vertex 25.936 -116.216 4.30247
    endloop
  endfacet
  facet normal 0 0 1
    outer loop
      vertex 25.936 -116.216 4.30247
      vertex 15.9 -117.276 4.30247
      vertex 26.2639 -116.751 4.30247
    endloop
  endfacet
  facet normal 0 0 1
    outer loop
      vertex 26.2639 -116.751 4.30247
      vertex 15.9 -117.276 4.30247
      vertex 26.6716 -117.228 4.30247
    endloop
  endfacet
  facet normal 0 0 1
    outer loop
      vertex 5.1 -117.276 4.30247
      vertex 20.5 -35.6 4.30247
      vertex 5.1 -17.3232 4.30247
    endloop
  endfacet
  facet normal 0 0 1
    outer loop
      vertex 20.5 -104.4 4.30247
      vertex 15.9 -117.276 4.30247
      vertex 20.5 -112 4.30247
    endloop
  endfacet
  facet normal 0 0 1
    outer loop
      vertex 15.9 -128.357 4.30247
      vertex 26.6716 -117.228 4.30247
      vertex 15.9 -117.276 4.30247
    endloop
  endfacet
  facet normal 0 0 1
    outer loop
      vertex 26.6716 -117.228 4.30247
      vertex 15.9 -128.357 4.30247
      vertex 27.1489 -117.636 4.30247
    endloop
  endfacet
  facet normal 0 0 1
    outer loop
      vertex 27.1489 -117.636 4.30247
      vertex 15.9 -128.357 4.30247
      vertex 27.684 -117.964 4.30247
    endloop
  endfacet
  facet normal 0 0 1
    outer loop
      vertex 27.684 -117.964 4.30247
      vertex 15.9 -128.357 4.30247
      vertex 28.2639 -118.204 4.30247
    endloop
  endfacet
  facet normal 0 0 1
    outer loop
      vertex 31.316 -117.964 4.30247
      vertex 15.9 -128.357 4.30247
      vertex 162.1 -128.357 4.30247
    endloop
  endfacet
  facet normal 0 0 1
    outer loop
      vertex 28.8743 -118.351 4.30247
      vertex 15.9 -128.357 4.30247
      vertex 29.5 -118.4 4.30247
    endloop
  endfacet
  facet normal 0 0 1
    outer loop
      vertex 28.2639 -118.204 4.30247
      vertex 15.9 -128.357 4.30247
      vertex 28.8743 -118.351 4.30247
    endloop
  endfacet
  facet normal -0 0 1
    outer loop
      vertex 156.451 -26.2257 4.30247
      vertex 161.5 -28 4.30247
      vertex 156.5 -25.6 4.30247
    endloop
  endfacet
  facet normal -0 0 1
    outer loop
      vertex 156.304 -26.8361 4.30247
      vertex 161.5 -28 4.30247
      vertex 156.451 -26.2257 4.30247
    endloop
  endfacet
  facet normal -0 0 1
    outer loop
      vertex 156.064 -27.416 4.30247
      vertex 161.5 -28 4.30247
      vertex 156.304 -26.8361 4.30247
    endloop
  endfacet
  facet normal -0 0 1
    outer loop
      vertex 155.736 -27.9511 4.30247
      vertex 161.5 -28 4.30247
      vertex 156.064 -27.416 4.30247
    endloop
  endfacet
  facet normal 0 0 1
    outer loop
      vertex 161.5 -28 4.30247
      vertex 155.736 -27.9511 4.30247
      vertex 155.694 -28 4.30247
    endloop
  endfacet
  facet normal 0 0 1
    outer loop
      vertex 26.2639 -27.9511 4.30247
      vertex 20.5 -28 4.30247
      vertex 26.3057 -28 4.30247
    endloop
  endfacet
  facet normal 0 0 1
    outer loop
      vertex 25.936 -27.416 4.30247
      vertex 20.5 -28 4.30247
      vertex 26.2639 -27.9511 4.30247
    endloop
  endfacet
  facet normal 0 0 1
    outer loop
      vertex 25.6958 -26.8361 4.30247
      vertex 20.5 -28 4.30247
      vertex 25.936 -27.416 4.30247
    endloop
  endfacet
  facet normal 0 0 1
    outer loop
      vertex 25.5492 -26.2257 4.30247
      vertex 20.5 -28 4.30247
      vertex 25.6958 -26.8361 4.30247
    endloop
  endfacet
  facet normal 0 0 1
    outer loop
      vertex 20.5 -28 4.30247
      vertex 25.5492 -26.2257 4.30247
      vertex 25.5 -25.6 4.30247
    endloop
  endfacet
  facet normal -1 0 0
    outer loop
      vertex 173.693 -117.276 5.06773
      vertex 173.693 -17.3232 5.13227
      vertex 173.693 -17.3232 5.06773
    endloop
  endfacet
  facet normal -1 -0 0
    outer loop
      vertex 173.693 -17.3232 5.13227
      vertex 173.693 -117.276 5.06773
      vertex 173.693 -117.276 5.13227
    endloop
  endfacet
  facet normal 0 -0.99863 -0.0523352
    outer loop
      vertex 15.9 -6.22201 5.03723
      vertex 162.1 -6.23294 5.24579
      vertex 15.9 -6.23294 5.24579
    endloop
  endfacet
  facet normal 0 -0.99863 -0.0523352
    outer loop
      vertex 162.1 -6.23294 5.24579
      vertex 15.9 -6.22201 5.03723
      vertex 162.1 -6.22201 5.03723
    endloop
  endfacet
  facet normal -0.125256 0 0.992124
    outer loop
      vertex 173.075 -17.3232 4.3244
      vertex 173.091 -117.276 4.32642
      vertex 173.091 -17.3232 4.32642
    endloop
  endfacet
  facet normal -0.124147 1.80289e-07 0.992264
    outer loop
      vertex 173.091 -117.276 4.32642
      vertex 173.075 -17.3232 4.3244
      vertex 172.917 -117.276 4.30465
    endloop
  endfacet
  facet normal -0.992751 0 0.120188
    outer loop
      vertex 173.666 -117.276 4.8725
      vertex 173.668 -17.3232 4.88902
      vertex 173.666 -17.3232 4.8725
    endloop
  endfacet
  facet normal -0.990209 -3.25794e-06 0.139592
    outer loop
      vertex 173.668 -17.3232 4.88902
      vertex 173.666 -117.276 4.8725
      vertex 173.691 -117.276 5.04984
    endloop
  endfacet
  facet normal -1 0 0
    outer loop
      vertex 173.693 -117.276 5.13227
      vertex 173.693 -17.3232 7
      vertex 173.693 -17.3232 5.13227
    endloop
  endfacet
  facet normal -1 -0 0
    outer loop
      vertex 173.693 -17.3232 7
      vertex 173.693 -117.276 5.13227
      vertex 173.693 -117.276 7
    endloop
  endfacet
  facet normal -0.778971 4.7499e-06 0.627059
    outer loop
      vertex 173.575 -117.276 4.67641
      vertex 173.587 -17.3232 4.69056
      vertex 173.472 -17.3232 4.5477
    endloop
  endfacet
  facet normal -0.76267 0 0.646788
    outer loop
      vertex 173.587 -17.3232 4.69056
      vertex 173.575 -117.276 4.67641
      vertex 173.587 -117.276 4.69056
    endloop
  endfacet
  facet normal 0 -0.74313 0.669147
    outer loop
      vertex 15.9 -6.49999 4.49168
      vertex 162.1 -6.36025 4.64687
      vertex 15.9 -6.36025 4.64687
    endloop
  endfacet
  facet normal 0 -0.74313 0.669147
    outer loop
      vertex 162.1 -6.36025 4.64687
      vertex 15.9 -6.49999 4.49168
      vertex 162.1 -6.49999 4.49168
    endloop
  endfacet
  facet normal 0.124186 -1.67054e-07 0.992259
    outer loop
      vertex 4.90871 -17.3232 4.32642
      vertex 5.08252 -117.276 4.30465
      vertex 4.92485 -17.3232 4.3244
    endloop
  endfacet
  facet normal 0.124281 0 0.992247
    outer loop
      vertex 5.08252 -117.276 4.30465
      vertex 4.90871 -17.3232 4.32642
      vertex 4.90871 -117.276 4.32642
    endloop
  endfacet
  facet normal 0.778248 1.11547e-07 0.627957
    outer loop
      vertex 4.42453 -117.276 4.67641
      vertex 4.53915 -17.3232 4.53434
      vertex 4.52837 -17.3232 4.5477
    endloop
  endfacet
  facet normal 0.778286 0 0.62791
    outer loop
      vertex 4.53915 -17.3232 4.53434
      vertex 4.42453 -117.276 4.67641
      vertex 4.53915 -117.276 4.53434
    endloop
  endfacet
  facet normal 0.990529 3.25493e-07 0.137307
    outer loop
      vertex 4.30932 -117.276 5.04984
      vertex 4.33387 -17.3232 4.8725
      vertex 4.33158 -17.3232 4.88902
    endloop
  endfacet
  facet normal 0.990553 0 0.137127
    outer loop
      vertex 4.33387 -17.3232 4.8725
      vertex 4.30932 -117.276 5.04984
      vertex 4.33387 -117.276 4.8725
    endloop
  endfacet
  facet normal 0.589492 0 0.807774
    outer loop
      vertex 4.53915 -17.3232 4.53434
      vertex 4.70342 -117.276 4.41446
      vertex 4.70342 -17.3232 4.41446
    endloop
  endfacet
  facet normal 0.589492 0 0.807774
    outer loop
      vertex 4.70342 -117.276 4.41446
      vertex 4.53915 -17.3232 4.53434
      vertex 4.53915 -117.276 4.53434
    endloop
  endfacet
  facet normal 0.550541 5.76001e-08 0.834808
    outer loop
      vertex 4.70342 -17.3232 4.41446
      vertex 4.72798 -117.276 4.39827
      vertex 4.70574 -17.3232 4.41293
    endloop
  endfacet
  facet normal 0.550378 0 0.834916
    outer loop
      vertex 4.72798 -117.276 4.39827
      vertex 4.70342 -17.3232 4.41446
      vertex 4.70342 -117.276 4.41446
    endloop
  endfacet
  facet normal -0.36711 -1.3587e-06 0.930178
    outer loop
      vertex 173.091 -17.3232 4.32642
      vertex 173.253 -117.276 4.39021
      vertex 173.106 -17.3232 4.33234
    endloop
  endfacet
  facet normal -0.366384 0 0.930464
    outer loop
      vertex 173.253 -117.276 4.39021
      vertex 173.091 -17.3232 4.32642
      vertex 173.091 -117.276 4.32642
    endloop
  endfacet
  facet normal -0.771997 0 0.635626
    outer loop
      vertex 173.461 -117.276 4.53434
      vertex 173.472 -17.3232 4.5477
      vertex 173.461 -17.3232 4.53434
    endloop
  endfacet
  facet normal -0.779947 2.18216e-06 0.625846
    outer loop
      vertex 173.472 -17.3232 4.5477
      vertex 173.461 -117.276 4.53434
      vertex 173.575 -117.276 4.67641
    endloop
  endfacet
  facet normal 0 -0.308993 0.951064
    outer loop
      vertex 15.9 -6.67514 4.37793
      vertex 162.1 -6.87376 4.3134
      vertex 162.1 -6.67514 4.37793
    endloop
  endfacet
  facet normal 0 -0.308993 0.951064
    outer loop
      vertex 162.1 -6.87376 4.3134
      vertex 15.9 -6.67514 4.37793
      vertex 15.9 -6.87376 4.3134
    endloop
  endfacet
  facet normal 0.36653 2.93363e-08 0.930406
    outer loop
      vertex 4.73045 -17.3232 4.39664
      vertex 4.74678 -117.276 4.39021
      vertex 4.89367 -17.3232 4.33234
    endloop
  endfacet
  facet normal 0.366375 0 0.930467
    outer loop
      vertex 4.74678 -117.276 4.39021
      vertex 4.73045 -17.3232 4.39664
      vertex 4.73045 -117.276 4.39664
    endloop
  endfacet
  facet normal 0 0.83811 0.545501
    outer loop
      vertex 162.1 -128.903 4.58044
      vertex 15.9 -129.017 4.75559
      vertex 162.1 -129.017 4.75559
    endloop
  endfacet
  facet normal 0 0.83811 0.545501
    outer loop
      vertex 15.9 -129.017 4.75559
      vertex 162.1 -128.903 4.58044
      vertex 15.9 -128.903 4.58044
    endloop
  endfacet
  facet normal -0.454326 0 0.890835
    outer loop
      vertex 173.294 -17.3232 4.41293
      vertex 173.297 -117.276 4.41446
      vertex 173.297 -17.3232 4.41446
    endloop
  endfacet
  facet normal -0.543571 -3.46653e-06 0.839363
    outer loop
      vertex 173.297 -117.276 4.41446
      vertex 173.294 -17.3232 4.41293
      vertex 173.272 -117.276 4.39827
    endloop
  endfacet
  facet normal -0.990357 -4.98046e-06 0.138542
    outer loop
      vertex 173.691 -117.276 5.04984
      vertex 173.693 -17.3232 5.06773
      vertex 173.668 -17.3232 4.88902
    endloop
  endfacet
  facet normal -0.993809 0 0.111102
    outer loop
      vertex 173.693 -17.3232 5.06773
      vertex 173.691 -117.276 5.04984
      vertex 173.693 -117.276 5.06773
    endloop
  endfacet
  facet normal -0 0.454136 0.890932
    outer loop
      vertex 15.9 -128.562 4.34589
      vertex 162.1 -128.748 4.4407
      vertex 162.1 -128.562 4.34589
    endloop
  endfacet
  facet normal 0 0.454136 0.890932
    outer loop
      vertex 162.1 -128.748 4.4407
      vertex 15.9 -128.562 4.34589
      vertex 15.9 -128.748 4.4407
    endloop
  endfacet
  facet normal -0.910569 -2.82221e-05 0.413358
    outer loop
      vertex 173.594 -117.276 4.70707
      vertex 173.666 -17.3232 4.8725
      vertex 173.659 -17.3232 4.85708
    endloop
  endfacet
  facet normal -0.91692 0 0.399071
    outer loop
      vertex 173.666 -17.3232 4.8725
      vertex 173.594 -117.276 4.70707
      vertex 173.666 -117.276 4.8725
    endloop
  endfacet
  facet normal 0 -0.54466 0.838657
    outer loop
      vertex 15.9 -6.49999 4.49168
      vertex 162.1 -6.67514 4.37793
      vertex 162.1 -6.49999 4.49168
    endloop
  endfacet
  facet normal 0 -0.54466 0.838657
    outer loop
      vertex 162.1 -6.67514 4.37793
      vertex 15.9 -6.49999 4.49168
      vertex 15.9 -6.67514 4.37793
    endloop
  endfacet
  facet normal 0.366265 0 0.930511
    outer loop
      vertex 4.89367 -17.3232 4.33234
      vertex 4.90871 -117.276 4.32642
      vertex 4.90871 -17.3232 4.32642
    endloop
  endfacet
  facet normal 0.366522 4.46081e-08 0.93041
    outer loop
      vertex 4.90871 -117.276 4.32642
      vertex 4.89367 -17.3232 4.33234
      vertex 4.74678 -117.276 4.39021
    endloop
  endfacet
  facet normal 0.550795 0 0.83464
    outer loop
      vertex 4.73045 -17.3232 4.39664
      vertex 4.72798 -117.276 4.39827
      vertex 4.73045 -117.276 4.39664
    endloop
  endfacet
  facet normal 0.550404 1.38596e-08 0.834898
    outer loop
      vertex 4.72798 -117.276 4.39827
      vertex 4.73045 -17.3232 4.39664
      vertex 4.70574 -17.3232 4.41293
    endloop
  endfacet
  facet normal 0.990553 -0 0.137129
    outer loop
      vertex 4.30684 -117.276 5.06773
      vertex 4.33158 -17.3232 4.88902
      vertex 4.30684 -17.3232 5.06773
    endloop
  endfacet
  facet normal 0.990528 3.33582e-07 0.137312
    outer loop
      vertex 4.33158 -17.3232 4.88902
      vertex 4.30684 -117.276 5.06773
      vertex 4.30932 -117.276 5.04984
    endloop
  endfacet
  facet normal 1 0 -1.07082e-05
    outer loop
      vertex 4.30686 -117.276 7
      vertex 4.30684 -17.3232 5.13227
      vertex 4.30686 -17.3232 7
    endloop
  endfacet
  facet normal 1 0 -1.07082e-05
    outer loop
      vertex 4.30684 -17.3232 5.13227
      vertex 4.30686 -117.276 7
      vertex 4.30684 -117.276 5.13227
    endloop
  endfacet
  facet normal 0 0.951155 0.308715
    outer loop
      vertex 162.1 -129.081 4.95421
      vertex 15.9 -129.745 7
      vertex 162.1 -129.745 7
    endloop
  endfacet
  facet normal 0 0.951155 0.308715
    outer loop
      vertex 15.9 -129.745 7
      vertex 162.1 -129.081 4.95421
      vertex 15.9 -129.081 4.95421
    endloop
  endfacet
  facet normal 0 -0.890992 0.454019
    outer loop
      vertex 15.9 -6.36025 4.64687
      vertex 162.1 -6.26543 4.83295
      vertex 15.9 -6.26543 4.83295
    endloop
  endfacet
  facet normal 0 -0.890992 0.454019
    outer loop
      vertex 162.1 -6.26543 4.83295
      vertex 15.9 -6.36025 4.64687
      vertex 162.1 -6.36025 4.64687
    endloop
  endfacet
  facet normal 0 -0.95105 -0.309036
    outer loop
      vertex 15.9 -6.23294 5.24579
      vertex 162.1 -6.29748 5.44441
      vertex 15.9 -6.29748 5.44441
    endloop
  endfacet
  facet normal 0 -0.95105 -0.309036
    outer loop
      vertex 162.1 -6.29748 5.44441
      vertex 15.9 -6.23294 5.24579
      vertex 162.1 -6.23294 5.24579
    endloop
  endfacet
  facet normal 0 -0.951055 -0.309022
    outer loop
      vertex 15.9 -6.29748 5.44441
      vertex 162.1 -6.80293 7
      vertex 15.9 -6.80293 7
    endloop
  endfacet
  facet normal 0 -0.951055 -0.309022
    outer loop
      vertex 162.1 -6.80293 7
      vertex 15.9 -6.29748 5.44441
      vertex 162.1 -6.29748 5.44441
    endloop
  endfacet
  facet normal 0 0.951808 0.306695
    outer loop
      vertex 162.1 -129.017 4.75559
      vertex 15.9 -129.081 4.95421
      vertex 162.1 -129.081 4.95421
    endloop
  endfacet
  facet normal 0 0.951808 0.306695
    outer loop
      vertex 15.9 -129.081 4.95421
      vertex 162.1 -129.017 4.75559
      vertex 15.9 -129.017 4.75559
    endloop
  endfacet
  facet normal 0.97235 -0.23353 0
    outer loop
      vertex 33.3042 -26.8361 11.5
      vertex 33.4508 -26.2257 4.30247
      vertex 33.4508 -26.2257 11.5
    endloop
  endfacet
  facet normal 0.97235 -0.23353 0
    outer loop
      vertex 33.4508 -26.2257 4.30247
      vertex 33.3042 -26.8361 11.5
      vertex 33.3042 -26.8361 4.30247
    endloop
  endfacet
  facet normal 0.996923 -0.07839 0
    outer loop
      vertex 33.4508 -26.2257 11.5
      vertex 33.5 -25.6 4.30247
      vertex 33.5 -25.6 11.5
    endloop
  endfacet
  facet normal 0.996923 -0.07839 0
    outer loop
      vertex 33.5 -25.6 4.30247
      vertex 33.4508 -26.2257 11.5
      vertex 33.4508 -26.2257 4.30247
    endloop
  endfacet
  facet normal 0.923881 -0.38268 0
    outer loop
      vertex 33.064 -27.416 11.5
      vertex 33.3042 -26.8361 4.30247
      vertex 33.3042 -26.8361 11.5
    endloop
  endfacet
  facet normal 0.923881 -0.38268 0
    outer loop
      vertex 33.3042 -26.8361 4.30247
      vertex 33.064 -27.416 11.5
      vertex 33.064 -27.416 4.30247
    endloop
  endfacet
  facet normal 0.07839 0.996923 -0
    outer loop
      vertex 30.1257 -21.6492 4.30247
      vertex 29.5 -21.6 11.5
      vertex 30.1257 -21.6492 11.5
    endloop
  endfacet
  facet normal 0.07839 0.996923 0
    outer loop
      vertex 29.5 -21.6 11.5
      vertex 30.1257 -21.6492 4.30247
      vertex 29.5 -21.6 4.30247
    endloop
  endfacet
  facet normal 0.38268 -0.923881 0
    outer loop
      vertex 30.7361 -29.4042 4.30247
      vertex 31.316 -29.164 11.5
      vertex 30.7361 -29.4042 11.5
    endloop
  endfacet
  facet normal 0.38268 -0.923881 0
    outer loop
      vertex 31.316 -29.164 11.5
      vertex 30.7361 -29.4042 4.30247
      vertex 31.316 -29.164 4.30247
    endloop
  endfacet
  facet normal -0.760369 0.649492 0
    outer loop
      vertex 26.2639 -23.2489 4.30247
      vertex 26.6716 -22.7716 11.5
      vertex 26.6716 -22.7716 4.30247
    endloop
  endfacet
  facet normal -0.760369 0.649492 0
    outer loop
      vertex 26.6716 -22.7716 11.5
      vertex 26.2639 -23.2489 4.30247
      vertex 26.2639 -23.2489 11.5
    endloop
  endfacet
  facet normal 0.996923 0.07839 0
    outer loop
      vertex 33.5 -25.6 11.5
      vertex 33.4508 -24.9743 4.30247
      vertex 33.4508 -24.9743 11.5
    endloop
  endfacet
  facet normal 0.996923 0.07839 0
    outer loop
      vertex 33.4508 -24.9743 4.30247
      vertex 33.5 -25.6 11.5
      vertex 33.5 -25.6 4.30247
    endloop
  endfacet
  facet normal -0.522487 0.852647 0
    outer loop
      vertex 27.684 -22.036 4.30247
      vertex 27.1489 -22.3639 11.5
      vertex 27.684 -22.036 11.5
    endloop
  endfacet
  facet normal -0.522487 0.852647 0
    outer loop
      vertex 27.1489 -22.3639 11.5
      vertex 27.684 -22.036 4.30247
      vertex 27.1489 -22.3639 4.30247
    endloop
  endfacet
  facet normal 0.760369 -0.649492 0
    outer loop
      vertex 32.3284 -28.4284 11.5
      vertex 32.7361 -27.9511 4.30247
      vertex 32.7361 -27.9511 11.5
    endloop
  endfacet
  facet normal 0.760369 -0.649492 0
    outer loop
      vertex 32.7361 -27.9511 4.30247
      vertex 32.3284 -28.4284 11.5
      vertex 32.3284 -28.4284 4.30247
    endloop
  endfacet
  facet normal 0.852647 -0.522487 0
    outer loop
      vertex 32.7361 -27.9511 11.5
      vertex 33.064 -27.416 4.30247
      vertex 33.064 -27.416 11.5
    endloop
  endfacet
  facet normal 0.852647 -0.522487 0
    outer loop
      vertex 33.064 -27.416 4.30247
      vertex 32.7361 -27.9511 11.5
      vertex 32.7361 -27.9511 4.30247
    endloop
  endfacet
  facet normal 0.23353 0.97235 -0
    outer loop
      vertex 30.7361 -21.7958 4.30247
      vertex 30.1257 -21.6492 11.5
      vertex 30.7361 -21.7958 11.5
    endloop
  endfacet
  facet normal 0.23353 0.97235 0
    outer loop
      vertex 30.1257 -21.6492 11.5
      vertex 30.7361 -21.7958 4.30247
      vertex 30.1257 -21.6492 4.30247
    endloop
  endfacet
  facet normal -0.852647 -0.522487 0
    outer loop
      vertex 26.2639 -27.9511 4.30247
      vertex 25.936 -27.416 11.5
      vertex 25.936 -27.416 4.30247
    endloop
  endfacet
  facet normal -0.852647 -0.522487 0
    outer loop
      vertex 25.936 -27.416 11.5
      vertex 26.2639 -27.9511 4.30247
      vertex 26.2639 -27.9511 11.5
    endloop
  endfacet
  facet normal -0.23353 0.97235 0
    outer loop
      vertex 28.8743 -21.6492 4.30247
      vertex 28.2639 -21.7958 11.5
      vertex 28.8743 -21.6492 11.5
    endloop
  endfacet
  facet normal -0.23353 0.97235 0
    outer loop
      vertex 28.2639 -21.7958 11.5
      vertex 28.8743 -21.6492 4.30247
      vertex 28.2639 -21.7958 4.30247
    endloop
  endfacet
  facet normal -0.996923 0.07839 0
    outer loop
      vertex 25.5 -25.6 4.30247
      vertex 25.5492 -24.9743 11.5
      vertex 25.5492 -24.9743 4.30247
    endloop
  endfacet
  facet normal -0.996923 0.07839 0
    outer loop
      vertex 25.5492 -24.9743 11.5
      vertex 25.5 -25.6 4.30247
      vertex 25.5 -25.6 11.5
    endloop
  endfacet
  facet normal -0.382659 -0.92389 0
    outer loop
      vertex 28.1 -29.3363 10.5
      vertex 27.684 -29.164 11.5
      vertex 27.684 -29.164 10.5
    endloop
  endfacet
  facet normal -0.38268 -0.923881 -1.02441e-05
    outer loop
      vertex 27.684 -29.164 11.5
      vertex 28.1 -29.3363 10.5
      vertex 28.2639 -29.4042 11.5
    endloop
  endfacet
  facet normal -0.382733 -0.923859 0
    outer loop
      vertex 28.2639 -29.4042 4.30247
      vertex 28.1 -29.3363 10.5
      vertex 28.1 -29.3363 4.30247
    endloop
  endfacet
  facet normal -0.382733 -0.923859 0
    outer loop
      vertex 28.1 -29.3363 10.5
      vertex 28.2639 -29.4042 4.30247
      vertex 28.2639 -29.4042 11.5
    endloop
  endfacet
  facet normal 0.07839 -0.996923 0
    outer loop
      vertex 29.5 -29.6 4.30247
      vertex 30.1257 -29.5508 11.5
      vertex 29.5 -29.6 11.5
    endloop
  endfacet
  facet normal 0.07839 -0.996923 0
    outer loop
      vertex 30.1257 -29.5508 11.5
      vertex 29.5 -29.6 4.30247
      vertex 30.1257 -29.5508 4.30247
    endloop
  endfacet
  facet normal 0.522487 -0.852647 0
    outer loop
      vertex 31.316 -29.164 4.30247
      vertex 31.8511 -28.8361 11.5
      vertex 31.316 -29.164 11.5
    endloop
  endfacet
  facet normal 0.522487 -0.852647 0
    outer loop
      vertex 31.8511 -28.8361 11.5
      vertex 31.316 -29.164 4.30247
      vertex 31.8511 -28.8361 4.30247
    endloop
  endfacet
  facet normal -0.522487 -0.852647 0
    outer loop
      vertex 27.1489 -28.8361 10.5
      vertex 27.684 -29.164 11.5
      vertex 27.1489 -28.8361 11.5
    endloop
  endfacet
  facet normal -0.522487 -0.852647 -0
    outer loop
      vertex 27.684 -29.164 11.5
      vertex 27.1489 -28.8361 10.5
      vertex 27.684 -29.164 10.5
    endloop
  endfacet
  facet normal -0.07839 0.996923 0
    outer loop
      vertex 29.5 -21.6 4.30247
      vertex 28.8743 -21.6492 11.5
      vertex 29.5 -21.6 11.5
    endloop
  endfacet
  facet normal -0.07839 0.996923 0
    outer loop
      vertex 28.8743 -21.6492 11.5
      vertex 29.5 -21.6 4.30247
      vertex 28.8743 -21.6492 4.30247
    endloop
  endfacet
  facet normal -0.649492 -0.760369 0
    outer loop
      vertex 26.6716 -28.4284 10.5
      vertex 27.1489 -28.8361 11.5
      vertex 26.6716 -28.4284 11.5
    endloop
  endfacet
  facet normal -0.649492 -0.760369 -0
    outer loop
      vertex 27.1489 -28.8361 11.5
      vertex 26.6716 -28.4284 10.5
      vertex 27.1489 -28.8361 10.5
    endloop
  endfacet
  facet normal -0.923881 -0.38268 0
    outer loop
      vertex 25.936 -27.416 4.30247
      vertex 25.6958 -26.8361 11.5
      vertex 25.6958 -26.8361 4.30247
    endloop
  endfacet
  facet normal -0.923881 -0.38268 0
    outer loop
      vertex 25.6958 -26.8361 11.5
      vertex 25.936 -27.416 4.30247
      vertex 25.936 -27.416 11.5
    endloop
  endfacet
  facet normal -0.923881 0.38268 0
    outer loop
      vertex 25.6958 -24.3639 4.30247
      vertex 25.936 -23.784 11.5
      vertex 25.936 -23.784 4.30247
    endloop
  endfacet
  facet normal -0.923881 0.38268 0
    outer loop
      vertex 25.936 -23.784 11.5
      vertex 25.6958 -24.3639 4.30247
      vertex 25.6958 -24.3639 11.5
    endloop
  endfacet
  facet normal -0.07839 -0.996923 0
    outer loop
      vertex 28.8743 -29.5508 4.30247
      vertex 29.5 -29.6 11.5
      vertex 28.8743 -29.5508 11.5
    endloop
  endfacet
  facet normal -0.07839 -0.996923 -0
    outer loop
      vertex 29.5 -29.6 11.5
      vertex 28.8743 -29.5508 4.30247
      vertex 29.5 -29.6 4.30247
    endloop
  endfacet
  facet normal 0.97235 0.23353 0
    outer loop
      vertex 33.4508 -24.9743 11.5
      vertex 33.3042 -24.3639 4.30247
      vertex 33.3042 -24.3639 11.5
    endloop
  endfacet
  facet normal 0.97235 0.23353 0
    outer loop
      vertex 33.3042 -24.3639 4.30247
      vertex 33.4508 -24.9743 11.5
      vertex 33.4508 -24.9743 4.30247
    endloop
  endfacet
  facet normal 0.38268 0.923881 -0
    outer loop
      vertex 31.316 -22.036 4.30247
      vertex 30.7361 -21.7958 11.5
      vertex 31.316 -22.036 11.5
    endloop
  endfacet
  facet normal 0.38268 0.923881 0
    outer loop
      vertex 30.7361 -21.7958 11.5
      vertex 31.316 -22.036 4.30247
      vertex 30.7361 -21.7958 4.30247
    endloop
  endfacet
  facet normal -0.649492 0.760369 0
    outer loop
      vertex 27.1489 -22.3639 4.30247
      vertex 26.6716 -22.7716 11.5
      vertex 27.1489 -22.3639 11.5
    endloop
  endfacet
  facet normal -0.649492 0.760369 0
    outer loop
      vertex 26.6716 -22.7716 11.5
      vertex 27.1489 -22.3639 4.30247
      vertex 26.6716 -22.7716 4.30247
    endloop
  endfacet
  facet normal -0.996923 -0.07839 0
    outer loop
      vertex 25.5492 -26.2257 4.30247
      vertex 25.5 -25.6 11.5
      vertex 25.5 -25.6 4.30247
    endloop
  endfacet
  facet normal -0.996923 -0.07839 0
    outer loop
      vertex 25.5 -25.6 11.5
      vertex 25.5492 -26.2257 4.30247
      vertex 25.5492 -26.2257 11.5
    endloop
  endfacet
  facet normal 0.760369 0.649492 0
    outer loop
      vertex 32.7361 -23.2489 11.5
      vertex 32.3284 -22.7716 4.30247
      vertex 32.3284 -22.7716 11.5
    endloop
  endfacet
  facet normal 0.760369 0.649492 0
    outer loop
      vertex 32.3284 -22.7716 4.30247
      vertex 32.7361 -23.2489 11.5
      vertex 32.7361 -23.2489 4.30247
    endloop
  endfacet
  facet normal 0.649492 -0.760369 0
    outer loop
      vertex 31.8511 -28.8361 4.30247
      vertex 32.3284 -28.4284 11.5
      vertex 31.8511 -28.8361 11.5
    endloop
  endfacet
  facet normal 0.649492 -0.760369 0
    outer loop
      vertex 32.3284 -28.4284 11.5
      vertex 31.8511 -28.8361 4.30247
      vertex 32.3284 -28.4284 4.30247
    endloop
  endfacet
  facet normal -0 0 1
    outer loop
      vertex 30.7861 -25.4237 11.5
      vertex 33.5 -25.6 11.5
      vertex 33.4508 -24.9743 11.5
    endloop
  endfacet
  facet normal 0 0 1
    outer loop
      vertex 30.7776 -25.3702 11.5
      vertex 33.4508 -24.9743 11.5
      vertex 33.3042 -24.3639 11.5
    endloop
  endfacet
  facet normal 0 0 1
    outer loop
      vertex 30.7979 -25.6271 11.5
      vertex 33.5 -25.6 11.5
      vertex 30.8 -25.6 11.5
    endloop
  endfacet
  facet normal 0 0 1
    outer loop
      vertex 30.6687 -25.0349 11.5
      vertex 33.3042 -24.3639 11.5
      vertex 33.064 -23.784 11.5
    endloop
  endfacet
  facet normal 0 0 1
    outer loop
      vertex 33.5 -25.6 11.5
      vertex 30.7979 -25.6271 11.5
      vertex 33.4508 -26.2257 11.5
    endloop
  endfacet
  facet normal 0 0 1
    outer loop
      vertex 30.6441 -24.9866 11.5
      vertex 33.064 -23.784 11.5
      vertex 32.7361 -23.2489 11.5
    endloop
  endfacet
  facet normal -0 0 1
    outer loop
      vertex 30.784 -25.8034 11.5
      vertex 33.4508 -26.2257 11.5
      vertex 30.7979 -25.6271 11.5
    endloop
  endfacet
  facet normal 0 0 1
    outer loop
      vertex 30.4369 -24.7014 11.5
      vertex 32.7361 -23.2489 11.5
      vertex 32.3284 -22.7716 11.5
    endloop
  endfacet
  facet normal -0 0 1
    outer loop
      vertex 30.7776 -25.8298 11.5
      vertex 33.4508 -26.2257 11.5
      vertex 30.784 -25.8034 11.5
    endloop
  endfacet
  facet normal 0 0 1
    outer loop
      vertex 30.3986 -24.6631 11.5
      vertex 32.3284 -22.7716 11.5
      vertex 31.8511 -22.3639 11.5
    endloop
  endfacet
  facet normal 0 0 1
    outer loop
      vertex 33.4508 -26.2257 11.5
      vertex 30.7776 -25.8298 11.5
      vertex 33.3042 -26.8361 11.5
    endloop
  endfacet
  facet normal 0 0 1
    outer loop
      vertex 30.2641 -24.5483 11.5
      vertex 31.8511 -22.3639 11.5
      vertex 31.316 -22.036 11.5
    endloop
  endfacet
  facet normal -0 0 1
    outer loop
      vertex 30.7364 -26.0017 11.5
      vertex 33.3042 -26.8361 11.5
      vertex 30.7776 -25.8298 11.5
    endloop
  endfacet
  facet normal -0 0 1
    outer loop
      vertex 30.6687 -26.1651 11.5
      vertex 33.3042 -26.8361 11.5
      vertex 30.7364 -26.0017 11.5
    endloop
  endfacet
  facet normal 0 0 1
    outer loop
      vertex 33.5 -25.6 11.5
      vertex 30.7861 -25.4237 11.5
      vertex 30.8 -25.6 11.5
    endloop
  endfacet
  facet normal 0 0 1
    outer loop
      vertex 33.4508 -24.9743 11.5
      vertex 30.784 -25.3966 11.5
      vertex 30.7861 -25.4237 11.5
    endloop
  endfacet
  facet normal 0 0 1
    outer loop
      vertex 33.4508 -24.9743 11.5
      vertex 30.7776 -25.3702 11.5
      vertex 30.784 -25.3966 11.5
    endloop
  endfacet
  facet normal 0 0 1
    outer loop
      vertex 33.3042 -24.3639 11.5
      vertex 30.7364 -25.1983 11.5
      vertex 30.7776 -25.3702 11.5
    endloop
  endfacet
  facet normal 0 0 1
    outer loop
      vertex 29.9269 -24.374 11.5
      vertex 31.316 -22.036 11.5
      vertex 30.7361 -21.7958 11.5
    endloop
  endfacet
  facet normal 0 0 1
    outer loop
      vertex 33.3042 -24.3639 11.5
      vertex 30.6687 -25.0349 11.5
      vertex 30.7364 -25.1983 11.5
    endloop
  endfacet
  facet normal 0 0 1
    outer loop
      vertex 33.064 -23.784 11.5
      vertex 30.6583 -25.0098 11.5
      vertex 30.6687 -25.0349 11.5
    endloop
  endfacet
  facet normal 0 0 1
    outer loop
      vertex 33.064 -23.784 11.5
      vertex 30.6441 -24.9866 11.5
      vertex 30.6583 -25.0098 11.5
    endloop
  endfacet
  facet normal 0 0 1
    outer loop
      vertex 32.7361 -23.2489 11.5
      vertex 30.5517 -24.8359 11.5
      vertex 30.6441 -24.9866 11.5
    endloop
  endfacet
  facet normal 0 0 1
    outer loop
      vertex 32.7361 -23.2489 11.5
      vertex 30.4369 -24.7014 11.5
      vertex 30.5517 -24.8359 11.5
    endloop
  endfacet
  facet normal 0 0 1
    outer loop
      vertex 32.3284 -22.7716 11.5
      vertex 30.4192 -24.6808 11.5
      vertex 30.4369 -24.7014 11.5
    endloop
  endfacet
  facet normal 0 0 1
    outer loop
      vertex 32.3284 -22.7716 11.5
      vertex 30.3986 -24.6631 11.5
      vertex 30.4192 -24.6808 11.5
    endloop
  endfacet
  facet normal 0 0 1
    outer loop
      vertex 31.8511 -22.3639 11.5
      vertex 30.2641 -24.5483 11.5
      vertex 30.3986 -24.6631 11.5
    endloop
  endfacet
  facet normal 0 0 1
    outer loop
      vertex 29.8753 -24.3573 11.5
      vertex 30.7361 -21.7958 11.5
      vertex 30.1257 -21.6492 11.5
    endloop
  endfacet
  facet normal 0 0 1
    outer loop
      vertex 31.316 -22.036 11.5
      vertex 30.0902 -24.4417 11.5
      vertex 30.2641 -24.5483 11.5
    endloop
  endfacet
  facet normal 0 0 1
    outer loop
      vertex 31.316 -22.036 11.5
      vertex 29.9269 -24.374 11.5
      vertex 30.0902 -24.4417 11.5
    endloop
  endfacet
  facet normal 0 0 1
    outer loop
      vertex 30.7361 -21.7958 11.5
      vertex 29.9017 -24.3636 11.5
      vertex 29.9269 -24.374 11.5
    endloop
  endfacet
  facet normal 0 0 1
    outer loop
      vertex 30.7361 -21.7958 11.5
      vertex 29.8753 -24.3573 11.5
      vertex 29.9017 -24.3636 11.5
    endloop
  endfacet
  facet normal 0 0 1
    outer loop
      vertex 30.1257 -21.6492 11.5
      vertex 29.7034 -24.316 11.5
      vertex 29.8753 -24.3573 11.5
    endloop
  endfacet
  facet normal 0 0 1
    outer loop
      vertex 30.1257 -21.6492 11.5
      vertex 29.5271 -24.3021 11.5
      vertex 29.7034 -24.316 11.5
    endloop
  endfacet
  facet normal 0 0 1
    outer loop
      vertex 29.5 -21.6 11.5
      vertex 29.5271 -24.3021 11.5
      vertex 30.1257 -21.6492 11.5
    endloop
  endfacet
  facet normal 0 0 1
    outer loop
      vertex 29.5 -21.6 11.5
      vertex 29.5 -24.3 11.5
      vertex 29.5271 -24.3021 11.5
    endloop
  endfacet
  facet normal 0 0 1
    outer loop
      vertex 29.5 -21.6 11.5
      vertex 29.4729 -24.3021 11.5
      vertex 29.5 -24.3 11.5
    endloop
  endfacet
  facet normal -0 0 1
    outer loop
      vertex 28.8743 -21.6492 11.5
      vertex 29.4729 -24.3021 11.5
      vertex 29.5 -21.6 11.5
    endloop
  endfacet
  facet normal 0 0 1
    outer loop
      vertex 29.4729 -24.3021 11.5
      vertex 28.8743 -21.6492 11.5
      vertex 29.2966 -24.316 11.5
    endloop
  endfacet
  facet normal 0 0 1
    outer loop
      vertex 29.2966 -24.316 11.5
      vertex 28.8743 -21.6492 11.5
      vertex 29.1247 -24.3573 11.5
    endloop
  endfacet
  facet normal -0 0 1
    outer loop
      vertex 28.2639 -21.7958 11.5
      vertex 29.1247 -24.3573 11.5
      vertex 28.8743 -21.6492 11.5
    endloop
  endfacet
  facet normal 0 0 1
    outer loop
      vertex 29.1247 -24.3573 11.5
      vertex 28.2639 -21.7958 11.5
      vertex 29.0983 -24.3636 11.5
    endloop
  endfacet
  facet normal 0 0 1
    outer loop
      vertex 29.0983 -24.3636 11.5
      vertex 28.2639 -21.7958 11.5
      vertex 29.0731 -24.374 11.5
    endloop
  endfacet
  facet normal -0 0 1
    outer loop
      vertex 27.684 -22.036 11.5
      vertex 29.0731 -24.374 11.5
      vertex 28.2639 -21.7958 11.5
    endloop
  endfacet
  facet normal 0 0 1
    outer loop
      vertex 29.0731 -24.374 11.5
      vertex 27.684 -22.036 11.5
      vertex 28.9098 -24.4417 11.5
    endloop
  endfacet
  facet normal 0 0 1
    outer loop
      vertex 28.9098 -24.4417 11.5
      vertex 27.684 -22.036 11.5
      vertex 28.7359 -24.5483 11.5
    endloop
  endfacet
  facet normal -0 0 1
    outer loop
      vertex 27.1489 -22.3639 11.5
      vertex 28.7359 -24.5483 11.5
      vertex 27.684 -22.036 11.5
    endloop
  endfacet
  facet normal 0 0 1
    outer loop
      vertex 28.7359 -24.5483 11.5
      vertex 27.1489 -22.3639 11.5
      vertex 28.6014 -24.6631 11.5
    endloop
  endfacet
  facet normal -0 0 1
    outer loop
      vertex 26.6716 -22.7716 11.5
      vertex 28.6014 -24.6631 11.5
      vertex 27.1489 -22.3639 11.5
    endloop
  endfacet
  facet normal 0 0 1
    outer loop
      vertex 28.6014 -24.6631 11.5
      vertex 26.6716 -22.7716 11.5
      vertex 28.5808 -24.6808 11.5
    endloop
  endfacet
  facet normal 0 0 1
    outer loop
      vertex 28.5808 -24.6808 11.5
      vertex 26.6716 -22.7716 11.5
      vertex 28.5631 -24.7014 11.5
    endloop
  endfacet
  facet normal -0 0 1
    outer loop
      vertex 26.2639 -23.2489 11.5
      vertex 28.5631 -24.7014 11.5
      vertex 26.6716 -22.7716 11.5
    endloop
  endfacet
  facet normal 0 0 1
    outer loop
      vertex 28.5631 -24.7014 11.5
      vertex 26.2639 -23.2489 11.5
      vertex 28.4483 -24.8359 11.5
    endloop
  endfacet
  facet normal 0 0 1
    outer loop
      vertex 28.4483 -24.8359 11.5
      vertex 26.2639 -23.2489 11.5
      vertex 28.3559 -24.9866 11.5
    endloop
  endfacet
  facet normal -0 0 1
    outer loop
      vertex 25.936 -23.784 11.5
      vertex 28.3559 -24.9866 11.5
      vertex 26.2639 -23.2489 11.5
    endloop
  endfacet
  facet normal 0 0 1
    outer loop
      vertex 28.3559 -24.9866 11.5
      vertex 25.936 -23.784 11.5
      vertex 28.3417 -25.0098 11.5
    endloop
  endfacet
  facet normal 0 0 1
    outer loop
      vertex 28.3417 -25.0098 11.5
      vertex 25.936 -23.784 11.5
      vertex 28.3313 -25.0349 11.5
    endloop
  endfacet
  facet normal -0 0 1
    outer loop
      vertex 25.6958 -24.3639 11.5
      vertex 28.3313 -25.0349 11.5
      vertex 25.936 -23.784 11.5
    endloop
  endfacet
  facet normal 0 0 1
    outer loop
      vertex 33.3042 -26.8361 11.5
      vertex 30.6687 -26.1651 11.5
      vertex 33.064 -27.416 11.5
    endloop
  endfacet
  facet normal -0 0 1
    outer loop
      vertex 30.6583 -26.1902 11.5
      vertex 33.064 -27.416 11.5
      vertex 30.6687 -26.1651 11.5
    endloop
  endfacet
  facet normal -0 0 1
    outer loop
      vertex 30.6441 -26.2134 11.5
      vertex 33.064 -27.416 11.5
      vertex 30.6583 -26.1902 11.5
    endloop
  endfacet
  facet normal 0 0 1
    outer loop
      vertex 33.064 -27.416 11.5
      vertex 30.6441 -26.2134 11.5
      vertex 32.7361 -27.9511 11.5
    endloop
  endfacet
  facet normal -0 0 1
    outer loop
      vertex 30.5517 -26.3641 11.5
      vertex 32.7361 -27.9511 11.5
      vertex 30.6441 -26.2134 11.5
    endloop
  endfacet
  facet normal 0 0 1
    outer loop
      vertex 32.7361 -27.9511 11.5
      vertex 30.5517 -26.3641 11.5
      vertex 32.3284 -28.4284 11.5
    endloop
  endfacet
  facet normal -0 0 1
    outer loop
      vertex 30.4192 -26.5192 11.5
      vertex 32.3284 -28.4284 11.5
      vertex 30.5517 -26.3641 11.5
    endloop
  endfacet
  facet normal -0 0 1
    outer loop
      vertex 30.3986 -26.5369 11.5
      vertex 32.3284 -28.4284 11.5
      vertex 30.4192 -26.5192 11.5
    endloop
  endfacet
  facet normal 0 0 1
    outer loop
      vertex 32.3284 -28.4284 11.5
      vertex 30.3986 -26.5369 11.5
      vertex 31.8511 -28.8361 11.5
    endloop
  endfacet
  facet normal -0 0 1
    outer loop
      vertex 30.2641 -26.6517 11.5
      vertex 31.8511 -28.8361 11.5
      vertex 30.3986 -26.5369 11.5
    endloop
  endfacet
  facet normal -0 0 1
    outer loop
      vertex 30.1134 -26.7441 11.5
      vertex 31.8511 -28.8361 11.5
      vertex 30.2641 -26.6517 11.5
    endloop
  endfacet
  facet normal 0 0 1
    outer loop
      vertex 31.8511 -28.8361 11.5
      vertex 30.1134 -26.7441 11.5
      vertex 31.316 -29.164 11.5
    endloop
  endfacet
  facet normal -0 0 1
    outer loop
      vertex 30.0902 -26.7583 11.5
      vertex 31.316 -29.164 11.5
      vertex 30.1134 -26.7441 11.5
    endloop
  endfacet
  facet normal -0 0 1
    outer loop
      vertex 29.9269 -26.826 11.5
      vertex 31.316 -29.164 11.5
      vertex 30.0902 -26.7583 11.5
    endloop
  endfacet
  facet normal 0 0 1
    outer loop
      vertex 31.316 -29.164 11.5
      vertex 29.9269 -26.826 11.5
      vertex 30.7361 -29.4042 11.5
    endloop
  endfacet
  facet normal -0 0 1
    outer loop
      vertex 29.9017 -26.8364 11.5
      vertex 30.7361 -29.4042 11.5
      vertex 29.9269 -26.826 11.5
    endloop
  endfacet
  facet normal -0 0 1
    outer loop
      vertex 29.8753 -26.8427 11.5
      vertex 30.7361 -29.4042 11.5
      vertex 29.9017 -26.8364 11.5
    endloop
  endfacet
  facet normal 0 0 1
    outer loop
      vertex 30.7361 -29.4042 11.5
      vertex 29.8753 -26.8427 11.5
      vertex 30.1257 -29.5508 11.5
    endloop
  endfacet
  facet normal -0 0 1
    outer loop
      vertex 29.7034 -26.884 11.5
      vertex 30.1257 -29.5508 11.5
      vertex 29.8753 -26.8427 11.5
    endloop
  endfacet
  facet normal -0 0 1
    outer loop
      vertex 29.6762 -26.8861 11.5
      vertex 30.1257 -29.5508 11.5
      vertex 29.7034 -26.884 11.5
    endloop
  endfacet
  facet normal 0 0 1
    outer loop
      vertex 29.5 -29.6 11.5
      vertex 29.6762 -26.8861 11.5
      vertex 29.5 -26.9 11.5
    endloop
  endfacet
  facet normal 0 0 1
    outer loop
      vertex 29.6762 -26.8861 11.5
      vertex 29.5 -29.6 11.5
      vertex 30.1257 -29.5508 11.5
    endloop
  endfacet
  facet normal 0 0 1
    outer loop
      vertex 29.3237 -26.8861 11.5
      vertex 29.5 -29.6 11.5
      vertex 29.5 -26.9 11.5
    endloop
  endfacet
  facet normal 0 0 1
    outer loop
      vertex 28.8743 -29.5508 11.5
      vertex 29.3237 -26.8861 11.5
      vertex 29.2966 -26.884 11.5
    endloop
  endfacet
  facet normal 0 0 1
    outer loop
      vertex 28.8743 -29.5508 11.5
      vertex 29.2966 -26.884 11.5
      vertex 29.1247 -26.8427 11.5
    endloop
  endfacet
  facet normal 0 0 1
    outer loop
      vertex 28.2639 -29.4042 11.5
      vertex 29.1247 -26.8427 11.5
      vertex 29.0983 -26.8364 11.5
    endloop
  endfacet
  facet normal 0 0 1
    outer loop
      vertex 28.2639 -29.4042 11.5
      vertex 29.0983 -26.8364 11.5
      vertex 29.0731 -26.826 11.5
    endloop
  endfacet
  facet normal 0 0 1
    outer loop
      vertex 27.684 -29.164 11.5
      vertex 29.0731 -26.826 11.5
      vertex 28.9098 -26.7583 11.5
    endloop
  endfacet
  facet normal 0 0 1
    outer loop
      vertex 27.684 -29.164 11.5
      vertex 28.9098 -26.7583 11.5
      vertex 28.8866 -26.7441 11.5
    endloop
  endfacet
  facet normal 0 0 1
    outer loop
      vertex 29.3237 -26.8861 11.5
      vertex 28.8743 -29.5508 11.5
      vertex 29.5 -29.6 11.5
    endloop
  endfacet
  facet normal 0 0 1
    outer loop
      vertex 27.1489 -28.8361 11.5
      vertex 28.8866 -26.7441 11.5
      vertex 28.7359 -26.6517 11.5
    endloop
  endfacet
  facet normal 0 0 1
    outer loop
      vertex 27.1489 -28.8361 11.5
      vertex 28.7359 -26.6517 11.5
      vertex 28.6014 -26.5369 11.5
    endloop
  endfacet
  facet normal 0 0 1
    outer loop
      vertex 26.6716 -28.4284 11.5
      vertex 28.6014 -26.5369 11.5
      vertex 28.5808 -26.5192 11.5
    endloop
  endfacet
  facet normal 0 0 1
    outer loop
      vertex 26.6716 -28.4284 11.5
      vertex 28.5808 -26.5192 11.5
      vertex 28.4483 -26.3641 11.5
    endloop
  endfacet
  facet normal 0 0 1
    outer loop
      vertex 26.2639 -27.9511 11.5
      vertex 28.4483 -26.3641 11.5
      vertex 28.3559 -26.2134 11.5
    endloop
  endfacet
  facet normal 0 0 1
    outer loop
      vertex 25.936 -27.416 11.5
      vertex 28.3559 -26.2134 11.5
      vertex 28.3417 -26.1902 11.5
    endloop
  endfacet
  facet normal 0 0 1
    outer loop
      vertex 25.936 -27.416 11.5
      vertex 28.3417 -26.1902 11.5
      vertex 28.3313 -26.1651 11.5
    endloop
  endfacet
  facet normal 0 0 1
    outer loop
      vertex 29.1247 -26.8427 11.5
      vertex 28.2639 -29.4042 11.5
      vertex 28.8743 -29.5508 11.5
    endloop
  endfacet
  facet normal 0 0 1
    outer loop
      vertex 25.6958 -26.8361 11.5
      vertex 28.3313 -26.1651 11.5
      vertex 28.2636 -26.0017 11.5
    endloop
  endfacet
  facet normal 0 0 1
    outer loop
      vertex 25.6958 -26.8361 11.5
      vertex 28.2636 -26.0017 11.5
      vertex 28.2224 -25.8298 11.5
    endloop
  endfacet
  facet normal 0 0 1
    outer loop
      vertex 25.5492 -26.2257 11.5
      vertex 28.2224 -25.8298 11.5
      vertex 28.216 -25.8034 11.5
    endloop
  endfacet
  facet normal 0 0 1
    outer loop
      vertex 25.5492 -26.2257 11.5
      vertex 28.216 -25.8034 11.5
      vertex 28.2021 -25.6271 11.5
    endloop
  endfacet
  facet normal -0 0 1
    outer loop
      vertex 25.5 -25.6 11.5
      vertex 28.2021 -25.6271 11.5
      vertex 28.2 -25.6 11.5
    endloop
  endfacet
  facet normal 0 0 1
    outer loop
      vertex 28.3313 -25.0349 11.5
      vertex 25.6958 -24.3639 11.5
      vertex 28.2636 -25.1983 11.5
    endloop
  endfacet
  facet normal 0 0 1
    outer loop
      vertex 29.0731 -26.826 11.5
      vertex 27.684 -29.164 11.5
      vertex 28.2639 -29.4042 11.5
    endloop
  endfacet
  facet normal 0 0 1
    outer loop
      vertex 28.2636 -25.1983 11.5
      vertex 25.6958 -24.3639 11.5
      vertex 28.2224 -25.3702 11.5
    endloop
  endfacet
  facet normal 0 0 1
    outer loop
      vertex 28.8866 -26.7441 11.5
      vertex 27.1489 -28.8361 11.5
      vertex 27.684 -29.164 11.5
    endloop
  endfacet
  facet normal -0 0 1
    outer loop
      vertex 25.5492 -24.9743 11.5
      vertex 28.2224 -25.3702 11.5
      vertex 25.6958 -24.3639 11.5
    endloop
  endfacet
  facet normal 0 0 1
    outer loop
      vertex 28.6014 -26.5369 11.5
      vertex 26.6716 -28.4284 11.5
      vertex 27.1489 -28.8361 11.5
    endloop
  endfacet
  facet normal 0 0 1
    outer loop
      vertex 28.2224 -25.3702 11.5
      vertex 25.5492 -24.9743 11.5
      vertex 28.216 -25.3966 11.5
    endloop
  endfacet
  facet normal 0 0 1
    outer loop
      vertex 28.4483 -26.3641 11.5
      vertex 26.2639 -27.9511 11.5
      vertex 26.6716 -28.4284 11.5
    endloop
  endfacet
  facet normal 0 0 1
    outer loop
      vertex 28.216 -25.3966 11.5
      vertex 25.5492 -24.9743 11.5
      vertex 28.2139 -25.4237 11.5
    endloop
  endfacet
  facet normal 0 0 1
    outer loop
      vertex 28.3559 -26.2134 11.5
      vertex 25.936 -27.416 11.5
      vertex 26.2639 -27.9511 11.5
    endloop
  endfacet
  facet normal 0 0 1
    outer loop
      vertex 25.5 -25.6 11.5
      vertex 28.2139 -25.4237 11.5
      vertex 25.5492 -24.9743 11.5
    endloop
  endfacet
  facet normal 0 0 1
    outer loop
      vertex 28.3313 -26.1651 11.5
      vertex 25.6958 -26.8361 11.5
      vertex 25.936 -27.416 11.5
    endloop
  endfacet
  facet normal 0 0 1
    outer loop
      vertex 28.2139 -25.4237 11.5
      vertex 25.5 -25.6 11.5
      vertex 28.2 -25.6 11.5
    endloop
  endfacet
  facet normal 0 0 1
    outer loop
      vertex 28.2224 -25.8298 11.5
      vertex 25.5492 -26.2257 11.5
      vertex 25.6958 -26.8361 11.5
    endloop
  endfacet
  facet normal 0 0 1
    outer loop
      vertex 28.2021 -25.6271 11.5
      vertex 25.5 -25.6 11.5
      vertex 25.5492 -26.2257 11.5
    endloop
  endfacet
  facet normal 0.852647 0.522487 0
    outer loop
      vertex 33.064 -23.784 11.5
      vertex 32.7361 -23.2489 4.30247
      vertex 32.7361 -23.2489 11.5
    endloop
  endfacet
  facet normal 0.852647 0.522487 0
    outer loop
      vertex 32.7361 -23.2489 4.30247
      vertex 33.064 -23.784 11.5
      vertex 33.064 -23.784 4.30247
    endloop
  endfacet
  facet normal -0.23353 -0.97235 0
    outer loop
      vertex 28.2639 -29.4042 4.30247
      vertex 28.8743 -29.5508 11.5
      vertex 28.2639 -29.4042 11.5
    endloop
  endfacet
  facet normal -0.23353 -0.97235 -0
    outer loop
      vertex 28.8743 -29.5508 11.5
      vertex 28.2639 -29.4042 4.30247
      vertex 28.8743 -29.5508 4.30247
    endloop
  endfacet
  facet normal 0.649492 0.760369 -0
    outer loop
      vertex 32.3284 -22.7716 4.30247
      vertex 31.8511 -22.3639 11.5
      vertex 32.3284 -22.7716 11.5
    endloop
  endfacet
  facet normal 0.649492 0.760369 0
    outer loop
      vertex 31.8511 -22.3639 11.5
      vertex 32.3284 -22.7716 4.30247
      vertex 31.8511 -22.3639 4.30247
    endloop
  endfacet
  facet normal -0.760134 -0.649767 -0
    outer loop
      vertex 26.3057 -28 10.5
      vertex 26.2639 -27.9511 4.30247
      vertex 26.3057 -28 4.30247
    endloop
  endfacet
  facet normal -0.760134 -0.649767 0
    outer loop
      vertex 26.2639 -27.9511 4.30247
      vertex 26.3057 -28 10.5
      vertex 26.2639 -27.9511 11.5
    endloop
  endfacet
  facet normal -0.760396 -0.64946 -0
    outer loop
      vertex 26.6716 -28.4284 11.5
      vertex 26.3057 -28 10.5
      vertex 26.6716 -28.4284 10.5
    endloop
  endfacet
  facet normal -0.760369 -0.649492 -2.32746e-05
    outer loop
      vertex 26.3057 -28 10.5
      vertex 26.6716 -28.4284 11.5
      vertex 26.2639 -27.9511 11.5
    endloop
  endfacet
  facet normal 0.923881 0.38268 0
    outer loop
      vertex 33.3042 -24.3639 11.5
      vertex 33.064 -23.784 4.30247
      vertex 33.064 -23.784 11.5
    endloop
  endfacet
  facet normal 0.923881 0.38268 0
    outer loop
      vertex 33.064 -23.784 4.30247
      vertex 33.3042 -24.3639 11.5
      vertex 33.3042 -24.3639 4.30247
    endloop
  endfacet
  facet normal -0.97235 0.23353 0
    outer loop
      vertex 25.5492 -24.9743 4.30247
      vertex 25.6958 -24.3639 11.5
      vertex 25.6958 -24.3639 4.30247
    endloop
  endfacet
  facet normal -0.97235 0.23353 0
    outer loop
      vertex 25.6958 -24.3639 11.5
      vertex 25.5492 -24.9743 4.30247
      vertex 25.5492 -24.9743 11.5
    endloop
  endfacet
  facet normal -0.852647 0.522487 0
    outer loop
      vertex 25.936 -23.784 4.30247
      vertex 26.2639 -23.2489 11.5
      vertex 26.2639 -23.2489 4.30247
    endloop
  endfacet
  facet normal -0.852647 0.522487 0
    outer loop
      vertex 26.2639 -23.2489 11.5
      vertex 25.936 -23.784 4.30247
      vertex 25.936 -23.784 11.5
    endloop
  endfacet
  facet normal -0.97235 -0.23353 0
    outer loop
      vertex 25.6958 -26.8361 4.30247
      vertex 25.5492 -26.2257 11.5
      vertex 25.5492 -26.2257 4.30247
    endloop
  endfacet
  facet normal -0.97235 -0.23353 0
    outer loop
      vertex 25.5492 -26.2257 11.5
      vertex 25.6958 -26.8361 4.30247
      vertex 25.6958 -26.8361 11.5
    endloop
  endfacet
  facet normal 0.522487 0.852647 -0
    outer loop
      vertex 31.8511 -22.3639 4.30247
      vertex 31.316 -22.036 11.5
      vertex 31.8511 -22.3639 11.5
    endloop
  endfacet
  facet normal 0.522487 0.852647 0
    outer loop
      vertex 31.316 -22.036 11.5
      vertex 31.8511 -22.3639 4.30247
      vertex 31.316 -22.036 4.30247
    endloop
  endfacet
  facet normal -0.38268 0.923881 0
    outer loop
      vertex 28.2639 -21.7958 4.30247
      vertex 27.684 -22.036 11.5
      vertex 28.2639 -21.7958 11.5
    endloop
  endfacet
  facet normal -0.38268 0.923881 0
    outer loop
      vertex 27.684 -22.036 11.5
      vertex 28.2639 -21.7958 4.30247
      vertex 27.684 -22.036 4.30247
    endloop
  endfacet
  facet normal 0.23353 -0.97235 0
    outer loop
      vertex 30.1257 -29.5508 4.30247
      vertex 30.7361 -29.4042 11.5
      vertex 30.1257 -29.5508 11.5
    endloop
  endfacet
  facet normal 0.23353 -0.97235 0
    outer loop
      vertex 30.7361 -29.4042 11.5
      vertex 30.1257 -29.5508 4.30247
      vertex 30.7361 -29.4042 4.30247
    endloop
  endfacet
  facet normal 0.972315 -0.233674 0
    outer loop
      vertex 33.3042 -115.636 11.5
      vertex 33.4508 -115.026 4.30247
      vertex 33.4508 -115.026 11.5
    endloop
  endfacet
  facet normal 0.972315 -0.233674 0
    outer loop
      vertex 33.4508 -115.026 4.30247
      vertex 33.3042 -115.636 11.5
      vertex 33.3042 -115.636 4.30247
    endloop
  endfacet
  facet normal 0.996926 -0.0783526 0
    outer loop
      vertex 33.4508 -115.026 11.5
      vertex 33.5 -114.4 4.30247
      vertex 33.5 -114.4 11.5
    endloop
  endfacet
  facet normal 0.996926 -0.0783526 0
    outer loop
      vertex 33.5 -114.4 4.30247
      vertex 33.4508 -115.026 11.5
      vertex 33.4508 -115.026 4.30247
    endloop
  endfacet
  facet normal 0.923904 -0.382624 0
    outer loop
      vertex 33.064 -116.216 11.5
      vertex 33.3042 -115.636 4.30247
      vertex 33.3042 -115.636 11.5
    endloop
  endfacet
  facet normal 0.923904 -0.382624 0
    outer loop
      vertex 33.3042 -115.636 4.30247
      vertex 33.064 -116.216 11.5
      vertex 33.064 -116.216 4.30247
    endloop
  endfacet
  facet normal 0.0780733 0.996948 -0
    outer loop
      vertex 30.1257 -110.449 4.30247
      vertex 29.5 -110.4 11.5
      vertex 30.1257 -110.449 11.5
    endloop
  endfacet
  facet normal 0.0780733 0.996948 0
    outer loop
      vertex 29.5 -110.4 11.5
      vertex 30.1257 -110.449 4.30247
      vertex 29.5 -110.4 4.30247
    endloop
  endfacet
  facet normal 0.382408 -0.923994 0
    outer loop
      vertex 30.7361 -118.204 4.30247
      vertex 31.316 -117.964 11.5
      vertex 30.7361 -118.204 11.5
    endloop
  endfacet
  facet normal 0.382408 -0.923994 0
    outer loop
      vertex 31.316 -117.964 11.5
      vertex 30.7361 -118.204 4.30247
      vertex 31.316 -117.964 4.30247
    endloop
  endfacet
  facet normal -0.760789 0.648999 0
    outer loop
      vertex 26.3057 -112 4.30247
      vertex 26.2639 -112.049 4.30247
      vertex 26.3057 -112 10.5
    endloop
  endfacet
  facet normal -0.760096 0.649811 0
    outer loop
      vertex 26.3057 -112 10.5
      vertex 26.6716 -111.572 11.5
      vertex 26.6716 -111.572 10.5
    endloop
  endfacet
  facet normal -0.760167 0.649728 6.16739e-05
    outer loop
      vertex 26.3057 -112 10.5
      vertex 26.2639 -112.049 11.5
      vertex 26.6716 -111.572 11.5
    endloop
  endfacet
  facet normal -0.760789 0.648999 0
    outer loop
      vertex 26.2639 -112.049 11.5
      vertex 26.3057 -112 10.5
      vertex 26.2639 -112.049 4.30247
    endloop
  endfacet
  facet normal 0.996926 0.0783526 0
    outer loop
      vertex 33.5 -114.4 11.5
      vertex 33.4508 -113.774 4.30247
      vertex 33.4508 -113.774 11.5
    endloop
  endfacet
  facet normal 0.996926 0.0783526 0
    outer loop
      vertex 33.4508 -113.774 4.30247
      vertex 33.5 -114.4 11.5
      vertex 33.5 -114.4 4.30247
    endloop
  endfacet
  facet normal -0.522603 0.852576 0
    outer loop
      vertex 27.684 -110.836 10.5
      vertex 27.1489 -111.164 11.5
      vertex 27.684 -110.836 11.5
    endloop
  endfacet
  facet normal -0.522603 0.852576 0
    outer loop
      vertex 27.1489 -111.164 11.5
      vertex 27.684 -110.836 10.5
      vertex 27.1489 -111.164 10.5
    endloop
  endfacet
  facet normal 0.760167 -0.649728 0
    outer loop
      vertex 32.3284 -117.228 11.5
      vertex 32.7361 -116.751 4.30247
      vertex 32.7361 -116.751 11.5
    endloop
  endfacet
  facet normal 0.760167 -0.649728 0
    outer loop
      vertex 32.7361 -116.751 4.30247
      vertex 32.3284 -117.228 11.5
      vertex 32.3284 -117.228 4.30247
    endloop
  endfacet
  facet normal 0.852604 -0.522558 0
    outer loop
      vertex 32.7361 -116.751 11.5
      vertex 33.064 -116.216 4.30247
      vertex 33.064 -116.216 11.5
    endloop
  endfacet
  facet normal 0.852604 -0.522558 0
    outer loop
      vertex 33.064 -116.216 4.30247
      vertex 32.7361 -116.751 11.5
      vertex 32.7361 -116.751 4.30247
    endloop
  endfacet
  facet normal 0.234132 0.972205 -0
    outer loop
      vertex 30.7361 -110.596 4.30247
      vertex 30.1257 -110.449 11.5
      vertex 30.7361 -110.596 11.5
    endloop
  endfacet
  facet normal 0.234132 0.972205 0
    outer loop
      vertex 30.1257 -110.449 11.5
      vertex 30.7361 -110.596 4.30247
      vertex 30.1257 -110.449 4.30247
    endloop
  endfacet
  facet normal -0.852604 -0.522558 0
    outer loop
      vertex 26.2639 -116.751 4.30247
      vertex 25.936 -116.216 11.5
      vertex 25.936 -116.216 4.30247
    endloop
  endfacet
  facet normal -0.852604 -0.522558 0
    outer loop
      vertex 25.936 -116.216 11.5
      vertex 26.2639 -116.751 4.30247
      vertex 26.2639 -116.751 11.5
    endloop
  endfacet
  facet normal -0.234132 0.972205 0
    outer loop
      vertex 28.8743 -110.449 4.30247
      vertex 28.2639 -110.596 11.5
      vertex 28.8743 -110.449 11.5
    endloop
  endfacet
  facet normal -0.234132 0.972205 0
    outer loop
      vertex 28.2639 -110.596 11.5
      vertex 28.8743 -110.449 4.30247
      vertex 28.2639 -110.596 4.30247
    endloop
  endfacet
  facet normal -0.996926 0.0783526 0
    outer loop
      vertex 25.5 -114.4 4.30247
      vertex 25.5492 -113.774 11.5
      vertex 25.5492 -113.774 4.30247
    endloop
  endfacet
  facet normal -0.996926 0.0783526 0
    outer loop
      vertex 25.5492 -113.774 11.5
      vertex 25.5 -114.4 4.30247
      vertex 25.5 -114.4 11.5
    endloop
  endfacet
  facet normal -0.382408 -0.923994 0
    outer loop
      vertex 27.684 -117.964 4.30247
      vertex 28.2639 -118.204 11.5
      vertex 27.684 -117.964 11.5
    endloop
  endfacet
  facet normal -0.382408 -0.923994 -0
    outer loop
      vertex 28.2639 -118.204 11.5
      vertex 27.684 -117.964 4.30247
      vertex 28.2639 -118.204 4.30247
    endloop
  endfacet
  facet normal 0.0780733 -0.996948 0
    outer loop
      vertex 29.5 -118.4 4.30247
      vertex 30.1257 -118.351 11.5
      vertex 29.5 -118.4 11.5
    endloop
  endfacet
  facet normal 0.0780733 -0.996948 0
    outer loop
      vertex 30.1257 -118.351 11.5
      vertex 29.5 -118.4 4.30247
      vertex 30.1257 -118.351 4.30247
    endloop
  endfacet
  facet normal 0.522603 -0.852576 0
    outer loop
      vertex 31.316 -117.964 4.30247
      vertex 31.8511 -117.636 11.5
      vertex 31.316 -117.964 11.5
    endloop
  endfacet
  facet normal 0.522603 -0.852576 0
    outer loop
      vertex 31.8511 -117.636 11.5
      vertex 31.316 -117.964 4.30247
      vertex 31.8511 -117.636 4.30247
    endloop
  endfacet
  facet normal -0.522603 -0.852576 0
    outer loop
      vertex 27.1489 -117.636 4.30247
      vertex 27.684 -117.964 11.5
      vertex 27.1489 -117.636 11.5
    endloop
  endfacet
  facet normal -0.522603 -0.852576 -0
    outer loop
      vertex 27.684 -117.964 11.5
      vertex 27.1489 -117.636 4.30247
      vertex 27.684 -117.964 4.30247
    endloop
  endfacet
  facet normal -0.649768 -0.760133 0
    outer loop
      vertex 26.6716 -117.228 4.30247
      vertex 27.1489 -117.636 11.5
      vertex 26.6716 -117.228 11.5
    endloop
  endfacet
  facet normal -0.649768 -0.760133 -0
    outer loop
      vertex 27.1489 -117.636 11.5
      vertex 26.6716 -117.228 4.30247
      vertex 27.1489 -117.636 4.30247
    endloop
  endfacet
  facet normal -0.923904 -0.382624 0
    outer loop
      vertex 25.936 -116.216 4.30247
      vertex 25.6958 -115.636 11.5
      vertex 25.6958 -115.636 4.30247
    endloop
  endfacet
  facet normal -0.923904 -0.382624 0
    outer loop
      vertex 25.6958 -115.636 11.5
      vertex 25.936 -116.216 4.30247
      vertex 25.936 -116.216 11.5
    endloop
  endfacet
  facet normal -0.923904 0.382624 0
    outer loop
      vertex 25.6958 -113.164 4.30247
      vertex 25.936 -112.584 11.5
      vertex 25.936 -112.584 4.30247
    endloop
  endfacet
  facet normal -0.923904 0.382624 0
    outer loop
      vertex 25.936 -112.584 11.5
      vertex 25.6958 -113.164 4.30247
      vertex 25.6958 -113.164 11.5
    endloop
  endfacet
  facet normal 0.972315 0.233674 0
    outer loop
      vertex 33.4508 -113.774 11.5
      vertex 33.3042 -113.164 4.30247
      vertex 33.3042 -113.164 11.5
    endloop
  endfacet
  facet normal 0.972315 0.233674 0
    outer loop
      vertex 33.3042 -113.164 4.30247
      vertex 33.4508 -113.774 11.5
      vertex 33.4508 -113.774 4.30247
    endloop
  endfacet
  facet normal 0.382408 0.923994 -0
    outer loop
      vertex 31.316 -110.836 4.30247
      vertex 30.7361 -110.596 11.5
      vertex 31.316 -110.836 11.5
    endloop
  endfacet
  facet normal 0.382408 0.923994 0
    outer loop
      vertex 30.7361 -110.596 11.5
      vertex 31.316 -110.836 4.30247
      vertex 30.7361 -110.596 4.30247
    endloop
  endfacet
  facet normal -0.649768 0.760133 0
    outer loop
      vertex 27.1489 -111.164 10.5
      vertex 26.6716 -111.572 11.5
      vertex 27.1489 -111.164 11.5
    endloop
  endfacet
  facet normal -0.649768 0.760133 0
    outer loop
      vertex 26.6716 -111.572 11.5
      vertex 27.1489 -111.164 10.5
      vertex 26.6716 -111.572 10.5
    endloop
  endfacet
  facet normal -0.996926 -0.0783526 0
    outer loop
      vertex 25.5492 -115.026 4.30247
      vertex 25.5 -114.4 11.5
      vertex 25.5 -114.4 4.30247
    endloop
  endfacet
  facet normal -0.996926 -0.0783526 0
    outer loop
      vertex 25.5 -114.4 11.5
      vertex 25.5492 -115.026 4.30247
      vertex 25.5492 -115.026 11.5
    endloop
  endfacet
  facet normal -0 0 1
    outer loop
      vertex 30.7979 -114.373 11.5
      vertex 33.5 -114.4 11.5
      vertex 33.4508 -113.774 11.5
    endloop
  endfacet
  facet normal 0 0 1
    outer loop
      vertex 30.7776 -114.17 11.5
      vertex 33.4508 -113.774 11.5
      vertex 33.3042 -113.164 11.5
    endloop
  endfacet
  facet normal 0 0 1
    outer loop
      vertex 33.5 -114.4 11.5
      vertex 30.7979 -114.373 11.5
      vertex 30.8 -114.4 11.5
    endloop
  endfacet
  facet normal 0 0 1
    outer loop
      vertex 30.7364 -113.998 11.5
      vertex 33.3042 -113.164 11.5
      vertex 33.064 -112.584 11.5
    endloop
  endfacet
  facet normal 0 0 1
    outer loop
      vertex 30.7861 -114.576 11.5
      vertex 33.5 -114.4 11.5
      vertex 30.8 -114.4 11.5
    endloop
  endfacet
  facet normal 0 0 1
    outer loop
      vertex 30.6583 -113.81 11.5
      vertex 33.064 -112.584 11.5
      vertex 32.7361 -112.049 11.5
    endloop
  endfacet
  facet normal 0 0 1
    outer loop
      vertex 33.5 -114.4 11.5
      vertex 30.7861 -114.576 11.5
      vertex 33.4508 -115.026 11.5
    endloop
  endfacet
  facet normal 0 0 1
    outer loop
      vertex 30.4369 -113.501 11.5
      vertex 32.7361 -112.049 11.5
      vertex 32.3284 -111.572 11.5
    endloop
  endfacet
  facet normal -0 0 1
    outer loop
      vertex 30.784 -114.603 11.5
      vertex 33.4508 -115.026 11.5
      vertex 30.7861 -114.576 11.5
    endloop
  endfacet
  facet normal 0 0 1
    outer loop
      vertex 30.2848 -113.366 11.5
      vertex 32.3284 -111.572 11.5
      vertex 31.8511 -111.164 11.5
    endloop
  endfacet
  facet normal -0 0 1
    outer loop
      vertex 30.7776 -114.63 11.5
      vertex 33.4508 -115.026 11.5
      vertex 30.784 -114.603 11.5
    endloop
  endfacet
  facet normal 0 0 1
    outer loop
      vertex 30.2641 -113.348 11.5
      vertex 31.8511 -111.164 11.5
      vertex 31.316 -110.836 11.5
    endloop
  endfacet
  facet normal 0 0 1
    outer loop
      vertex 33.4508 -115.026 11.5
      vertex 30.7776 -114.63 11.5
      vertex 33.3042 -115.636 11.5
    endloop
  endfacet
  facet normal 0 0 1
    outer loop
      vertex 33.3042 -115.636 11.5
      vertex 30.7364 -114.802 11.5
      vertex 33.064 -116.216 11.5
    endloop
  endfacet
  facet normal -0 0 1
    outer loop
      vertex 30.7364 -114.802 11.5
      vertex 33.3042 -115.636 11.5
      vertex 30.7776 -114.63 11.5
    endloop
  endfacet
  facet normal 0 0 1
    outer loop
      vertex 33.4508 -113.774 11.5
      vertex 30.784 -114.197 11.5
      vertex 30.7979 -114.373 11.5
    endloop
  endfacet
  facet normal 0 0 1
    outer loop
      vertex 33.4508 -113.774 11.5
      vertex 30.7776 -114.17 11.5
      vertex 30.784 -114.197 11.5
    endloop
  endfacet
  facet normal 0 0 1
    outer loop
      vertex 33.3042 -113.164 11.5
      vertex 30.7364 -113.998 11.5
      vertex 30.7776 -114.17 11.5
    endloop
  endfacet
  facet normal 0 0 1
    outer loop
      vertex 30.0651 -113.231 11.5
      vertex 31.316 -110.836 11.5
      vertex 30.7361 -110.596 11.5
    endloop
  endfacet
  facet normal 0 0 1
    outer loop
      vertex 33.064 -112.584 11.5
      vertex 30.6583 -113.81 11.5
      vertex 30.7364 -113.998 11.5
    endloop
  endfacet
  facet normal 0 0 1
    outer loop
      vertex 32.7361 -112.049 11.5
      vertex 30.5517 -113.636 11.5
      vertex 30.6583 -113.81 11.5
    endloop
  endfacet
  facet normal 0 0 1
    outer loop
      vertex 32.7361 -112.049 11.5
      vertex 30.4369 -113.501 11.5
      vertex 30.5517 -113.636 11.5
    endloop
  endfacet
  facet normal 0 0 1
    outer loop
      vertex 32.3284 -111.572 11.5
      vertex 30.4192 -113.481 11.5
      vertex 30.4369 -113.501 11.5
    endloop
  endfacet
  facet normal 0 0 1
    outer loop
      vertex 32.3284 -111.572 11.5
      vertex 30.2848 -113.366 11.5
      vertex 30.4192 -113.481 11.5
    endloop
  endfacet
  facet normal 0 0 1
    outer loop
      vertex 31.8511 -111.164 11.5
      vertex 30.2641 -113.348 11.5
      vertex 30.2848 -113.366 11.5
    endloop
  endfacet
  facet normal 0 0 1
    outer loop
      vertex 29.9017 -113.164 11.5
      vertex 30.7361 -110.596 11.5
      vertex 30.1257 -110.449 11.5
    endloop
  endfacet
  facet normal 0 0 1
    outer loop
      vertex 31.316 -110.836 11.5
      vertex 30.0902 -113.242 11.5
      vertex 30.2641 -113.348 11.5
    endloop
  endfacet
  facet normal 0 0 1
    outer loop
      vertex 31.316 -110.836 11.5
      vertex 30.0651 -113.231 11.5
      vertex 30.0902 -113.242 11.5
    endloop
  endfacet
  facet normal 0 0 1
    outer loop
      vertex 30.7361 -110.596 11.5
      vertex 29.9017 -113.164 11.5
      vertex 30.0651 -113.231 11.5
    endloop
  endfacet
  facet normal 0 0 1
    outer loop
      vertex 30.1257 -110.449 11.5
      vertex 29.7034 -113.116 11.5
      vertex 29.9017 -113.164 11.5
    endloop
  endfacet
  facet normal 0 0 1
    outer loop
      vertex 29.5 -110.4 11.5
      vertex 29.7034 -113.116 11.5
      vertex 30.1257 -110.449 11.5
    endloop
  endfacet
  facet normal 0 0 1
    outer loop
      vertex 29.5 -110.4 11.5
      vertex 29.5 -113.1 11.5
      vertex 29.7034 -113.116 11.5
    endloop
  endfacet
  facet normal 0 0 1
    outer loop
      vertex 29.5 -110.4 11.5
      vertex 29.2966 -113.116 11.5
      vertex 29.5 -113.1 11.5
    endloop
  endfacet
  facet normal -0 0 1
    outer loop
      vertex 28.8743 -110.449 11.5
      vertex 29.2966 -113.116 11.5
      vertex 29.5 -110.4 11.5
    endloop
  endfacet
  facet normal 0 0 1
    outer loop
      vertex 29.2966 -113.116 11.5
      vertex 28.8743 -110.449 11.5
      vertex 29.0983 -113.164 11.5
    endloop
  endfacet
  facet normal -0 0 1
    outer loop
      vertex 28.2639 -110.596 11.5
      vertex 29.0983 -113.164 11.5
      vertex 28.8743 -110.449 11.5
    endloop
  endfacet
  facet normal 0 0 1
    outer loop
      vertex 29.0983 -113.164 11.5
      vertex 28.2639 -110.596 11.5
      vertex 28.9349 -113.231 11.5
    endloop
  endfacet
  facet normal -0 0 1
    outer loop
      vertex 27.684 -110.836 11.5
      vertex 28.9349 -113.231 11.5
      vertex 28.2639 -110.596 11.5
    endloop
  endfacet
  facet normal 0 0 1
    outer loop
      vertex 28.9349 -113.231 11.5
      vertex 27.684 -110.836 11.5
      vertex 28.9098 -113.242 11.5
    endloop
  endfacet
  facet normal 0 0 1
    outer loop
      vertex 28.9098 -113.242 11.5
      vertex 27.684 -110.836 11.5
      vertex 28.7359 -113.348 11.5
    endloop
  endfacet
  facet normal -0 0 1
    outer loop
      vertex 27.1489 -111.164 11.5
      vertex 28.7359 -113.348 11.5
      vertex 27.684 -110.836 11.5
    endloop
  endfacet
  facet normal 0 0 1
    outer loop
      vertex 28.7359 -113.348 11.5
      vertex 27.1489 -111.164 11.5
      vertex 28.7152 -113.366 11.5
    endloop
  endfacet
  facet normal -0 0 1
    outer loop
      vertex 26.6716 -111.572 11.5
      vertex 28.7152 -113.366 11.5
      vertex 27.1489 -111.164 11.5
    endloop
  endfacet
  facet normal 0 0 1
    outer loop
      vertex 28.7152 -113.366 11.5
      vertex 26.6716 -111.572 11.5
      vertex 28.5808 -113.481 11.5
    endloop
  endfacet
  facet normal 0 0 1
    outer loop
      vertex 28.5808 -113.481 11.5
      vertex 26.6716 -111.572 11.5
      vertex 28.5631 -113.501 11.5
    endloop
  endfacet
  facet normal -0 0 1
    outer loop
      vertex 26.2639 -112.049 11.5
      vertex 28.5631 -113.501 11.5
      vertex 26.6716 -111.572 11.5
    endloop
  endfacet
  facet normal 0 0 1
    outer loop
      vertex 28.5631 -113.501 11.5
      vertex 26.2639 -112.049 11.5
      vertex 28.4483 -113.636 11.5
    endloop
  endfacet
  facet normal 0 0 1
    outer loop
      vertex 28.4483 -113.636 11.5
      vertex 26.2639 -112.049 11.5
      vertex 28.3417 -113.81 11.5
    endloop
  endfacet
  facet normal -0 0 1
    outer loop
      vertex 25.936 -112.584 11.5
      vertex 28.3417 -113.81 11.5
      vertex 26.2639 -112.049 11.5
    endloop
  endfacet
  facet normal 0 0 1
    outer loop
      vertex 28.3417 -113.81 11.5
      vertex 25.936 -112.584 11.5
      vertex 28.2636 -113.998 11.5
    endloop
  endfacet
  facet normal -0 0 1
    outer loop
      vertex 30.6583 -114.99 11.5
      vertex 33.064 -116.216 11.5
      vertex 30.7364 -114.802 11.5
    endloop
  endfacet
  facet normal -0 0 1
    outer loop
      vertex 30.5659 -115.141 11.5
      vertex 33.064 -116.216 11.5
      vertex 30.6583 -114.99 11.5
    endloop
  endfacet
  facet normal 0 0 1
    outer loop
      vertex 33.064 -116.216 11.5
      vertex 30.5659 -115.141 11.5
      vertex 32.7361 -116.751 11.5
    endloop
  endfacet
  facet normal -0 0 1
    outer loop
      vertex 30.5517 -115.164 11.5
      vertex 32.7361 -116.751 11.5
      vertex 30.5659 -115.141 11.5
    endloop
  endfacet
  facet normal 0 0 1
    outer loop
      vertex 32.7361 -116.751 11.5
      vertex 30.5517 -115.164 11.5
      vertex 32.3284 -117.228 11.5
    endloop
  endfacet
  facet normal -0 0 1
    outer loop
      vertex 30.4192 -115.319 11.5
      vertex 32.3284 -117.228 11.5
      vertex 30.5517 -115.164 11.5
    endloop
  endfacet
  facet normal -0 0 1
    outer loop
      vertex 30.3986 -115.337 11.5
      vertex 32.3284 -117.228 11.5
      vertex 30.4192 -115.319 11.5
    endloop
  endfacet
  facet normal 0 0 1
    outer loop
      vertex 32.3284 -117.228 11.5
      vertex 30.3986 -115.337 11.5
      vertex 31.8511 -117.636 11.5
    endloop
  endfacet
  facet normal -0 0 1
    outer loop
      vertex 30.2641 -115.452 11.5
      vertex 31.8511 -117.636 11.5
      vertex 30.3986 -115.337 11.5
    endloop
  endfacet
  facet normal 0 0 1
    outer loop
      vertex 31.8511 -117.636 11.5
      vertex 30.2641 -115.452 11.5
      vertex 31.316 -117.964 11.5
    endloop
  endfacet
  facet normal -0 0 1
    outer loop
      vertex 30.0902 -115.558 11.5
      vertex 31.316 -117.964 11.5
      vertex 30.2641 -115.452 11.5
    endloop
  endfacet
  facet normal 0 0 1
    outer loop
      vertex 31.316 -117.964 11.5
      vertex 30.0902 -115.558 11.5
      vertex 30.7361 -118.204 11.5
    endloop
  endfacet
  facet normal -0 0 1
    outer loop
      vertex 29.9269 -115.626 11.5
      vertex 30.7361 -118.204 11.5
      vertex 30.0902 -115.558 11.5
    endloop
  endfacet
  facet normal -0 0 1
    outer loop
      vertex 29.9017 -115.636 11.5
      vertex 30.7361 -118.204 11.5
      vertex 29.9269 -115.626 11.5
    endloop
  endfacet
  facet normal 0 0 1
    outer loop
      vertex 30.7361 -118.204 11.5
      vertex 29.9017 -115.636 11.5
      vertex 30.1257 -118.351 11.5
    endloop
  endfacet
  facet normal -0 0 1
    outer loop
      vertex 29.7034 -115.684 11.5
      vertex 30.1257 -118.351 11.5
      vertex 29.9017 -115.636 11.5
    endloop
  endfacet
  facet normal -0 0 1
    outer loop
      vertex 29.6762 -115.686 11.5
      vertex 30.1257 -118.351 11.5
      vertex 29.7034 -115.684 11.5
    endloop
  endfacet
  facet normal 0 0 1
    outer loop
      vertex 29.5 -118.4 11.5
      vertex 29.6762 -115.686 11.5
      vertex 29.5 -115.7 11.5
    endloop
  endfacet
  facet normal 0 0 1
    outer loop
      vertex 29.6762 -115.686 11.5
      vertex 29.5 -118.4 11.5
      vertex 30.1257 -118.351 11.5
    endloop
  endfacet
  facet normal 0 0 1
    outer loop
      vertex 29.3237 -115.686 11.5
      vertex 29.5 -118.4 11.5
      vertex 29.5 -115.7 11.5
    endloop
  endfacet
  facet normal 0 0 1
    outer loop
      vertex 28.8743 -118.351 11.5
      vertex 29.3237 -115.686 11.5
      vertex 29.2966 -115.684 11.5
    endloop
  endfacet
  facet normal 0 0 1
    outer loop
      vertex 28.8743 -118.351 11.5
      vertex 29.2966 -115.684 11.5
      vertex 29.0983 -115.636 11.5
    endloop
  endfacet
  facet normal 0 0 1
    outer loop
      vertex 28.2639 -118.204 11.5
      vertex 29.0983 -115.636 11.5
      vertex 29.0731 -115.626 11.5
    endloop
  endfacet
  facet normal 0 0 1
    outer loop
      vertex 28.2639 -118.204 11.5
      vertex 29.0731 -115.626 11.5
      vertex 28.9098 -115.558 11.5
    endloop
  endfacet
  facet normal 0 0 1
    outer loop
      vertex 29.3237 -115.686 11.5
      vertex 28.8743 -118.351 11.5
      vertex 29.5 -118.4 11.5
    endloop
  endfacet
  facet normal 0 0 1
    outer loop
      vertex 27.684 -117.964 11.5
      vertex 28.9098 -115.558 11.5
      vertex 28.7359 -115.452 11.5
    endloop
  endfacet
  facet normal 0 0 1
    outer loop
      vertex 27.1489 -117.636 11.5
      vertex 28.7359 -115.452 11.5
      vertex 28.6014 -115.337 11.5
    endloop
  endfacet
  facet normal 0 0 1
    outer loop
      vertex 26.6716 -117.228 11.5
      vertex 28.6014 -115.337 11.5
      vertex 28.5808 -115.319 11.5
    endloop
  endfacet
  facet normal 0 0 1
    outer loop
      vertex 26.6716 -117.228 11.5
      vertex 28.5808 -115.319 11.5
      vertex 28.4483 -115.164 11.5
    endloop
  endfacet
  facet normal 0 0 1
    outer loop
      vertex 26.2639 -116.751 11.5
      vertex 28.4483 -115.164 11.5
      vertex 28.4341 -115.141 11.5
    endloop
  endfacet
  facet normal 0 0 1
    outer loop
      vertex 25.936 -116.216 11.5
      vertex 28.4341 -115.141 11.5
      vertex 28.3417 -114.99 11.5
    endloop
  endfacet
  facet normal 0 0 1
    outer loop
      vertex 29.0983 -115.636 11.5
      vertex 28.2639 -118.204 11.5
      vertex 28.8743 -118.351 11.5
    endloop
  endfacet
  facet normal 0 0 1
    outer loop
      vertex 25.936 -116.216 11.5
      vertex 28.3417 -114.99 11.5
      vertex 28.2636 -114.802 11.5
    endloop
  endfacet
  facet normal 0 0 1
    outer loop
      vertex 25.6958 -115.636 11.5
      vertex 28.2636 -114.802 11.5
      vertex 28.2224 -114.63 11.5
    endloop
  endfacet
  facet normal 0 0 1
    outer loop
      vertex 25.5492 -115.026 11.5
      vertex 28.2224 -114.63 11.5
      vertex 28.216 -114.603 11.5
    endloop
  endfacet
  facet normal 0 0 1
    outer loop
      vertex 25.5492 -115.026 11.5
      vertex 28.216 -114.603 11.5
      vertex 28.2139 -114.576 11.5
    endloop
  endfacet
  facet normal -0 0 1
    outer loop
      vertex 25.5 -114.4 11.5
      vertex 28.2139 -114.576 11.5
      vertex 28.2 -114.4 11.5
    endloop
  endfacet
  facet normal -0 0 1
    outer loop
      vertex 25.6958 -113.164 11.5
      vertex 28.2636 -113.998 11.5
      vertex 25.936 -112.584 11.5
    endloop
  endfacet
  facet normal 0 0 1
    outer loop
      vertex 28.9098 -115.558 11.5
      vertex 27.684 -117.964 11.5
      vertex 28.2639 -118.204 11.5
    endloop
  endfacet
  facet normal 0 0 1
    outer loop
      vertex 28.2636 -113.998 11.5
      vertex 25.6958 -113.164 11.5
      vertex 28.2224 -114.17 11.5
    endloop
  endfacet
  facet normal 0 0 1
    outer loop
      vertex 28.7359 -115.452 11.5
      vertex 27.1489 -117.636 11.5
      vertex 27.684 -117.964 11.5
    endloop
  endfacet
  facet normal -0 0 1
    outer loop
      vertex 25.5492 -113.774 11.5
      vertex 28.2224 -114.17 11.5
      vertex 25.6958 -113.164 11.5
    endloop
  endfacet
  facet normal 0 0 1
    outer loop
      vertex 28.6014 -115.337 11.5
      vertex 26.6716 -117.228 11.5
      vertex 27.1489 -117.636 11.5
    endloop
  endfacet
  facet normal 0 0 1
    outer loop
      vertex 28.2224 -114.17 11.5
      vertex 25.5492 -113.774 11.5
      vertex 28.216 -114.197 11.5
    endloop
  endfacet
  facet normal 0 0 1
    outer loop
      vertex 28.4483 -115.164 11.5
      vertex 26.2639 -116.751 11.5
      vertex 26.6716 -117.228 11.5
    endloop
  endfacet
  facet normal 0 0 1
    outer loop
      vertex 28.216 -114.197 11.5
      vertex 25.5492 -113.774 11.5
      vertex 28.2021 -114.373 11.5
    endloop
  endfacet
  facet normal 0 0 1
    outer loop
      vertex 28.4341 -115.141 11.5
      vertex 25.936 -116.216 11.5
      vertex 26.2639 -116.751 11.5
    endloop
  endfacet
  facet normal 0 0 1
    outer loop
      vertex 25.5 -114.4 11.5
      vertex 28.2021 -114.373 11.5
      vertex 25.5492 -113.774 11.5
    endloop
  endfacet
  facet normal 0 0 1
    outer loop
      vertex 28.2636 -114.802 11.5
      vertex 25.6958 -115.636 11.5
      vertex 25.936 -116.216 11.5
    endloop
  endfacet
  facet normal 0 0 1
    outer loop
      vertex 28.2021 -114.373 11.5
      vertex 25.5 -114.4 11.5
      vertex 28.2 -114.4 11.5
    endloop
  endfacet
  facet normal 0 0 1
    outer loop
      vertex 28.2224 -114.63 11.5
      vertex 25.5492 -115.026 11.5
      vertex 25.6958 -115.636 11.5
    endloop
  endfacet
  facet normal 0 0 1
    outer loop
      vertex 28.2139 -114.576 11.5
      vertex 25.5 -114.4 11.5
      vertex 25.5492 -115.026 11.5
    endloop
  endfacet
  facet normal 0.234132 -0.972205 0
    outer loop
      vertex 30.1257 -118.351 4.30247
      vertex 30.7361 -118.204 11.5
      vertex 30.1257 -118.351 11.5
    endloop
  endfacet
  facet normal 0.234132 -0.972205 0
    outer loop
      vertex 30.7361 -118.204 11.5
      vertex 30.1257 -118.351 4.30247
      vertex 30.7361 -118.204 4.30247
    endloop
  endfacet
  facet normal 0.760167 0.649728 0
    outer loop
      vertex 32.7361 -112.049 11.5
      vertex 32.3284 -111.572 4.30247
      vertex 32.3284 -111.572 11.5
    endloop
  endfacet
  facet normal 0.760167 0.649728 0
    outer loop
      vertex 32.3284 -111.572 4.30247
      vertex 32.7361 -112.049 11.5
      vertex 32.7361 -112.049 4.30247
    endloop
  endfacet
  facet normal 0.649768 -0.760133 0
    outer loop
      vertex 31.8511 -117.636 4.30247
      vertex 32.3284 -117.228 11.5
      vertex 31.8511 -117.636 11.5
    endloop
  endfacet
  facet normal 0.649768 -0.760133 0
    outer loop
      vertex 32.3284 -117.228 11.5
      vertex 31.8511 -117.636 4.30247
      vertex 32.3284 -117.228 4.30247
    endloop
  endfacet
  facet normal 0.852604 0.522558 0
    outer loop
      vertex 33.064 -112.584 11.5
      vertex 32.7361 -112.049 4.30247
      vertex 32.7361 -112.049 11.5
    endloop
  endfacet
  facet normal 0.852604 0.522558 0
    outer loop
      vertex 32.7361 -112.049 4.30247
      vertex 33.064 -112.584 11.5
      vertex 33.064 -112.584 4.30247
    endloop
  endfacet
  facet normal -0.234132 -0.972205 0
    outer loop
      vertex 28.2639 -118.204 4.30247
      vertex 28.8743 -118.351 11.5
      vertex 28.2639 -118.204 11.5
    endloop
  endfacet
  facet normal -0.234132 -0.972205 -0
    outer loop
      vertex 28.8743 -118.351 11.5
      vertex 28.2639 -118.204 4.30247
      vertex 28.8743 -118.351 4.30247
    endloop
  endfacet
  facet normal 0.649768 0.760133 -0
    outer loop
      vertex 32.3284 -111.572 4.30247
      vertex 31.8511 -111.164 11.5
      vertex 32.3284 -111.572 11.5
    endloop
  endfacet
  facet normal 0.649768 0.760133 0
    outer loop
      vertex 31.8511 -111.164 11.5
      vertex 32.3284 -111.572 4.30247
      vertex 31.8511 -111.164 4.30247
    endloop
  endfacet
  facet normal -0.760167 -0.649728 0
    outer loop
      vertex 26.6716 -117.228 4.30247
      vertex 26.2639 -116.751 11.5
      vertex 26.2639 -116.751 4.30247
    endloop
  endfacet
  facet normal -0.760167 -0.649728 0
    outer loop
      vertex 26.2639 -116.751 11.5
      vertex 26.6716 -117.228 4.30247
      vertex 26.6716 -117.228 11.5
    endloop
  endfacet
  facet normal 0.923904 0.382624 0
    outer loop
      vertex 33.3042 -113.164 11.5
      vertex 33.064 -112.584 4.30247
      vertex 33.064 -112.584 11.5
    endloop
  endfacet
  facet normal 0.923904 0.382624 0
    outer loop
      vertex 33.064 -112.584 4.30247
      vertex 33.3042 -113.164 11.5
      vertex 33.3042 -113.164 4.30247
    endloop
  endfacet
  facet normal -0.972315 0.233674 0
    outer loop
      vertex 25.5492 -113.774 4.30247
      vertex 25.6958 -113.164 11.5
      vertex 25.6958 -113.164 4.30247
    endloop
  endfacet
  facet normal -0.972315 0.233674 0
    outer loop
      vertex 25.6958 -113.164 11.5
      vertex 25.5492 -113.774 4.30247
      vertex 25.5492 -113.774 11.5
    endloop
  endfacet
  facet normal -0.852604 0.522558 0
    outer loop
      vertex 25.936 -112.584 4.30247
      vertex 26.2639 -112.049 11.5
      vertex 26.2639 -112.049 4.30247
    endloop
  endfacet
  facet normal -0.852604 0.522558 0
    outer loop
      vertex 26.2639 -112.049 11.5
      vertex 25.936 -112.584 4.30247
      vertex 25.936 -112.584 11.5
    endloop
  endfacet
  facet normal -0.972315 -0.233674 0
    outer loop
      vertex 25.6958 -115.636 4.30247
      vertex 25.5492 -115.026 11.5
      vertex 25.5492 -115.026 4.30247
    endloop
  endfacet
  facet normal -0.972315 -0.233674 0
    outer loop
      vertex 25.5492 -115.026 11.5
      vertex 25.6958 -115.636 4.30247
      vertex 25.6958 -115.636 11.5
    endloop
  endfacet
  facet normal 0.522603 0.852576 -0
    outer loop
      vertex 31.8511 -111.164 4.30247
      vertex 31.316 -110.836 11.5
      vertex 31.8511 -111.164 11.5
    endloop
  endfacet
  facet normal 0.522603 0.852576 0
    outer loop
      vertex 31.316 -110.836 11.5
      vertex 31.8511 -111.164 4.30247
      vertex 31.316 -110.836 4.30247
    endloop
  endfacet
  facet normal -0.382408 0.923994 -0.000154875
    outer loop
      vertex 28.2639 -110.596 11.5
      vertex 28.1 -110.664 10.5
      vertex 27.684 -110.836 11.5
    endloop
  endfacet
  facet normal -0.383214 0.923659 0
    outer loop
      vertex 28.2639 -110.596 4.30247
      vertex 28.1 -110.664 10.5
      vertex 28.2639 -110.596 11.5
    endloop
  endfacet
  facet normal -0.383214 0.923659 0
    outer loop
      vertex 28.1 -110.664 10.5
      vertex 28.2639 -110.596 4.30247
      vertex 28.1 -110.664 4.30247
    endloop
  endfacet
  facet normal -0.38209 0.924125 0
    outer loop
      vertex 27.684 -110.836 11.5
      vertex 28.1 -110.664 10.5
      vertex 27.684 -110.836 10.5
    endloop
  endfacet
  facet normal -0.0780733 -0.996948 0
    outer loop
      vertex 28.8743 -118.351 4.30247
      vertex 29.5 -118.4 11.5
      vertex 28.8743 -118.351 11.5
    endloop
  endfacet
  facet normal -0.0780733 -0.996948 -0
    outer loop
      vertex 29.5 -118.4 11.5
      vertex 28.8743 -118.351 4.30247
      vertex 29.5 -118.4 4.30247
    endloop
  endfacet
  facet normal -0.0780733 0.996948 0
    outer loop
      vertex 29.5 -110.4 4.30247
      vertex 28.8743 -110.449 11.5
      vertex 29.5 -110.4 11.5
    endloop
  endfacet
  facet normal -0.0780733 0.996948 0
    outer loop
      vertex 28.8743 -110.449 11.5
      vertex 29.5 -110.4 4.30247
      vertex 28.8743 -110.449 4.30247
    endloop
  endfacet
  facet normal 0.972205 -0.234132 0
    outer loop
      vertex 156.304 -26.8361 11.5
      vertex 156.451 -26.2257 4.30247
      vertex 156.451 -26.2257 11.5
    endloop
  endfacet
  facet normal 0.972205 -0.234132 0
    outer loop
      vertex 156.451 -26.2257 4.30247
      vertex 156.304 -26.8361 11.5
      vertex 156.304 -26.8361 4.30247
    endloop
  endfacet
  facet normal 0.996948 -0.0780733 0
    outer loop
      vertex 156.451 -26.2257 11.5
      vertex 156.5 -25.6 4.30247
      vertex 156.5 -25.6 11.5
    endloop
  endfacet
  facet normal 0.996948 -0.0780733 0
    outer loop
      vertex 156.5 -25.6 4.30247
      vertex 156.451 -26.2257 11.5
      vertex 156.451 -26.2257 4.30247
    endloop
  endfacet
  facet normal 0.923994 -0.382408 0
    outer loop
      vertex 156.064 -27.416 11.5
      vertex 156.304 -26.8361 4.30247
      vertex 156.304 -26.8361 11.5
    endloop
  endfacet
  facet normal 0.923994 -0.382408 0
    outer loop
      vertex 156.304 -26.8361 4.30247
      vertex 156.064 -27.416 11.5
      vertex 156.064 -27.416 4.30247
    endloop
  endfacet
  facet normal 0.0783526 0.996926 -0
    outer loop
      vertex 153.126 -21.6492 4.30247
      vertex 152.5 -21.6 11.5
      vertex 153.126 -21.6492 11.5
    endloop
  endfacet
  facet normal 0.0783526 0.996926 0
    outer loop
      vertex 152.5 -21.6 11.5
      vertex 153.126 -21.6492 4.30247
      vertex 152.5 -21.6 4.30247
    endloop
  endfacet
  facet normal 0.382624 -0.923904 1.72037e-05
    outer loop
      vertex 153.736 -29.4042 11.5
      vertex 153.9 -29.3363 10.5
      vertex 154.316 -29.164 11.5
    endloop
  endfacet
  facet normal 0.382534 -0.923941 0
    outer loop
      vertex 153.736 -29.4042 4.30247
      vertex 153.9 -29.3363 10.5
      vertex 153.736 -29.4042 11.5
    endloop
  endfacet
  facet normal 0.382534 -0.923941 0
    outer loop
      vertex 153.9 -29.3363 10.5
      vertex 153.736 -29.4042 4.30247
      vertex 153.9 -29.3363 4.30247
    endloop
  endfacet
  facet normal 0.382659 -0.92389 0
    outer loop
      vertex 154.316 -29.164 11.5
      vertex 153.9 -29.3363 10.5
      vertex 154.316 -29.164 10.5
    endloop
  endfacet
  facet normal -0.760133 0.649768 0
    outer loop
      vertex 149.264 -23.2489 4.30247
      vertex 149.672 -22.7716 11.5
      vertex 149.672 -22.7716 4.30247
    endloop
  endfacet
  facet normal -0.760133 0.649768 0
    outer loop
      vertex 149.672 -22.7716 11.5
      vertex 149.264 -23.2489 4.30247
      vertex 149.264 -23.2489 11.5
    endloop
  endfacet
  facet normal 0.996948 0.0780733 0
    outer loop
      vertex 156.5 -25.6 11.5
      vertex 156.451 -24.9743 4.30247
      vertex 156.451 -24.9743 11.5
    endloop
  endfacet
  facet normal 0.996948 0.0780733 0
    outer loop
      vertex 156.451 -24.9743 4.30247
      vertex 156.5 -25.6 11.5
      vertex 156.5 -25.6 4.30247
    endloop
  endfacet
  facet normal -0.522558 0.852604 0
    outer loop
      vertex 150.684 -22.036 4.30247
      vertex 150.149 -22.3639 11.5
      vertex 150.684 -22.036 11.5
    endloop
  endfacet
  facet normal -0.522558 0.852604 0
    outer loop
      vertex 150.149 -22.3639 11.5
      vertex 150.684 -22.036 4.30247
      vertex 150.149 -22.3639 4.30247
    endloop
  endfacet
  facet normal 0.758599 -0.651558 0
    outer loop
      vertex 155.736 -27.9511 11.5
      vertex 155.694 -28 10.5
      vertex 155.736 -27.9511 4.30247
    endloop
  endfacet
  facet normal 0.760133 -0.649768 -0.000151931
    outer loop
      vertex 155.328 -28.4284 11.5
      vertex 155.694 -28 10.5
      vertex 155.736 -27.9511 11.5
    endloop
  endfacet
  facet normal 0.760308 -0.649563 0
    outer loop
      vertex 155.694 -28 10.5
      vertex 155.328 -28.4284 11.5
      vertex 155.328 -28.4284 10.5
    endloop
  endfacet
  facet normal 0.758599 -0.651558 0
    outer loop
      vertex 155.736 -27.9511 4.30247
      vertex 155.694 -28 10.5
      vertex 155.694 -28 4.30247
    endloop
  endfacet
  facet normal 0.852576 -0.522603 0
    outer loop
      vertex 155.736 -27.9511 11.5
      vertex 156.064 -27.416 4.30247
      vertex 156.064 -27.416 11.5
    endloop
  endfacet
  facet normal 0.852576 -0.522603 0
    outer loop
      vertex 156.064 -27.416 4.30247
      vertex 155.736 -27.9511 11.5
      vertex 155.736 -27.9511 4.30247
    endloop
  endfacet
  facet normal 0.233674 0.972315 -0
    outer loop
      vertex 153.736 -21.7958 4.30247
      vertex 153.126 -21.6492 11.5
      vertex 153.736 -21.7958 11.5
    endloop
  endfacet
  facet normal 0.233674 0.972315 0
    outer loop
      vertex 153.126 -21.6492 11.5
      vertex 153.736 -21.7958 4.30247
      vertex 153.126 -21.6492 4.30247
    endloop
  endfacet
  facet normal -0.852576 -0.522603 0
    outer loop
      vertex 149.264 -27.9511 4.30247
      vertex 148.936 -27.416 11.5
      vertex 148.936 -27.416 4.30247
    endloop
  endfacet
  facet normal -0.852576 -0.522603 0
    outer loop
      vertex 148.936 -27.416 11.5
      vertex 149.264 -27.9511 4.30247
      vertex 149.264 -27.9511 11.5
    endloop
  endfacet
  facet normal -0.233674 0.972315 0
    outer loop
      vertex 151.874 -21.6492 4.30247
      vertex 151.264 -21.7958 11.5
      vertex 151.874 -21.6492 11.5
    endloop
  endfacet
  facet normal -0.233674 0.972315 0
    outer loop
      vertex 151.264 -21.7958 11.5
      vertex 151.874 -21.6492 4.30247
      vertex 151.264 -21.7958 4.30247
    endloop
  endfacet
  facet normal -0.996948 0.0780733 0
    outer loop
      vertex 148.5 -25.6 4.30247
      vertex 148.549 -24.9743 11.5
      vertex 148.549 -24.9743 4.30247
    endloop
  endfacet
  facet normal -0.996948 0.0780733 0
    outer loop
      vertex 148.549 -24.9743 11.5
      vertex 148.5 -25.6 4.30247
      vertex 148.5 -25.6 11.5
    endloop
  endfacet
  facet normal -0.382624 -0.923904 0
    outer loop
      vertex 150.684 -29.164 4.30247
      vertex 151.264 -29.4042 11.5
      vertex 150.684 -29.164 11.5
    endloop
  endfacet
  facet normal -0.382624 -0.923904 -0
    outer loop
      vertex 151.264 -29.4042 11.5
      vertex 150.684 -29.164 4.30247
      vertex 151.264 -29.4042 4.30247
    endloop
  endfacet
  facet normal 0.0783526 -0.996926 0
    outer loop
      vertex 152.5 -29.6 4.30247
      vertex 153.126 -29.5508 11.5
      vertex 152.5 -29.6 11.5
    endloop
  endfacet
  facet normal 0.0783526 -0.996926 0
    outer loop
      vertex 153.126 -29.5508 11.5
      vertex 152.5 -29.6 4.30247
      vertex 153.126 -29.5508 4.30247
    endloop
  endfacet
  facet normal 0.522558 -0.852604 0
    outer loop
      vertex 154.316 -29.164 10.5
      vertex 154.851 -28.8361 11.5
      vertex 154.316 -29.164 11.5
    endloop
  endfacet
  facet normal 0.522558 -0.852604 0
    outer loop
      vertex 154.851 -28.8361 11.5
      vertex 154.316 -29.164 10.5
      vertex 154.851 -28.8361 10.5
    endloop
  endfacet
  facet normal -0.522558 -0.852604 0
    outer loop
      vertex 150.149 -28.8361 4.30247
      vertex 150.684 -29.164 11.5
      vertex 150.149 -28.8361 11.5
    endloop
  endfacet
  facet normal -0.522558 -0.852604 -0
    outer loop
      vertex 150.684 -29.164 11.5
      vertex 150.149 -28.8361 4.30247
      vertex 150.684 -29.164 4.30247
    endloop
  endfacet
  facet normal -0.0783526 0.996926 0
    outer loop
      vertex 152.5 -21.6 4.30247
      vertex 151.874 -21.6492 11.5
      vertex 152.5 -21.6 11.5
    endloop
  endfacet
  facet normal -0.0783526 0.996926 0
    outer loop
      vertex 151.874 -21.6492 11.5
      vertex 152.5 -21.6 4.30247
      vertex 151.874 -21.6492 4.30247
    endloop
  endfacet
  facet normal -0.649728 -0.760167 0
    outer loop
      vertex 149.672 -28.4284 4.30247
      vertex 150.149 -28.8361 11.5
      vertex 149.672 -28.4284 11.5
    endloop
  endfacet
  facet normal -0.649728 -0.760167 -0
    outer loop
      vertex 150.149 -28.8361 11.5
      vertex 149.672 -28.4284 4.30247
      vertex 150.149 -28.8361 4.30247
    endloop
  endfacet
  facet normal -0.923994 -0.382408 0
    outer loop
      vertex 148.936 -27.416 4.30247
      vertex 148.696 -26.8361 11.5
      vertex 148.696 -26.8361 4.30247
    endloop
  endfacet
  facet normal -0.923994 -0.382408 0
    outer loop
      vertex 148.696 -26.8361 11.5
      vertex 148.936 -27.416 4.30247
      vertex 148.936 -27.416 11.5
    endloop
  endfacet
  facet normal -0.233674 -0.972315 0
    outer loop
      vertex 151.264 -29.4042 4.30247
      vertex 151.874 -29.5508 11.5
      vertex 151.264 -29.4042 11.5
    endloop
  endfacet
  facet normal -0.233674 -0.972315 -0
    outer loop
      vertex 151.874 -29.5508 11.5
      vertex 151.264 -29.4042 4.30247
      vertex 151.874 -29.5508 4.30247
    endloop
  endfacet
  facet normal -0.923994 0.382408 0
    outer loop
      vertex 148.696 -24.3639 4.30247
      vertex 148.936 -23.784 11.5
      vertex 148.936 -23.784 4.30247
    endloop
  endfacet
  facet normal -0.923994 0.382408 0
    outer loop
      vertex 148.936 -23.784 11.5
      vertex 148.696 -24.3639 4.30247
      vertex 148.696 -24.3639 11.5
    endloop
  endfacet
  facet normal -0.0783526 -0.996926 0
    outer loop
      vertex 151.874 -29.5508 4.30247
      vertex 152.5 -29.6 11.5
      vertex 151.874 -29.5508 11.5
    endloop
  endfacet
  facet normal -0.0783526 -0.996926 -0
    outer loop
      vertex 152.5 -29.6 11.5
      vertex 151.874 -29.5508 4.30247
      vertex 152.5 -29.6 4.30247
    endloop
  endfacet
  facet normal 0.972205 0.234132 0
    outer loop
      vertex 156.451 -24.9743 11.5
      vertex 156.304 -24.3639 4.30247
      vertex 156.304 -24.3639 11.5
    endloop
  endfacet
  facet normal 0.972205 0.234132 0
    outer loop
      vertex 156.304 -24.3639 4.30247
      vertex 156.451 -24.9743 11.5
      vertex 156.451 -24.9743 4.30247
    endloop
  endfacet
  facet normal 0.382624 0.923904 -0
    outer loop
      vertex 154.316 -22.036 4.30247
      vertex 153.736 -21.7958 11.5
      vertex 154.316 -22.036 11.5
    endloop
  endfacet
  facet normal 0.382624 0.923904 0
    outer loop
      vertex 153.736 -21.7958 11.5
      vertex 154.316 -22.036 4.30247
      vertex 153.736 -21.7958 4.30247
    endloop
  endfacet
  facet normal -0.649728 0.760167 0
    outer loop
      vertex 150.149 -22.3639 4.30247
      vertex 149.672 -22.7716 11.5
      vertex 150.149 -22.3639 11.5
    endloop
  endfacet
  facet normal -0.649728 0.760167 0
    outer loop
      vertex 149.672 -22.7716 11.5
      vertex 150.149 -22.3639 4.30247
      vertex 149.672 -22.7716 4.30247
    endloop
  endfacet
  facet normal -0.996948 -0.0780733 0
    outer loop
      vertex 148.549 -26.2257 4.30247
      vertex 148.5 -25.6 11.5
      vertex 148.5 -25.6 4.30247
    endloop
  endfacet
  facet normal -0.996948 -0.0780733 0
    outer loop
      vertex 148.5 -25.6 11.5
      vertex 148.549 -26.2257 4.30247
      vertex 148.549 -26.2257 11.5
    endloop
  endfacet
  facet normal 0.760133 0.649768 0
    outer loop
      vertex 155.736 -23.2489 11.5
      vertex 155.328 -22.7716 4.30247
      vertex 155.328 -22.7716 11.5
    endloop
  endfacet
  facet normal 0.760133 0.649768 0
    outer loop
      vertex 155.328 -22.7716 4.30247
      vertex 155.736 -23.2489 11.5
      vertex 155.736 -23.2489 4.30247
    endloop
  endfacet
  facet normal 0.649728 -0.760167 0
    outer loop
      vertex 154.851 -28.8361 10.5
      vertex 155.328 -28.4284 11.5
      vertex 154.851 -28.8361 11.5
    endloop
  endfacet
  facet normal 0.649728 -0.760167 0
    outer loop
      vertex 155.328 -28.4284 11.5
      vertex 154.851 -28.8361 10.5
      vertex 155.328 -28.4284 10.5
    endloop
  endfacet
  facet normal -0 0 1
    outer loop
      vertex 153.786 -25.4237 11.5
      vertex 156.5 -25.6 11.5
      vertex 156.451 -24.9743 11.5
    endloop
  endfacet
  facet normal 0 0 1
    outer loop
      vertex 153.778 -25.3702 11.5
      vertex 156.451 -24.9743 11.5
      vertex 156.304 -24.3639 11.5
    endloop
  endfacet
  facet normal 0 0 1
    outer loop
      vertex 153.798 -25.6271 11.5
      vertex 156.5 -25.6 11.5
      vertex 153.8 -25.6 11.5
    endloop
  endfacet
  facet normal 0 0 1
    outer loop
      vertex 153.669 -25.0349 11.5
      vertex 156.304 -24.3639 11.5
      vertex 156.064 -23.784 11.5
    endloop
  endfacet
  facet normal 0 0 1
    outer loop
      vertex 156.5 -25.6 11.5
      vertex 153.798 -25.6271 11.5
      vertex 156.451 -26.2257 11.5
    endloop
  endfacet
  facet normal 0 0 1
    outer loop
      vertex 153.644 -24.9866 11.5
      vertex 156.064 -23.784 11.5
      vertex 155.736 -23.2489 11.5
    endloop
  endfacet
  facet normal -0 0 1
    outer loop
      vertex 153.784 -25.8034 11.5
      vertex 156.451 -26.2257 11.5
      vertex 153.798 -25.6271 11.5
    endloop
  endfacet
  facet normal 0 0 1
    outer loop
      vertex 153.437 -24.7014 11.5
      vertex 155.736 -23.2489 11.5
      vertex 155.328 -22.7716 11.5
    endloop
  endfacet
  facet normal -0 0 1
    outer loop
      vertex 153.778 -25.8298 11.5
      vertex 156.451 -26.2257 11.5
      vertex 153.784 -25.8034 11.5
    endloop
  endfacet
  facet normal 0 0 1
    outer loop
      vertex 153.399 -24.6631 11.5
      vertex 155.328 -22.7716 11.5
      vertex 154.851 -22.3639 11.5
    endloop
  endfacet
  facet normal 0 0 1
    outer loop
      vertex 156.451 -26.2257 11.5
      vertex 153.778 -25.8298 11.5
      vertex 156.304 -26.8361 11.5
    endloop
  endfacet
  facet normal 0 0 1
    outer loop
      vertex 153.264 -24.5483 11.5
      vertex 154.851 -22.3639 11.5
      vertex 154.316 -22.036 11.5
    endloop
  endfacet
  facet normal -0 0 1
    outer loop
      vertex 153.736 -26.0017 11.5
      vertex 156.304 -26.8361 11.5
      vertex 153.778 -25.8298 11.5
    endloop
  endfacet
  facet normal -0 0 1
    outer loop
      vertex 153.669 -26.1651 11.5
      vertex 156.304 -26.8361 11.5
      vertex 153.736 -26.0017 11.5
    endloop
  endfacet
  facet normal 0 0 1
    outer loop
      vertex 156.5 -25.6 11.5
      vertex 153.786 -25.4237 11.5
      vertex 153.8 -25.6 11.5
    endloop
  endfacet
  facet normal 0 0 1
    outer loop
      vertex 156.451 -24.9743 11.5
      vertex 153.784 -25.3966 11.5
      vertex 153.786 -25.4237 11.5
    endloop
  endfacet
  facet normal 0 0 1
    outer loop
      vertex 156.451 -24.9743 11.5
      vertex 153.778 -25.3702 11.5
      vertex 153.784 -25.3966 11.5
    endloop
  endfacet
  facet normal 0 0 1
    outer loop
      vertex 156.304 -24.3639 11.5
      vertex 153.736 -25.1983 11.5
      vertex 153.778 -25.3702 11.5
    endloop
  endfacet
  facet normal 0 0 1
    outer loop
      vertex 152.927 -24.374 11.5
      vertex 154.316 -22.036 11.5
      vertex 153.736 -21.7958 11.5
    endloop
  endfacet
  facet normal 0 0 1
    outer loop
      vertex 156.304 -24.3639 11.5
      vertex 153.669 -25.0349 11.5
      vertex 153.736 -25.1983 11.5
    endloop
  endfacet
  facet normal 0 0 1
    outer loop
      vertex 156.064 -23.784 11.5
      vertex 153.658 -25.0098 11.5
      vertex 153.669 -25.0349 11.5
    endloop
  endfacet
  facet normal 0 0 1
    outer loop
      vertex 156.064 -23.784 11.5
      vertex 153.644 -24.9866 11.5
      vertex 153.658 -25.0098 11.5
    endloop
  endfacet
  facet normal 0 0 1
    outer loop
      vertex 155.736 -23.2489 11.5
      vertex 153.552 -24.8359 11.5
      vertex 153.644 -24.9866 11.5
    endloop
  endfacet
  facet normal 0 0 1
    outer loop
      vertex 155.736 -23.2489 11.5
      vertex 153.437 -24.7014 11.5
      vertex 153.552 -24.8359 11.5
    endloop
  endfacet
  facet normal 0 0 1
    outer loop
      vertex 155.328 -22.7716 11.5
      vertex 153.419 -24.6808 11.5
      vertex 153.437 -24.7014 11.5
    endloop
  endfacet
  facet normal 0 0 1
    outer loop
      vertex 155.328 -22.7716 11.5
      vertex 153.399 -24.6631 11.5
      vertex 153.419 -24.6808 11.5
    endloop
  endfacet
  facet normal 0 0 1
    outer loop
      vertex 154.851 -22.3639 11.5
      vertex 153.264 -24.5483 11.5
      vertex 153.399 -24.6631 11.5
    endloop
  endfacet
  facet normal 0 0 1
    outer loop
      vertex 152.875 -24.3573 11.5
      vertex 153.736 -21.7958 11.5
      vertex 153.126 -21.6492 11.5
    endloop
  endfacet
  facet normal 0 0 1
    outer loop
      vertex 154.316 -22.036 11.5
      vertex 153.09 -24.4417 11.5
      vertex 153.264 -24.5483 11.5
    endloop
  endfacet
  facet normal 0 0 1
    outer loop
      vertex 154.316 -22.036 11.5
      vertex 152.927 -24.374 11.5
      vertex 153.09 -24.4417 11.5
    endloop
  endfacet
  facet normal 0 0 1
    outer loop
      vertex 153.736 -21.7958 11.5
      vertex 152.902 -24.3636 11.5
      vertex 152.927 -24.374 11.5
    endloop
  endfacet
  facet normal 0 0 1
    outer loop
      vertex 153.736 -21.7958 11.5
      vertex 152.875 -24.3573 11.5
      vertex 152.902 -24.3636 11.5
    endloop
  endfacet
  facet normal 0 0 1
    outer loop
      vertex 153.126 -21.6492 11.5
      vertex 152.703 -24.316 11.5
      vertex 152.875 -24.3573 11.5
    endloop
  endfacet
  facet normal 0 0 1
    outer loop
      vertex 153.126 -21.6492 11.5
      vertex 152.527 -24.3021 11.5
      vertex 152.703 -24.316 11.5
    endloop
  endfacet
  facet normal 0 0 1
    outer loop
      vertex 152.5 -21.6 11.5
      vertex 152.527 -24.3021 11.5
      vertex 153.126 -21.6492 11.5
    endloop
  endfacet
  facet normal 0 0 1
    outer loop
      vertex 152.5 -21.6 11.5
      vertex 152.5 -24.3 11.5
      vertex 152.527 -24.3021 11.5
    endloop
  endfacet
  facet normal 0 0 1
    outer loop
      vertex 152.5 -21.6 11.5
      vertex 152.473 -24.3021 11.5
      vertex 152.5 -24.3 11.5
    endloop
  endfacet
  facet normal -0 0 1
    outer loop
      vertex 151.874 -21.6492 11.5
      vertex 152.473 -24.3021 11.5
      vertex 152.5 -21.6 11.5
    endloop
  endfacet
  facet normal 0 0 1
    outer loop
      vertex 152.473 -24.3021 11.5
      vertex 151.874 -21.6492 11.5
      vertex 152.297 -24.316 11.5
    endloop
  endfacet
  facet normal 0 0 1
    outer loop
      vertex 152.297 -24.316 11.5
      vertex 151.874 -21.6492 11.5
      vertex 152.125 -24.3573 11.5
    endloop
  endfacet
  facet normal -0 0 1
    outer loop
      vertex 151.264 -21.7958 11.5
      vertex 152.125 -24.3573 11.5
      vertex 151.874 -21.6492 11.5
    endloop
  endfacet
  facet normal 0 0 1
    outer loop
      vertex 152.125 -24.3573 11.5
      vertex 151.264 -21.7958 11.5
      vertex 152.098 -24.3636 11.5
    endloop
  endfacet
  facet normal 0 0 1
    outer loop
      vertex 152.098 -24.3636 11.5
      vertex 151.264 -21.7958 11.5
      vertex 152.073 -24.374 11.5
    endloop
  endfacet
  facet normal -0 0 1
    outer loop
      vertex 150.684 -22.036 11.5
      vertex 152.073 -24.374 11.5
      vertex 151.264 -21.7958 11.5
    endloop
  endfacet
  facet normal 0 0 1
    outer loop
      vertex 152.073 -24.374 11.5
      vertex 150.684 -22.036 11.5
      vertex 151.91 -24.4417 11.5
    endloop
  endfacet
  facet normal 0 0 1
    outer loop
      vertex 151.91 -24.4417 11.5
      vertex 150.684 -22.036 11.5
      vertex 151.736 -24.5483 11.5
    endloop
  endfacet
  facet normal -0 0 1
    outer loop
      vertex 150.149 -22.3639 11.5
      vertex 151.736 -24.5483 11.5
      vertex 150.684 -22.036 11.5
    endloop
  endfacet
  facet normal 0 0 1
    outer loop
      vertex 151.736 -24.5483 11.5
      vertex 150.149 -22.3639 11.5
      vertex 151.601 -24.6631 11.5
    endloop
  endfacet
  facet normal -0 0 1
    outer loop
      vertex 149.672 -22.7716 11.5
      vertex 151.601 -24.6631 11.5
      vertex 150.149 -22.3639 11.5
    endloop
  endfacet
  facet normal 0 0 1
    outer loop
      vertex 151.601 -24.6631 11.5
      vertex 149.672 -22.7716 11.5
      vertex 151.581 -24.6808 11.5
    endloop
  endfacet
  facet normal 0 0 1
    outer loop
      vertex 151.581 -24.6808 11.5
      vertex 149.672 -22.7716 11.5
      vertex 151.563 -24.7014 11.5
    endloop
  endfacet
  facet normal -0 0 1
    outer loop
      vertex 149.264 -23.2489 11.5
      vertex 151.563 -24.7014 11.5
      vertex 149.672 -22.7716 11.5
    endloop
  endfacet
  facet normal 0 0 1
    outer loop
      vertex 151.563 -24.7014 11.5
      vertex 149.264 -23.2489 11.5
      vertex 151.448 -24.8359 11.5
    endloop
  endfacet
  facet normal 0 0 1
    outer loop
      vertex 151.448 -24.8359 11.5
      vertex 149.264 -23.2489 11.5
      vertex 151.356 -24.9866 11.5
    endloop
  endfacet
  facet normal -0 0 1
    outer loop
      vertex 148.936 -23.784 11.5
      vertex 151.356 -24.9866 11.5
      vertex 149.264 -23.2489 11.5
    endloop
  endfacet
  facet normal 0 0 1
    outer loop
      vertex 151.356 -24.9866 11.5
      vertex 148.936 -23.784 11.5
      vertex 151.342 -25.0098 11.5
    endloop
  endfacet
  facet normal 0 0 1
    outer loop
      vertex 151.342 -25.0098 11.5
      vertex 148.936 -23.784 11.5
      vertex 151.331 -25.0349 11.5
    endloop
  endfacet
  facet normal -0 0 1
    outer loop
      vertex 148.696 -24.3639 11.5
      vertex 151.331 -25.0349 11.5
      vertex 148.936 -23.784 11.5
    endloop
  endfacet
  facet normal 0 0 1
    outer loop
      vertex 156.304 -26.8361 11.5
      vertex 153.669 -26.1651 11.5
      vertex 156.064 -27.416 11.5
    endloop
  endfacet
  facet normal -0 0 1
    outer loop
      vertex 153.658 -26.1902 11.5
      vertex 156.064 -27.416 11.5
      vertex 153.669 -26.1651 11.5
    endloop
  endfacet
  facet normal -0 0 1
    outer loop
      vertex 153.644 -26.2134 11.5
      vertex 156.064 -27.416 11.5
      vertex 153.658 -26.1902 11.5
    endloop
  endfacet
  facet normal 0 0 1
    outer loop
      vertex 156.064 -27.416 11.5
      vertex 153.644 -26.2134 11.5
      vertex 155.736 -27.9511 11.5
    endloop
  endfacet
  facet normal -0 0 1
    outer loop
      vertex 153.552 -26.3641 11.5
      vertex 155.736 -27.9511 11.5
      vertex 153.644 -26.2134 11.5
    endloop
  endfacet
  facet normal 0 0 1
    outer loop
      vertex 155.736 -27.9511 11.5
      vertex 153.552 -26.3641 11.5
      vertex 155.328 -28.4284 11.5
    endloop
  endfacet
  facet normal -0 0 1
    outer loop
      vertex 153.419 -26.5192 11.5
      vertex 155.328 -28.4284 11.5
      vertex 153.552 -26.3641 11.5
    endloop
  endfacet
  facet normal -0 0 1
    outer loop
      vertex 153.399 -26.5369 11.5
      vertex 155.328 -28.4284 11.5
      vertex 153.419 -26.5192 11.5
    endloop
  endfacet
  facet normal 0 0 1
    outer loop
      vertex 155.328 -28.4284 11.5
      vertex 153.399 -26.5369 11.5
      vertex 154.851 -28.8361 11.5
    endloop
  endfacet
  facet normal -0 0 1
    outer loop
      vertex 153.264 -26.6517 11.5
      vertex 154.851 -28.8361 11.5
      vertex 153.399 -26.5369 11.5
    endloop
  endfacet
  facet normal -0 0 1
    outer loop
      vertex 153.113 -26.7441 11.5
      vertex 154.851 -28.8361 11.5
      vertex 153.264 -26.6517 11.5
    endloop
  endfacet
  facet normal 0 0 1
    outer loop
      vertex 154.851 -28.8361 11.5
      vertex 153.113 -26.7441 11.5
      vertex 154.316 -29.164 11.5
    endloop
  endfacet
  facet normal -0 0 1
    outer loop
      vertex 153.09 -26.7583 11.5
      vertex 154.316 -29.164 11.5
      vertex 153.113 -26.7441 11.5
    endloop
  endfacet
  facet normal -0 0 1
    outer loop
      vertex 152.927 -26.826 11.5
      vertex 154.316 -29.164 11.5
      vertex 153.09 -26.7583 11.5
    endloop
  endfacet
  facet normal 0 0 1
    outer loop
      vertex 154.316 -29.164 11.5
      vertex 152.927 -26.826 11.5
      vertex 153.736 -29.4042 11.5
    endloop
  endfacet
  facet normal -0 0 1
    outer loop
      vertex 152.902 -26.8364 11.5
      vertex 153.736 -29.4042 11.5
      vertex 152.927 -26.826 11.5
    endloop
  endfacet
  facet normal -0 0 1
    outer loop
      vertex 152.875 -26.8427 11.5
      vertex 153.736 -29.4042 11.5
      vertex 152.902 -26.8364 11.5
    endloop
  endfacet
  facet normal 0 0 1
    outer loop
      vertex 153.736 -29.4042 11.5
      vertex 152.875 -26.8427 11.5
      vertex 153.126 -29.5508 11.5
    endloop
  endfacet
  facet normal -0 0 1
    outer loop
      vertex 152.703 -26.884 11.5
      vertex 153.126 -29.5508 11.5
      vertex 152.875 -26.8427 11.5
    endloop
  endfacet
  facet normal -0 0 1
    outer loop
      vertex 152.676 -26.8861 11.5
      vertex 153.126 -29.5508 11.5
      vertex 152.703 -26.884 11.5
    endloop
  endfacet
  facet normal 0 0 1
    outer loop
      vertex 152.5 -29.6 11.5
      vertex 152.676 -26.8861 11.5
      vertex 152.5 -26.9 11.5
    endloop
  endfacet
  facet normal 0 0 1
    outer loop
      vertex 152.676 -26.8861 11.5
      vertex 152.5 -29.6 11.5
      vertex 153.126 -29.5508 11.5
    endloop
  endfacet
  facet normal 0 0 1
    outer loop
      vertex 152.324 -26.8861 11.5
      vertex 152.5 -29.6 11.5
      vertex 152.5 -26.9 11.5
    endloop
  endfacet
  facet normal 0 0 1
    outer loop
      vertex 151.874 -29.5508 11.5
      vertex 152.324 -26.8861 11.5
      vertex 152.297 -26.884 11.5
    endloop
  endfacet
  facet normal 0 0 1
    outer loop
      vertex 151.874 -29.5508 11.5
      vertex 152.297 -26.884 11.5
      vertex 152.125 -26.8427 11.5
    endloop
  endfacet
  facet normal 0 0 1
    outer loop
      vertex 151.264 -29.4042 11.5
      vertex 152.125 -26.8427 11.5
      vertex 152.098 -26.8364 11.5
    endloop
  endfacet
  facet normal 0 0 1
    outer loop
      vertex 151.264 -29.4042 11.5
      vertex 152.098 -26.8364 11.5
      vertex 152.073 -26.826 11.5
    endloop
  endfacet
  facet normal 0 0 1
    outer loop
      vertex 150.684 -29.164 11.5
      vertex 152.073 -26.826 11.5
      vertex 151.91 -26.7583 11.5
    endloop
  endfacet
  facet normal 0 0 1
    outer loop
      vertex 150.684 -29.164 11.5
      vertex 151.91 -26.7583 11.5
      vertex 151.887 -26.7441 11.5
    endloop
  endfacet
  facet normal 0 0 1
    outer loop
      vertex 152.324 -26.8861 11.5
      vertex 151.874 -29.5508 11.5
      vertex 152.5 -29.6 11.5
    endloop
  endfacet
  facet normal 0 0 1
    outer loop
      vertex 150.149 -28.8361 11.5
      vertex 151.887 -26.7441 11.5
      vertex 151.736 -26.6517 11.5
    endloop
  endfacet
  facet normal 0 0 1
    outer loop
      vertex 150.149 -28.8361 11.5
      vertex 151.736 -26.6517 11.5
      vertex 151.601 -26.5369 11.5
    endloop
  endfacet
  facet normal 0 0 1
    outer loop
      vertex 149.672 -28.4284 11.5
      vertex 151.601 -26.5369 11.5
      vertex 151.581 -26.5192 11.5
    endloop
  endfacet
  facet normal 0 0 1
    outer loop
      vertex 149.672 -28.4284 11.5
      vertex 151.581 -26.5192 11.5
      vertex 151.448 -26.3641 11.5
    endloop
  endfacet
  facet normal 0 0 1
    outer loop
      vertex 149.264 -27.9511 11.5
      vertex 151.448 -26.3641 11.5
      vertex 151.356 -26.2134 11.5
    endloop
  endfacet
  facet normal 0 0 1
    outer loop
      vertex 148.936 -27.416 11.5
      vertex 151.356 -26.2134 11.5
      vertex 151.342 -26.1902 11.5
    endloop
  endfacet
  facet normal 0 0 1
    outer loop
      vertex 148.936 -27.416 11.5
      vertex 151.342 -26.1902 11.5
      vertex 151.331 -26.1651 11.5
    endloop
  endfacet
  facet normal 0 0 1
    outer loop
      vertex 152.125 -26.8427 11.5
      vertex 151.264 -29.4042 11.5
      vertex 151.874 -29.5508 11.5
    endloop
  endfacet
  facet normal 0 0 1
    outer loop
      vertex 148.696 -26.8361 11.5
      vertex 151.331 -26.1651 11.5
      vertex 151.264 -26.0017 11.5
    endloop
  endfacet
  facet normal 0 0 1
    outer loop
      vertex 148.696 -26.8361 11.5
      vertex 151.264 -26.0017 11.5
      vertex 151.222 -25.8298 11.5
    endloop
  endfacet
  facet normal 0 0 1
    outer loop
      vertex 148.549 -26.2257 11.5
      vertex 151.222 -25.8298 11.5
      vertex 151.216 -25.8034 11.5
    endloop
  endfacet
  facet normal 0 0 1
    outer loop
      vertex 148.549 -26.2257 11.5
      vertex 151.216 -25.8034 11.5
      vertex 151.202 -25.6271 11.5
    endloop
  endfacet
  facet normal -0 0 1
    outer loop
      vertex 148.5 -25.6 11.5
      vertex 151.202 -25.6271 11.5
      vertex 151.2 -25.6 11.5
    endloop
  endfacet
  facet normal 0 0 1
    outer loop
      vertex 151.331 -25.0349 11.5
      vertex 148.696 -24.3639 11.5
      vertex 151.264 -25.1983 11.5
    endloop
  endfacet
  facet normal 0 0 1
    outer loop
      vertex 152.073 -26.826 11.5
      vertex 150.684 -29.164 11.5
      vertex 151.264 -29.4042 11.5
    endloop
  endfacet
  facet normal 0 0 1
    outer loop
      vertex 151.264 -25.1983 11.5
      vertex 148.696 -24.3639 11.5
      vertex 151.222 -25.3702 11.5
    endloop
  endfacet
  facet normal 0 0 1
    outer loop
      vertex 151.887 -26.7441 11.5
      vertex 150.149 -28.8361 11.5
      vertex 150.684 -29.164 11.5
    endloop
  endfacet
  facet normal -0 0 1
    outer loop
      vertex 148.549 -24.9743 11.5
      vertex 151.222 -25.3702 11.5
      vertex 148.696 -24.3639 11.5
    endloop
  endfacet
  facet normal 0 0 1
    outer loop
      vertex 151.601 -26.5369 11.5
      vertex 149.672 -28.4284 11.5
      vertex 150.149 -28.8361 11.5
    endloop
  endfacet
  facet normal 0 0 1
    outer loop
      vertex 151.222 -25.3702 11.5
      vertex 148.549 -24.9743 11.5
      vertex 151.216 -25.3966 11.5
    endloop
  endfacet
  facet normal 0 0 1
    outer loop
      vertex 151.448 -26.3641 11.5
      vertex 149.264 -27.9511 11.5
      vertex 149.672 -28.4284 11.5
    endloop
  endfacet
  facet normal 0 0 1
    outer loop
      vertex 151.216 -25.3966 11.5
      vertex 148.549 -24.9743 11.5
      vertex 151.214 -25.4237 11.5
    endloop
  endfacet
  facet normal 0 0 1
    outer loop
      vertex 151.356 -26.2134 11.5
      vertex 148.936 -27.416 11.5
      vertex 149.264 -27.9511 11.5
    endloop
  endfacet
  facet normal 0 0 1
    outer loop
      vertex 148.5 -25.6 11.5
      vertex 151.214 -25.4237 11.5
      vertex 148.549 -24.9743 11.5
    endloop
  endfacet
  facet normal 0 0 1
    outer loop
      vertex 151.331 -26.1651 11.5
      vertex 148.696 -26.8361 11.5
      vertex 148.936 -27.416 11.5
    endloop
  endfacet
  facet normal 0 0 1
    outer loop
      vertex 151.214 -25.4237 11.5
      vertex 148.5 -25.6 11.5
      vertex 151.2 -25.6 11.5
    endloop
  endfacet
  facet normal 0 0 1
    outer loop
      vertex 151.222 -25.8298 11.5
      vertex 148.549 -26.2257 11.5
      vertex 148.696 -26.8361 11.5
    endloop
  endfacet
  facet normal 0 0 1
    outer loop
      vertex 151.202 -25.6271 11.5
      vertex 148.5 -25.6 11.5
      vertex 148.549 -26.2257 11.5
    endloop
  endfacet
  facet normal 0.852576 0.522603 0
    outer loop
      vertex 156.064 -23.784 11.5
      vertex 155.736 -23.2489 4.30247
      vertex 155.736 -23.2489 11.5
    endloop
  endfacet
  facet normal 0.852576 0.522603 0
    outer loop
      vertex 155.736 -23.2489 4.30247
      vertex 156.064 -23.784 11.5
      vertex 156.064 -23.784 4.30247
    endloop
  endfacet
  facet normal 0.649728 0.760167 -0
    outer loop
      vertex 155.328 -22.7716 4.30247
      vertex 154.851 -22.3639 11.5
      vertex 155.328 -22.7716 11.5
    endloop
  endfacet
  facet normal 0.649728 0.760167 0
    outer loop
      vertex 154.851 -22.3639 11.5
      vertex 155.328 -22.7716 4.30247
      vertex 154.851 -22.3639 4.30247
    endloop
  endfacet
  facet normal -0.760133 -0.649768 0
    outer loop
      vertex 149.672 -28.4284 4.30247
      vertex 149.264 -27.9511 11.5
      vertex 149.264 -27.9511 4.30247
    endloop
  endfacet
  facet normal -0.760133 -0.649768 0
    outer loop
      vertex 149.264 -27.9511 11.5
      vertex 149.672 -28.4284 4.30247
      vertex 149.672 -28.4284 11.5
    endloop
  endfacet
  facet normal 0.923994 0.382408 0
    outer loop
      vertex 156.304 -24.3639 11.5
      vertex 156.064 -23.784 4.30247
      vertex 156.064 -23.784 11.5
    endloop
  endfacet
  facet normal 0.923994 0.382408 0
    outer loop
      vertex 156.064 -23.784 4.30247
      vertex 156.304 -24.3639 11.5
      vertex 156.304 -24.3639 4.30247
    endloop
  endfacet
  facet normal -0.972205 0.234132 0
    outer loop
      vertex 148.549 -24.9743 4.30247
      vertex 148.696 -24.3639 11.5
      vertex 148.696 -24.3639 4.30247
    endloop
  endfacet
  facet normal -0.972205 0.234132 0
    outer loop
      vertex 148.696 -24.3639 11.5
      vertex 148.549 -24.9743 4.30247
      vertex 148.549 -24.9743 11.5
    endloop
  endfacet
  facet normal -0.852576 0.522603 0
    outer loop
      vertex 148.936 -23.784 4.30247
      vertex 149.264 -23.2489 11.5
      vertex 149.264 -23.2489 4.30247
    endloop
  endfacet
  facet normal -0.852576 0.522603 0
    outer loop
      vertex 149.264 -23.2489 11.5
      vertex 148.936 -23.784 4.30247
      vertex 148.936 -23.784 11.5
    endloop
  endfacet
  facet normal -0.972205 -0.234132 0
    outer loop
      vertex 148.696 -26.8361 4.30247
      vertex 148.549 -26.2257 11.5
      vertex 148.549 -26.2257 4.30247
    endloop
  endfacet
  facet normal -0.972205 -0.234132 0
    outer loop
      vertex 148.549 -26.2257 11.5
      vertex 148.696 -26.8361 4.30247
      vertex 148.696 -26.8361 11.5
    endloop
  endfacet
  facet normal 0.522558 0.852604 -0
    outer loop
      vertex 154.851 -22.3639 4.30247
      vertex 154.316 -22.036 11.5
      vertex 154.851 -22.3639 11.5
    endloop
  endfacet
  facet normal 0.522558 0.852604 0
    outer loop
      vertex 154.316 -22.036 11.5
      vertex 154.851 -22.3639 4.30247
      vertex 154.316 -22.036 4.30247
    endloop
  endfacet
  facet normal -0.382624 0.923904 0
    outer loop
      vertex 151.264 -21.7958 4.30247
      vertex 150.684 -22.036 11.5
      vertex 151.264 -21.7958 11.5
    endloop
  endfacet
  facet normal -0.382624 0.923904 0
    outer loop
      vertex 150.684 -22.036 11.5
      vertex 151.264 -21.7958 4.30247
      vertex 150.684 -22.036 4.30247
    endloop
  endfacet
  facet normal 0.233674 -0.972315 0
    outer loop
      vertex 153.126 -29.5508 4.30247
      vertex 153.736 -29.4042 11.5
      vertex 153.126 -29.5508 11.5
    endloop
  endfacet
  facet normal 0.233674 -0.972315 0
    outer loop
      vertex 153.736 -29.4042 11.5
      vertex 153.126 -29.5508 4.30247
      vertex 153.736 -29.4042 4.30247
    endloop
  endfacet
  facet normal 0.97217 -0.234277 0
    outer loop
      vertex 156.304 -115.636 11.5
      vertex 156.451 -115.026 4.30247
      vertex 156.451 -115.026 11.5
    endloop
  endfacet
  facet normal 0.97217 -0.234277 0
    outer loop
      vertex 156.451 -115.026 4.30247
      vertex 156.304 -115.636 11.5
      vertex 156.304 -115.636 4.30247
    endloop
  endfacet
  facet normal 0.996951 -0.0780361 0
    outer loop
      vertex 156.451 -115.026 11.5
      vertex 156.5 -114.4 4.30247
      vertex 156.5 -114.4 11.5
    endloop
  endfacet
  facet normal 0.996951 -0.0780361 0
    outer loop
      vertex 156.5 -114.4 4.30247
      vertex 156.451 -115.026 11.5
      vertex 156.451 -115.026 4.30247
    endloop
  endfacet
  facet normal 0.924017 -0.382352 0
    outer loop
      vertex 156.064 -116.216 11.5
      vertex 156.304 -115.636 4.30247
      vertex 156.304 -115.636 11.5
    endloop
  endfacet
  facet normal 0.924017 -0.382352 0
    outer loop
      vertex 156.304 -115.636 4.30247
      vertex 156.064 -116.216 11.5
      vertex 156.064 -116.216 4.30247
    endloop
  endfacet
  facet normal 0.0780361 0.996951 -0
    outer loop
      vertex 153.126 -110.449 4.30247
      vertex 152.5 -110.4 11.5
      vertex 153.126 -110.449 11.5
    endloop
  endfacet
  facet normal 0.0780361 0.996951 0
    outer loop
      vertex 152.5 -110.4 11.5
      vertex 153.126 -110.449 4.30247
      vertex 152.5 -110.4 4.30247
    endloop
  endfacet
  facet normal 0.382352 -0.924017 0
    outer loop
      vertex 153.736 -118.204 4.30247
      vertex 154.316 -117.964 11.5
      vertex 153.736 -118.204 11.5
    endloop
  endfacet
  facet normal 0.382352 -0.924017 0
    outer loop
      vertex 154.316 -117.964 11.5
      vertex 153.736 -118.204 4.30247
      vertex 154.316 -117.964 4.30247
    endloop
  endfacet
  facet normal -0.759931 0.650004 0
    outer loop
      vertex 149.264 -112.049 4.30247
      vertex 149.672 -111.572 11.5
      vertex 149.672 -111.572 4.30247
    endloop
  endfacet
  facet normal -0.759931 0.650004 0
    outer loop
      vertex 149.672 -111.572 11.5
      vertex 149.264 -112.049 4.30247
      vertex 149.264 -112.049 11.5
    endloop
  endfacet
  facet normal 0.996951 0.0780361 0
    outer loop
      vertex 156.5 -114.4 11.5
      vertex 156.451 -113.774 4.30247
      vertex 156.451 -113.774 11.5
    endloop
  endfacet
  facet normal 0.996951 0.0780361 0
    outer loop
      vertex 156.451 -113.774 4.30247
      vertex 156.5 -114.4 11.5
      vertex 156.5 -114.4 4.30247
    endloop
  endfacet
  facet normal -0.522674 0.852533 0
    outer loop
      vertex 150.684 -110.836 4.30247
      vertex 150.149 -111.164 11.5
      vertex 150.684 -110.836 11.5
    endloop
  endfacet
  facet normal -0.522674 0.852533 0
    outer loop
      vertex 150.149 -111.164 11.5
      vertex 150.684 -110.836 4.30247
      vertex 150.149 -111.164 4.30247
    endloop
  endfacet
  facet normal 0.759931 -0.650004 0
    outer loop
      vertex 155.328 -117.228 11.5
      vertex 155.736 -116.751 4.30247
      vertex 155.736 -116.751 11.5
    endloop
  endfacet
  facet normal 0.759931 -0.650004 0
    outer loop
      vertex 155.736 -116.751 4.30247
      vertex 155.328 -117.228 11.5
      vertex 155.328 -117.228 4.30247
    endloop
  endfacet
  facet normal 0.852533 -0.522674 0
    outer loop
      vertex 155.736 -116.751 11.5
      vertex 156.064 -116.216 4.30247
      vertex 156.064 -116.216 11.5
    endloop
  endfacet
  facet normal 0.852533 -0.522674 0
    outer loop
      vertex 156.064 -116.216 4.30247
      vertex 155.736 -116.751 11.5
      vertex 155.736 -116.751 4.30247
    endloop
  endfacet
  facet normal 0.234277 0.97217 -0
    outer loop
      vertex 153.736 -110.596 4.30247
      vertex 153.126 -110.449 11.5
      vertex 153.736 -110.596 11.5
    endloop
  endfacet
  facet normal 0.234277 0.97217 0
    outer loop
      vertex 153.126 -110.449 11.5
      vertex 153.736 -110.596 4.30247
      vertex 153.126 -110.449 4.30247
    endloop
  endfacet
  facet normal -0.852533 -0.522674 0
    outer loop
      vertex 149.264 -116.751 4.30247
      vertex 148.936 -116.216 11.5
      vertex 148.936 -116.216 4.30247
    endloop
  endfacet
  facet normal -0.852533 -0.522674 0
    outer loop
      vertex 148.936 -116.216 11.5
      vertex 149.264 -116.751 4.30247
      vertex 149.264 -116.751 11.5
    endloop
  endfacet
  facet normal -0.234277 0.97217 0
    outer loop
      vertex 151.874 -110.449 4.30247
      vertex 151.264 -110.596 11.5
      vertex 151.874 -110.449 11.5
    endloop
  endfacet
  facet normal -0.234277 0.97217 0
    outer loop
      vertex 151.264 -110.596 11.5
      vertex 151.874 -110.449 4.30247
      vertex 151.264 -110.596 4.30247
    endloop
  endfacet
  facet normal -0.996951 0.0780361 0
    outer loop
      vertex 148.5 -114.4 4.30247
      vertex 148.549 -113.774 11.5
      vertex 148.549 -113.774 4.30247
    endloop
  endfacet
  facet normal -0.996951 0.0780361 0
    outer loop
      vertex 148.549 -113.774 11.5
      vertex 148.5 -114.4 4.30247
      vertex 148.5 -114.4 11.5
    endloop
  endfacet
  facet normal -0.382352 -0.924017 0
    outer loop
      vertex 150.684 -117.964 4.30247
      vertex 151.264 -118.204 11.5
      vertex 150.684 -117.964 11.5
    endloop
  endfacet
  facet normal -0.382352 -0.924017 -0
    outer loop
      vertex 151.264 -118.204 11.5
      vertex 150.684 -117.964 4.30247
      vertex 151.264 -118.204 4.30247
    endloop
  endfacet
  facet normal 0.0780361 -0.996951 0
    outer loop
      vertex 152.5 -118.4 4.30247
      vertex 153.126 -118.351 11.5
      vertex 152.5 -118.4 11.5
    endloop
  endfacet
  facet normal 0.0780361 -0.996951 0
    outer loop
      vertex 153.126 -118.351 11.5
      vertex 152.5 -118.4 4.30247
      vertex 153.126 -118.351 4.30247
    endloop
  endfacet
  facet normal 0.522674 -0.852533 0
    outer loop
      vertex 154.316 -117.964 4.30247
      vertex 154.851 -117.636 11.5
      vertex 154.316 -117.964 11.5
    endloop
  endfacet
  facet normal 0.522674 -0.852533 0
    outer loop
      vertex 154.851 -117.636 11.5
      vertex 154.316 -117.964 4.30247
      vertex 154.851 -117.636 4.30247
    endloop
  endfacet
  facet normal -0.522674 -0.852533 0
    outer loop
      vertex 150.149 -117.636 4.30247
      vertex 150.684 -117.964 11.5
      vertex 150.149 -117.636 11.5
    endloop
  endfacet
  facet normal -0.522674 -0.852533 -0
    outer loop
      vertex 150.684 -117.964 11.5
      vertex 150.149 -117.636 4.30247
      vertex 150.684 -117.964 4.30247
    endloop
  endfacet
  facet normal -0.650004 -0.759931 0
    outer loop
      vertex 149.672 -117.228 4.30247
      vertex 150.149 -117.636 11.5
      vertex 149.672 -117.228 11.5
    endloop
  endfacet
  facet normal -0.650004 -0.759931 -0
    outer loop
      vertex 150.149 -117.636 11.5
      vertex 149.672 -117.228 4.30247
      vertex 150.149 -117.636 4.30247
    endloop
  endfacet
  facet normal -0.924017 -0.382352 0
    outer loop
      vertex 148.936 -116.216 4.30247
      vertex 148.696 -115.636 11.5
      vertex 148.696 -115.636 4.30247
    endloop
  endfacet
  facet normal -0.924017 -0.382352 0
    outer loop
      vertex 148.696 -115.636 11.5
      vertex 148.936 -116.216 4.30247
      vertex 148.936 -116.216 11.5
    endloop
  endfacet
  facet normal -0.924017 0.382352 0
    outer loop
      vertex 148.696 -113.164 4.30247
      vertex 148.936 -112.584 11.5
      vertex 148.936 -112.584 4.30247
    endloop
  endfacet
  facet normal -0.924017 0.382352 0
    outer loop
      vertex 148.936 -112.584 11.5
      vertex 148.696 -113.164 4.30247
      vertex 148.696 -113.164 11.5
    endloop
  endfacet
  facet normal 0.97217 0.234277 0
    outer loop
      vertex 156.451 -113.774 11.5
      vertex 156.304 -113.164 4.30247
      vertex 156.304 -113.164 11.5
    endloop
  endfacet
  facet normal 0.97217 0.234277 0
    outer loop
      vertex 156.304 -113.164 4.30247
      vertex 156.451 -113.774 11.5
      vertex 156.451 -113.774 4.30247
    endloop
  endfacet
  facet normal -0.650004 0.759931 0
    outer loop
      vertex 150.149 -111.164 4.30247
      vertex 149.672 -111.572 11.5
      vertex 150.149 -111.164 11.5
    endloop
  endfacet
  facet normal -0.650004 0.759931 0
    outer loop
      vertex 149.672 -111.572 11.5
      vertex 150.149 -111.164 4.30247
      vertex 149.672 -111.572 4.30247
    endloop
  endfacet
  facet normal -0.996951 -0.0780361 0
    outer loop
      vertex 148.549 -115.026 4.30247
      vertex 148.5 -114.4 11.5
      vertex 148.5 -114.4 4.30247
    endloop
  endfacet
  facet normal -0.996951 -0.0780361 0
    outer loop
      vertex 148.5 -114.4 11.5
      vertex 148.549 -115.026 4.30247
      vertex 148.549 -115.026 11.5
    endloop
  endfacet
  facet normal 0.234277 -0.97217 0
    outer loop
      vertex 153.126 -118.351 4.30247
      vertex 153.736 -118.204 11.5
      vertex 153.126 -118.351 11.5
    endloop
  endfacet
  facet normal 0.234277 -0.97217 0
    outer loop
      vertex 153.736 -118.204 11.5
      vertex 153.126 -118.351 4.30247
      vertex 153.736 -118.204 4.30247
    endloop
  endfacet
  facet normal 0.760008 0.649914 0
    outer loop
      vertex 155.328 -111.572 11.5
      vertex 155.694 -112 10.5
      vertex 155.328 -111.572 10.5
    endloop
  endfacet
  facet normal 0.759931 0.650004 -6.69122e-05
    outer loop
      vertex 155.736 -112.049 11.5
      vertex 155.694 -112 10.5
      vertex 155.328 -111.572 11.5
    endloop
  endfacet
  facet normal 0.759257 0.650791 -0
    outer loop
      vertex 155.736 -112.049 4.30247
      vertex 155.694 -112 10.5
      vertex 155.736 -112.049 11.5
    endloop
  endfacet
  facet normal 0.759257 0.650791 0
    outer loop
      vertex 155.694 -112 10.5
      vertex 155.736 -112.049 4.30247
      vertex 155.694 -112 4.30247
    endloop
  endfacet
  facet normal 0.650004 -0.759931 0
    outer loop
      vertex 154.851 -117.636 4.30247
      vertex 155.328 -117.228 11.5
      vertex 154.851 -117.636 11.5
    endloop
  endfacet
  facet normal 0.650004 -0.759931 0
    outer loop
      vertex 155.328 -117.228 11.5
      vertex 154.851 -117.636 4.30247
      vertex 155.328 -117.228 4.30247
    endloop
  endfacet
  facet normal -0 0 1
    outer loop
      vertex 153.798 -114.373 11.5
      vertex 156.5 -114.4 11.5
      vertex 156.451 -113.774 11.5
    endloop
  endfacet
  facet normal 0 0 1
    outer loop
      vertex 153.778 -114.17 11.5
      vertex 156.451 -113.774 11.5
      vertex 156.304 -113.164 11.5
    endloop
  endfacet
  facet normal 0 0 1
    outer loop
      vertex 156.5 -114.4 11.5
      vertex 153.798 -114.373 11.5
      vertex 153.8 -114.4 11.5
    endloop
  endfacet
  facet normal 0 0 1
    outer loop
      vertex 153.736 -113.998 11.5
      vertex 156.304 -113.164 11.5
      vertex 156.064 -112.584 11.5
    endloop
  endfacet
  facet normal 0 0 1
    outer loop
      vertex 153.786 -114.576 11.5
      vertex 156.5 -114.4 11.5
      vertex 153.8 -114.4 11.5
    endloop
  endfacet
  facet normal 0 0 1
    outer loop
      vertex 153.658 -113.81 11.5
      vertex 156.064 -112.584 11.5
      vertex 155.736 -112.049 11.5
    endloop
  endfacet
  facet normal 0 0 1
    outer loop
      vertex 156.5 -114.4 11.5
      vertex 153.786 -114.576 11.5
      vertex 156.451 -115.026 11.5
    endloop
  endfacet
  facet normal 0 0 1
    outer loop
      vertex 153.437 -113.501 11.5
      vertex 155.736 -112.049 11.5
      vertex 155.328 -111.572 11.5
    endloop
  endfacet
  facet normal -0 0 1
    outer loop
      vertex 153.784 -114.603 11.5
      vertex 156.451 -115.026 11.5
      vertex 153.786 -114.576 11.5
    endloop
  endfacet
  facet normal 0 0 1
    outer loop
      vertex 153.285 -113.366 11.5
      vertex 155.328 -111.572 11.5
      vertex 154.851 -111.164 11.5
    endloop
  endfacet
  facet normal -0 0 1
    outer loop
      vertex 153.778 -114.63 11.5
      vertex 156.451 -115.026 11.5
      vertex 153.784 -114.603 11.5
    endloop
  endfacet
  facet normal 0 0 1
    outer loop
      vertex 153.264 -113.348 11.5
      vertex 154.851 -111.164 11.5
      vertex 154.316 -110.836 11.5
    endloop
  endfacet
  facet normal 0 0 1
    outer loop
      vertex 156.451 -115.026 11.5
      vertex 153.778 -114.63 11.5
      vertex 156.304 -115.636 11.5
    endloop
  endfacet
  facet normal 0 0 1
    outer loop
      vertex 156.304 -115.636 11.5
      vertex 153.736 -114.802 11.5
      vertex 156.064 -116.216 11.5
    endloop
  endfacet
  facet normal -0 0 1
    outer loop
      vertex 153.736 -114.802 11.5
      vertex 156.304 -115.636 11.5
      vertex 153.778 -114.63 11.5
    endloop
  endfacet
  facet normal 0 0 1
    outer loop
      vertex 156.451 -113.774 11.5
      vertex 153.784 -114.197 11.5
      vertex 153.798 -114.373 11.5
    endloop
  endfacet
  facet normal 0 0 1
    outer loop
      vertex 156.451 -113.774 11.5
      vertex 153.778 -114.17 11.5
      vertex 153.784 -114.197 11.5
    endloop
  endfacet
  facet normal 0 0 1
    outer loop
      vertex 156.304 -113.164 11.5
      vertex 153.736 -113.998 11.5
      vertex 153.778 -114.17 11.5
    endloop
  endfacet
  facet normal 0 0 1
    outer loop
      vertex 153.065 -113.231 11.5
      vertex 154.316 -110.836 11.5
      vertex 153.736 -110.596 11.5
    endloop
  endfacet
  facet normal 0 0 1
    outer loop
      vertex 156.064 -112.584 11.5
      vertex 153.658 -113.81 11.5
      vertex 153.736 -113.998 11.5
    endloop
  endfacet
  facet normal 0 0 1
    outer loop
      vertex 155.736 -112.049 11.5
      vertex 153.552 -113.636 11.5
      vertex 153.658 -113.81 11.5
    endloop
  endfacet
  facet normal 0 0 1
    outer loop
      vertex 155.736 -112.049 11.5
      vertex 153.437 -113.501 11.5
      vertex 153.552 -113.636 11.5
    endloop
  endfacet
  facet normal 0 0 1
    outer loop
      vertex 155.328 -111.572 11.5
      vertex 153.419 -113.481 11.5
      vertex 153.437 -113.501 11.5
    endloop
  endfacet
  facet normal 0 0 1
    outer loop
      vertex 155.328 -111.572 11.5
      vertex 153.285 -113.366 11.5
      vertex 153.419 -113.481 11.5
    endloop
  endfacet
  facet normal 0 0 1
    outer loop
      vertex 154.851 -111.164 11.5
      vertex 153.264 -113.348 11.5
      vertex 153.285 -113.366 11.5
    endloop
  endfacet
  facet normal 0 0 1
    outer loop
      vertex 152.902 -113.164 11.5
      vertex 153.736 -110.596 11.5
      vertex 153.126 -110.449 11.5
    endloop
  endfacet
  facet normal 0 0 1
    outer loop
      vertex 154.316 -110.836 11.5
      vertex 153.09 -113.242 11.5
      vertex 153.264 -113.348 11.5
    endloop
  endfacet
  facet normal 0 0 1
    outer loop
      vertex 154.316 -110.836 11.5
      vertex 153.065 -113.231 11.5
      vertex 153.09 -113.242 11.5
    endloop
  endfacet
  facet normal 0 0 1
    outer loop
      vertex 153.736 -110.596 11.5
      vertex 152.902 -113.164 11.5
      vertex 153.065 -113.231 11.5
    endloop
  endfacet
  facet normal 0 0 1
    outer loop
      vertex 153.126 -110.449 11.5
      vertex 152.703 -113.116 11.5
      vertex 152.902 -113.164 11.5
    endloop
  endfacet
  facet normal 0 0 1
    outer loop
      vertex 152.5 -110.4 11.5
      vertex 152.703 -113.116 11.5
      vertex 153.126 -110.449 11.5
    endloop
  endfacet
  facet normal 0 0 1
    outer loop
      vertex 152.5 -110.4 11.5
      vertex 152.5 -113.1 11.5
      vertex 152.703 -113.116 11.5
    endloop
  endfacet
  facet normal 0 0 1
    outer loop
      vertex 152.5 -110.4 11.5
      vertex 152.297 -113.116 11.5
      vertex 152.5 -113.1 11.5
    endloop
  endfacet
  facet normal -0 0 1
    outer loop
      vertex 151.874 -110.449 11.5
      vertex 152.297 -113.116 11.5
      vertex 152.5 -110.4 11.5
    endloop
  endfacet
  facet normal 0 0 1
    outer loop
      vertex 152.297 -113.116 11.5
      vertex 151.874 -110.449 11.5
      vertex 152.098 -113.164 11.5
    endloop
  endfacet
  facet normal -0 0 1
    outer loop
      vertex 151.264 -110.596 11.5
      vertex 152.098 -113.164 11.5
      vertex 151.874 -110.449 11.5
    endloop
  endfacet
  facet normal 0 0 1
    outer loop
      vertex 152.098 -113.164 11.5
      vertex 151.264 -110.596 11.5
      vertex 151.935 -113.231 11.5
    endloop
  endfacet
  facet normal -0 0 1
    outer loop
      vertex 150.684 -110.836 11.5
      vertex 151.935 -113.231 11.5
      vertex 151.264 -110.596 11.5
    endloop
  endfacet
  facet normal 0 0 1
    outer loop
      vertex 151.935 -113.231 11.5
      vertex 150.684 -110.836 11.5
      vertex 151.91 -113.242 11.5
    endloop
  endfacet
  facet normal 0 0 1
    outer loop
      vertex 151.91 -113.242 11.5
      vertex 150.684 -110.836 11.5
      vertex 151.736 -113.348 11.5
    endloop
  endfacet
  facet normal -0 0 1
    outer loop
      vertex 150.149 -111.164 11.5
      vertex 151.736 -113.348 11.5
      vertex 150.684 -110.836 11.5
    endloop
  endfacet
  facet normal 0 0 1
    outer loop
      vertex 151.736 -113.348 11.5
      vertex 150.149 -111.164 11.5
      vertex 151.715 -113.366 11.5
    endloop
  endfacet
  facet normal -0 0 1
    outer loop
      vertex 149.672 -111.572 11.5
      vertex 151.715 -113.366 11.5
      vertex 150.149 -111.164 11.5
    endloop
  endfacet
  facet normal 0 0 1
    outer loop
      vertex 151.715 -113.366 11.5
      vertex 149.672 -111.572 11.5
      vertex 151.581 -113.481 11.5
    endloop
  endfacet
  facet normal 0 0 1
    outer loop
      vertex 151.581 -113.481 11.5
      vertex 149.672 -111.572 11.5
      vertex 151.563 -113.501 11.5
    endloop
  endfacet
  facet normal -0 0 1
    outer loop
      vertex 149.264 -112.049 11.5
      vertex 151.563 -113.501 11.5
      vertex 149.672 -111.572 11.5
    endloop
  endfacet
  facet normal 0 0 1
    outer loop
      vertex 151.563 -113.501 11.5
      vertex 149.264 -112.049 11.5
      vertex 151.448 -113.636 11.5
    endloop
  endfacet
  facet normal 0 0 1
    outer loop
      vertex 151.448 -113.636 11.5
      vertex 149.264 -112.049 11.5
      vertex 151.342 -113.81 11.5
    endloop
  endfacet
  facet normal -0 0 1
    outer loop
      vertex 148.936 -112.584 11.5
      vertex 151.342 -113.81 11.5
      vertex 149.264 -112.049 11.5
    endloop
  endfacet
  facet normal 0 0 1
    outer loop
      vertex 151.342 -113.81 11.5
      vertex 148.936 -112.584 11.5
      vertex 151.264 -113.998 11.5
    endloop
  endfacet
  facet normal -0 0 1
    outer loop
      vertex 153.658 -114.99 11.5
      vertex 156.064 -116.216 11.5
      vertex 153.736 -114.802 11.5
    endloop
  endfacet
  facet normal -0 0 1
    outer loop
      vertex 153.566 -115.141 11.5
      vertex 156.064 -116.216 11.5
      vertex 153.658 -114.99 11.5
    endloop
  endfacet
  facet normal 0 0 1
    outer loop
      vertex 156.064 -116.216 11.5
      vertex 153.566 -115.141 11.5
      vertex 155.736 -116.751 11.5
    endloop
  endfacet
  facet normal -0 0 1
    outer loop
      vertex 153.552 -115.164 11.5
      vertex 155.736 -116.751 11.5
      vertex 153.566 -115.141 11.5
    endloop
  endfacet
  facet normal 0 0 1
    outer loop
      vertex 155.736 -116.751 11.5
      vertex 153.552 -115.164 11.5
      vertex 155.328 -117.228 11.5
    endloop
  endfacet
  facet normal -0 0 1
    outer loop
      vertex 153.419 -115.319 11.5
      vertex 155.328 -117.228 11.5
      vertex 153.552 -115.164 11.5
    endloop
  endfacet
  facet normal -0 0 1
    outer loop
      vertex 153.399 -115.337 11.5
      vertex 155.328 -117.228 11.5
      vertex 153.419 -115.319 11.5
    endloop
  endfacet
  facet normal 0 0 1
    outer loop
      vertex 155.328 -117.228 11.5
      vertex 153.399 -115.337 11.5
      vertex 154.851 -117.636 11.5
    endloop
  endfacet
  facet normal -0 0 1
    outer loop
      vertex 153.264 -115.452 11.5
      vertex 154.851 -117.636 11.5
      vertex 153.399 -115.337 11.5
    endloop
  endfacet
  facet normal 0 0 1
    outer loop
      vertex 154.851 -117.636 11.5
      vertex 153.264 -115.452 11.5
      vertex 154.316 -117.964 11.5
    endloop
  endfacet
  facet normal -0 0 1
    outer loop
      vertex 153.09 -115.558 11.5
      vertex 154.316 -117.964 11.5
      vertex 153.264 -115.452 11.5
    endloop
  endfacet
  facet normal -0 0 1
    outer loop
      vertex 152.927 -115.626 11.5
      vertex 154.316 -117.964 11.5
      vertex 153.09 -115.558 11.5
    endloop
  endfacet
  facet normal 0 0 1
    outer loop
      vertex 154.316 -117.964 11.5
      vertex 152.927 -115.626 11.5
      vertex 153.736 -118.204 11.5
    endloop
  endfacet
  facet normal -0 0 1
    outer loop
      vertex 152.902 -115.636 11.5
      vertex 153.736 -118.204 11.5
      vertex 152.927 -115.626 11.5
    endloop
  endfacet
  facet normal 0 0 1
    outer loop
      vertex 153.736 -118.204 11.5
      vertex 152.902 -115.636 11.5
      vertex 153.126 -118.351 11.5
    endloop
  endfacet
  facet normal -0 0 1
    outer loop
      vertex 152.703 -115.684 11.5
      vertex 153.126 -118.351 11.5
      vertex 152.902 -115.636 11.5
    endloop
  endfacet
  facet normal -0 0 1
    outer loop
      vertex 152.676 -115.686 11.5
      vertex 153.126 -118.351 11.5
      vertex 152.703 -115.684 11.5
    endloop
  endfacet
  facet normal 0 0 1
    outer loop
      vertex 152.5 -118.4 11.5
      vertex 152.676 -115.686 11.5
      vertex 152.5 -115.7 11.5
    endloop
  endfacet
  facet normal 0 0 1
    outer loop
      vertex 152.676 -115.686 11.5
      vertex 152.5 -118.4 11.5
      vertex 153.126 -118.351 11.5
    endloop
  endfacet
  facet normal 0 0 1
    outer loop
      vertex 152.324 -115.686 11.5
      vertex 152.5 -118.4 11.5
      vertex 152.5 -115.7 11.5
    endloop
  endfacet
  facet normal 0 0 1
    outer loop
      vertex 151.874 -118.351 11.5
      vertex 152.324 -115.686 11.5
      vertex 152.297 -115.684 11.5
    endloop
  endfacet
  facet normal 0 0 1
    outer loop
      vertex 151.874 -118.351 11.5
      vertex 152.297 -115.684 11.5
      vertex 152.098 -115.636 11.5
    endloop
  endfacet
  facet normal 0 0 1
    outer loop
      vertex 151.264 -118.204 11.5
      vertex 152.098 -115.636 11.5
      vertex 152.073 -115.626 11.5
    endloop
  endfacet
  facet normal 0 0 1
    outer loop
      vertex 151.264 -118.204 11.5
      vertex 152.073 -115.626 11.5
      vertex 151.91 -115.558 11.5
    endloop
  endfacet
  facet normal 0 0 1
    outer loop
      vertex 152.324 -115.686 11.5
      vertex 151.874 -118.351 11.5
      vertex 152.5 -118.4 11.5
    endloop
  endfacet
  facet normal 0 0 1
    outer loop
      vertex 150.684 -117.964 11.5
      vertex 151.91 -115.558 11.5
      vertex 151.736 -115.452 11.5
    endloop
  endfacet
  facet normal 0 0 1
    outer loop
      vertex 150.149 -117.636 11.5
      vertex 151.736 -115.452 11.5
      vertex 151.601 -115.337 11.5
    endloop
  endfacet
  facet normal 0 0 1
    outer loop
      vertex 149.672 -117.228 11.5
      vertex 151.601 -115.337 11.5
      vertex 151.581 -115.319 11.5
    endloop
  endfacet
  facet normal 0 0 1
    outer loop
      vertex 149.672 -117.228 11.5
      vertex 151.581 -115.319 11.5
      vertex 151.448 -115.164 11.5
    endloop
  endfacet
  facet normal 0 0 1
    outer loop
      vertex 149.264 -116.751 11.5
      vertex 151.448 -115.164 11.5
      vertex 151.434 -115.141 11.5
    endloop
  endfacet
  facet normal 0 0 1
    outer loop
      vertex 148.936 -116.216 11.5
      vertex 151.434 -115.141 11.5
      vertex 151.342 -114.99 11.5
    endloop
  endfacet
  facet normal 0 0 1
    outer loop
      vertex 152.098 -115.636 11.5
      vertex 151.264 -118.204 11.5
      vertex 151.874 -118.351 11.5
    endloop
  endfacet
  facet normal 0 0 1
    outer loop
      vertex 148.936 -116.216 11.5
      vertex 151.342 -114.99 11.5
      vertex 151.264 -114.802 11.5
    endloop
  endfacet
  facet normal 0 0 1
    outer loop
      vertex 148.696 -115.636 11.5
      vertex 151.264 -114.802 11.5
      vertex 151.222 -114.63 11.5
    endloop
  endfacet
  facet normal 0 0 1
    outer loop
      vertex 148.549 -115.026 11.5
      vertex 151.222 -114.63 11.5
      vertex 151.216 -114.603 11.5
    endloop
  endfacet
  facet normal 0 0 1
    outer loop
      vertex 148.549 -115.026 11.5
      vertex 151.216 -114.603 11.5
      vertex 151.214 -114.576 11.5
    endloop
  endfacet
  facet normal -0 0 1
    outer loop
      vertex 148.5 -114.4 11.5
      vertex 151.214 -114.576 11.5
      vertex 151.2 -114.4 11.5
    endloop
  endfacet
  facet normal -0 0 1
    outer loop
      vertex 148.696 -113.164 11.5
      vertex 151.264 -113.998 11.5
      vertex 148.936 -112.584 11.5
    endloop
  endfacet
  facet normal 0 0 1
    outer loop
      vertex 151.91 -115.558 11.5
      vertex 150.684 -117.964 11.5
      vertex 151.264 -118.204 11.5
    endloop
  endfacet
  facet normal 0 0 1
    outer loop
      vertex 151.264 -113.998 11.5
      vertex 148.696 -113.164 11.5
      vertex 151.222 -114.17 11.5
    endloop
  endfacet
  facet normal 0 0 1
    outer loop
      vertex 151.736 -115.452 11.5
      vertex 150.149 -117.636 11.5
      vertex 150.684 -117.964 11.5
    endloop
  endfacet
  facet normal -0 0 1
    outer loop
      vertex 148.549 -113.774 11.5
      vertex 151.222 -114.17 11.5
      vertex 148.696 -113.164 11.5
    endloop
  endfacet
  facet normal 0 0 1
    outer loop
      vertex 151.601 -115.337 11.5
      vertex 149.672 -117.228 11.5
      vertex 150.149 -117.636 11.5
    endloop
  endfacet
  facet normal 0 0 1
    outer loop
      vertex 151.222 -114.17 11.5
      vertex 148.549 -113.774 11.5
      vertex 151.216 -114.197 11.5
    endloop
  endfacet
  facet normal 0 0 1
    outer loop
      vertex 151.448 -115.164 11.5
      vertex 149.264 -116.751 11.5
      vertex 149.672 -117.228 11.5
    endloop
  endfacet
  facet normal 0 0 1
    outer loop
      vertex 151.216 -114.197 11.5
      vertex 148.549 -113.774 11.5
      vertex 151.202 -114.373 11.5
    endloop
  endfacet
  facet normal 0 0 1
    outer loop
      vertex 151.434 -115.141 11.5
      vertex 148.936 -116.216 11.5
      vertex 149.264 -116.751 11.5
    endloop
  endfacet
  facet normal 0 0 1
    outer loop
      vertex 148.5 -114.4 11.5
      vertex 151.202 -114.373 11.5
      vertex 148.549 -113.774 11.5
    endloop
  endfacet
  facet normal 0 0 1
    outer loop
      vertex 151.264 -114.802 11.5
      vertex 148.696 -115.636 11.5
      vertex 148.936 -116.216 11.5
    endloop
  endfacet
  facet normal 0 0 1
    outer loop
      vertex 151.202 -114.373 11.5
      vertex 148.5 -114.4 11.5
      vertex 151.2 -114.4 11.5
    endloop
  endfacet
  facet normal 0 0 1
    outer loop
      vertex 151.222 -114.63 11.5
      vertex 148.549 -115.026 11.5
      vertex 148.696 -115.636 11.5
    endloop
  endfacet
  facet normal 0 0 1
    outer loop
      vertex 151.214 -114.576 11.5
      vertex 148.5 -114.4 11.5
      vertex 148.549 -115.026 11.5
    endloop
  endfacet
  facet normal 0.852533 0.522674 0
    outer loop
      vertex 156.064 -112.584 11.5
      vertex 155.736 -112.049 4.30247
      vertex 155.736 -112.049 11.5
    endloop
  endfacet
  facet normal 0.852533 0.522674 0
    outer loop
      vertex 155.736 -112.049 4.30247
      vertex 156.064 -112.584 11.5
      vertex 156.064 -112.584 4.30247
    endloop
  endfacet
  facet normal -0.234277 -0.97217 0
    outer loop
      vertex 151.264 -118.204 4.30247
      vertex 151.874 -118.351 11.5
      vertex 151.264 -118.204 11.5
    endloop
  endfacet
  facet normal -0.234277 -0.97217 -0
    outer loop
      vertex 151.874 -118.351 11.5
      vertex 151.264 -118.204 4.30247
      vertex 151.874 -118.351 4.30247
    endloop
  endfacet
  facet normal 0.650004 0.759931 -0
    outer loop
      vertex 155.328 -111.572 10.5
      vertex 154.851 -111.164 11.5
      vertex 155.328 -111.572 11.5
    endloop
  endfacet
  facet normal 0.650004 0.759931 0
    outer loop
      vertex 154.851 -111.164 11.5
      vertex 155.328 -111.572 10.5
      vertex 154.851 -111.164 10.5
    endloop
  endfacet
  facet normal -0.759931 -0.650004 0
    outer loop
      vertex 149.672 -117.228 4.30247
      vertex 149.264 -116.751 11.5
      vertex 149.264 -116.751 4.30247
    endloop
  endfacet
  facet normal -0.759931 -0.650004 0
    outer loop
      vertex 149.264 -116.751 11.5
      vertex 149.672 -117.228 4.30247
      vertex 149.672 -117.228 11.5
    endloop
  endfacet
  facet normal 0.924017 0.382352 0
    outer loop
      vertex 156.304 -113.164 11.5
      vertex 156.064 -112.584 4.30247
      vertex 156.064 -112.584 11.5
    endloop
  endfacet
  facet normal 0.924017 0.382352 0
    outer loop
      vertex 156.064 -112.584 4.30247
      vertex 156.304 -113.164 11.5
      vertex 156.304 -113.164 4.30247
    endloop
  endfacet
  facet normal -0.97217 0.234277 0
    outer loop
      vertex 148.549 -113.774 4.30247
      vertex 148.696 -113.164 11.5
      vertex 148.696 -113.164 4.30247
    endloop
  endfacet
  facet normal -0.97217 0.234277 0
    outer loop
      vertex 148.696 -113.164 11.5
      vertex 148.549 -113.774 4.30247
      vertex 148.549 -113.774 11.5
    endloop
  endfacet
  facet normal -0.852533 0.522674 0
    outer loop
      vertex 148.936 -112.584 4.30247
      vertex 149.264 -112.049 11.5
      vertex 149.264 -112.049 4.30247
    endloop
  endfacet
  facet normal -0.852533 0.522674 0
    outer loop
      vertex 149.264 -112.049 11.5
      vertex 148.936 -112.584 4.30247
      vertex 148.936 -112.584 11.5
    endloop
  endfacet
  facet normal -0.97217 -0.234277 0
    outer loop
      vertex 148.696 -115.636 4.30247
      vertex 148.549 -115.026 11.5
      vertex 148.549 -115.026 4.30247
    endloop
  endfacet
  facet normal -0.97217 -0.234277 0
    outer loop
      vertex 148.549 -115.026 11.5
      vertex 148.696 -115.636 4.30247
      vertex 148.696 -115.636 11.5
    endloop
  endfacet
  facet normal 0.38209 0.924125 0
    outer loop
      vertex 153.9 -110.664 10.5
      vertex 154.316 -110.836 11.5
      vertex 154.316 -110.836 10.5
    endloop
  endfacet
  facet normal 0.382352 0.924017 -0.000127451
    outer loop
      vertex 154.316 -110.836 11.5
      vertex 153.9 -110.664 10.5
      vertex 153.736 -110.596 11.5
    endloop
  endfacet
  facet normal 0.383015 0.923742 0
    outer loop
      vertex 153.736 -110.596 4.30247
      vertex 153.9 -110.664 10.5
      vertex 153.9 -110.664 4.30247
    endloop
  endfacet
  facet normal 0.383015 0.923742 0
    outer loop
      vertex 153.9 -110.664 10.5
      vertex 153.736 -110.596 4.30247
      vertex 153.736 -110.596 11.5
    endloop
  endfacet
  facet normal 0.522674 0.852533 -0
    outer loop
      vertex 154.851 -111.164 10.5
      vertex 154.316 -110.836 11.5
      vertex 154.851 -111.164 11.5
    endloop
  endfacet
  facet normal 0.522674 0.852533 0
    outer loop
      vertex 154.316 -110.836 11.5
      vertex 154.851 -111.164 10.5
      vertex 154.316 -110.836 10.5
    endloop
  endfacet
  facet normal -0.382352 0.924017 0
    outer loop
      vertex 151.264 -110.596 4.30247
      vertex 150.684 -110.836 11.5
      vertex 151.264 -110.596 11.5
    endloop
  endfacet
  facet normal -0.382352 0.924017 0
    outer loop
      vertex 150.684 -110.836 11.5
      vertex 151.264 -110.596 4.30247
      vertex 150.684 -110.836 4.30247
    endloop
  endfacet
  facet normal -0.0780361 -0.996951 0
    outer loop
      vertex 151.874 -118.351 4.30247
      vertex 152.5 -118.4 11.5
      vertex 151.874 -118.351 11.5
    endloop
  endfacet
  facet normal -0.0780361 -0.996951 -0
    outer loop
      vertex 152.5 -118.4 11.5
      vertex 151.874 -118.351 4.30247
      vertex 152.5 -118.4 4.30247
    endloop
  endfacet
  facet normal -0.0780361 0.996951 0
    outer loop
      vertex 152.5 -110.4 4.30247
      vertex 151.874 -110.449 11.5
      vertex 152.5 -110.4 11.5
    endloop
  endfacet
  facet normal -0.0780361 0.996951 0
    outer loop
      vertex 151.874 -110.449 11.5
      vertex 152.5 -110.4 4.30247
      vertex 151.874 -110.449 4.30247
    endloop
  endfacet
  facet normal 0 0 1
    outer loop
      vertex 27.684 -29.164 10.5
      vertex 28.1 -29.6 10.5
      vertex 28.1 -29.3363 10.5
    endloop
  endfacet
  facet normal 0 0 1
    outer loop
      vertex 27.1489 -28.8361 10.5
      vertex 28.1 -29.6 10.5
      vertex 27.684 -29.164 10.5
    endloop
  endfacet
  facet normal 0 0 1
    outer loop
      vertex 27.1489 -28.8361 10.5
      vertex 22.1 -29.6 10.5
      vertex 28.1 -29.6 10.5
    endloop
  endfacet
  facet normal 0 0 1
    outer loop
      vertex 26.6716 -28.4284 10.5
      vertex 22.1 -29.6 10.5
      vertex 27.1489 -28.8361 10.5
    endloop
  endfacet
  facet normal 0 0 1
    outer loop
      vertex 26.3057 -28 10.5
      vertex 22.1 -29.6 10.5
      vertex 26.6716 -28.4284 10.5
    endloop
  endfacet
  facet normal -0 0 1
    outer loop
      vertex 20.5 -28 10.5
      vertex 22.1 -29.6 10.5
      vertex 26.3057 -28 10.5
    endloop
  endfacet
  facet normal 0 0 1
    outer loop
      vertex 20.5 -35.6 10.5
      vertex 22.1 -29.6 10.5
      vertex 20.5 -28 10.5
    endloop
  endfacet
  facet normal 0 0 1
    outer loop
      vertex 22.1 -29.6 10.5
      vertex 20.5 -35.6 10.5
      vertex 22.1 -35.6 10.5
    endloop
  endfacet
  facet normal 0 1 -0
    outer loop
      vertex 26.3057 -28 4.30247
      vertex 20.5 -28 10.5
      vertex 26.3057 -28 10.5
    endloop
  endfacet
  facet normal 0 1 0
    outer loop
      vertex 20.5 -28 10.5
      vertex 26.3057 -28 4.30247
      vertex 20.5 -28 4.30247
    endloop
  endfacet
  facet normal 1 -0 0
    outer loop
      vertex 28.1 -29.6 10.5
      vertex 28.1 -29.3363 4.30247
      vertex 28.1 -29.3363 10.5
    endloop
  endfacet
  facet normal 1 0 0
    outer loop
      vertex 28.1 -29.3363 4.30247
      vertex 28.1 -29.6 10.5
      vertex 28.1 -29.6 4.30247
    endloop
  endfacet
  facet normal 0 -1 0
    outer loop
      vertex 22.1 -29.6 4.30247
      vertex 28.1 -29.6 10.5
      vertex 22.1 -29.6 10.5
    endloop
  endfacet
  facet normal 0 -1 -0
    outer loop
      vertex 28.1 -29.6 10.5
      vertex 22.1 -29.6 4.30247
      vertex 28.1 -29.6 4.30247
    endloop
  endfacet
  facet normal 1 -0 0
    outer loop
      vertex 22.1 -35.6 10.5
      vertex 22.1 -29.6 4.30247
      vertex 22.1 -29.6 10.5
    endloop
  endfacet
  facet normal 1 0 0
    outer loop
      vertex 22.1 -29.6 4.30247
      vertex 22.1 -35.6 10.5
      vertex 22.1 -35.6 4.30247
    endloop
  endfacet
  facet normal 0 -1 0
    outer loop
      vertex 20.5 -35.6 4.30247
      vertex 22.1 -35.6 10.5
      vertex 20.5 -35.6 10.5
    endloop
  endfacet
  facet normal 0 -1 -0
    outer loop
      vertex 22.1 -35.6 10.5
      vertex 20.5 -35.6 4.30247
      vertex 22.1 -35.6 4.30247
    endloop
  endfacet
  facet normal -1 0 0
    outer loop
      vertex 20.5 -35.6 4.30247
      vertex 20.5 -28 10.5
      vertex 20.5 -28 4.30247
    endloop
  endfacet
  facet normal -1 -0 0
    outer loop
      vertex 20.5 -28 10.5
      vertex 20.5 -35.6 4.30247
      vertex 20.5 -35.6 10.5
    endloop
  endfacet
  facet normal 0 0 1
    outer loop
      vertex 22.1 -104.4 10.5
      vertex 20.5 -104.4 10.5
      vertex 22.1 -110.4 10.5
    endloop
  endfacet
  facet normal 0 0 1
    outer loop
      vertex 28.1 -110.4 10.5
      vertex 27.684 -110.836 10.5
      vertex 28.1 -110.664 10.5
    endloop
  endfacet
  facet normal 0 0 1
    outer loop
      vertex 28.1 -110.4 10.5
      vertex 27.1489 -111.164 10.5
      vertex 27.684 -110.836 10.5
    endloop
  endfacet
  facet normal -0 0 1
    outer loop
      vertex 22.1 -110.4 10.5
      vertex 27.1489 -111.164 10.5
      vertex 28.1 -110.4 10.5
    endloop
  endfacet
  facet normal 0 0 1
    outer loop
      vertex 22.1 -110.4 10.5
      vertex 26.6716 -111.572 10.5
      vertex 27.1489 -111.164 10.5
    endloop
  endfacet
  facet normal 0 0 1
    outer loop
      vertex 22.1 -110.4 10.5
      vertex 26.3057 -112 10.5
      vertex 26.6716 -111.572 10.5
    endloop
  endfacet
  facet normal 0 0 1
    outer loop
      vertex 22.1 -110.4 10.5
      vertex 20.5 -112 10.5
      vertex 26.3057 -112 10.5
    endloop
  endfacet
  facet normal 0 0 1
    outer loop
      vertex 20.5 -112 10.5
      vertex 22.1 -110.4 10.5
      vertex 20.5 -104.4 10.5
    endloop
  endfacet
  facet normal 0 1 -0
    outer loop
      vertex 28.1 -110.4 4.30247
      vertex 22.1 -110.4 10.5
      vertex 28.1 -110.4 10.5
    endloop
  endfacet
  facet normal 0 1 0
    outer loop
      vertex 22.1 -110.4 10.5
      vertex 28.1 -110.4 4.30247
      vertex 22.1 -110.4 4.30247
    endloop
  endfacet
  facet normal 1 -0 0
    outer loop
      vertex 28.1 -110.664 10.5
      vertex 28.1 -110.4 4.30247
      vertex 28.1 -110.4 10.5
    endloop
  endfacet
  facet normal 1 0 0
    outer loop
      vertex 28.1 -110.4 4.30247
      vertex 28.1 -110.664 10.5
      vertex 28.1 -110.664 4.30247
    endloop
  endfacet
  facet normal 0 -1 0
    outer loop
      vertex 20.5 -112 4.30247
      vertex 26.3057 -112 10.5
      vertex 20.5 -112 10.5
    endloop
  endfacet
  facet normal 0 -1 -0
    outer loop
      vertex 26.3057 -112 10.5
      vertex 20.5 -112 4.30247
      vertex 26.3057 -112 4.30247
    endloop
  endfacet
  facet normal -1 0 0
    outer loop
      vertex 20.5 -112 4.30247
      vertex 20.5 -104.4 10.5
      vertex 20.5 -104.4 4.30247
    endloop
  endfacet
  facet normal -1 -0 0
    outer loop
      vertex 20.5 -104.4 10.5
      vertex 20.5 -112 4.30247
      vertex 20.5 -112 10.5
    endloop
  endfacet
  facet normal 0 1 -0
    outer loop
      vertex 22.1 -104.4 4.30247
      vertex 20.5 -104.4 10.5
      vertex 22.1 -104.4 10.5
    endloop
  endfacet
  facet normal 0 1 0
    outer loop
      vertex 20.5 -104.4 10.5
      vertex 22.1 -104.4 4.30247
      vertex 20.5 -104.4 4.30247
    endloop
  endfacet
  facet normal 1 -0 0
    outer loop
      vertex 22.1 -110.4 10.5
      vertex 22.1 -104.4 4.30247
      vertex 22.1 -104.4 10.5
    endloop
  endfacet
  facet normal 1 0 0
    outer loop
      vertex 22.1 -104.4 4.30247
      vertex 22.1 -110.4 10.5
      vertex 22.1 -110.4 4.30247
    endloop
  endfacet
  facet normal 0 0 1
    outer loop
      vertex 161.5 -28 10.5
      vertex 159.9 -29.6 10.5
      vertex 161.5 -35.6 10.5
    endloop
  endfacet
  facet normal -0 0 1
    outer loop
      vertex 155.694 -28 10.5
      vertex 159.9 -29.6 10.5
      vertex 161.5 -28 10.5
    endloop
  endfacet
  facet normal -0 0 1
    outer loop
      vertex 155.328 -28.4284 10.5
      vertex 159.9 -29.6 10.5
      vertex 155.694 -28 10.5
    endloop
  endfacet
  facet normal -0 0 1
    outer loop
      vertex 154.851 -28.8361 10.5
      vertex 159.9 -29.6 10.5
      vertex 155.328 -28.4284 10.5
    endloop
  endfacet
  facet normal 0 0 1
    outer loop
      vertex 153.9 -29.6 10.5
      vertex 154.851 -28.8361 10.5
      vertex 154.316 -29.164 10.5
    endloop
  endfacet
  facet normal 0 0 1
    outer loop
      vertex 153.9 -29.6 10.5
      vertex 154.316 -29.164 10.5
      vertex 153.9 -29.3363 10.5
    endloop
  endfacet
  facet normal 0 0 1
    outer loop
      vertex 154.851 -28.8361 10.5
      vertex 153.9 -29.6 10.5
      vertex 159.9 -29.6 10.5
    endloop
  endfacet
  facet normal 0 0 1
    outer loop
      vertex 161.5 -35.6 10.5
      vertex 159.9 -29.6 10.5
      vertex 159.9 -35.6 10.5
    endloop
  endfacet
  facet normal 0 -1 0
    outer loop
      vertex 159.9 -35.6 4.30247
      vertex 161.5 -35.6 10.5
      vertex 159.9 -35.6 10.5
    endloop
  endfacet
  facet normal 0 -1 -0
    outer loop
      vertex 161.5 -35.6 10.5
      vertex 159.9 -35.6 4.30247
      vertex 161.5 -35.6 4.30247
    endloop
  endfacet
  facet normal -1 0 0
    outer loop
      vertex 159.9 -35.6 4.30247
      vertex 159.9 -29.6 10.5
      vertex 159.9 -29.6 4.30247
    endloop
  endfacet
  facet normal -1 -0 0
    outer loop
      vertex 159.9 -29.6 10.5
      vertex 159.9 -35.6 4.30247
      vertex 159.9 -35.6 10.5
    endloop
  endfacet
  facet normal 0 -1 0
    outer loop
      vertex 153.9 -29.6 4.30247
      vertex 159.9 -29.6 10.5
      vertex 153.9 -29.6 10.5
    endloop
  endfacet
  facet normal 0 -1 -0
    outer loop
      vertex 159.9 -29.6 10.5
      vertex 153.9 -29.6 4.30247
      vertex 159.9 -29.6 4.30247
    endloop
  endfacet
  facet normal -1 0 0
    outer loop
      vertex 153.9 -29.6 4.30247
      vertex 153.9 -29.3363 10.5
      vertex 153.9 -29.3363 4.30247
    endloop
  endfacet
  facet normal -1 -0 0
    outer loop
      vertex 153.9 -29.3363 10.5
      vertex 153.9 -29.6 4.30247
      vertex 153.9 -29.6 10.5
    endloop
  endfacet
  facet normal 0 1 -0
    outer loop
      vertex 161.5 -28 4.30247
      vertex 155.694 -28 10.5
      vertex 161.5 -28 10.5
    endloop
  endfacet
  facet normal 0 1 0
    outer loop
      vertex 155.694 -28 10.5
      vertex 161.5 -28 4.30247
      vertex 155.694 -28 4.30247
    endloop
  endfacet
  facet normal 1 -0 0
    outer loop
      vertex 161.5 -35.6 10.5
      vertex 161.5 -28 4.30247
      vertex 161.5 -28 10.5
    endloop
  endfacet
  facet normal 1 0 0
    outer loop
      vertex 161.5 -28 4.30247
      vertex 161.5 -35.6 10.5
      vertex 161.5 -35.6 4.30247
    endloop
  endfacet
  facet normal 0 0 1
    outer loop
      vertex 159.9 -110.4 10.5
      vertex 161.5 -104.4 10.5
      vertex 159.9 -104.4 10.5
    endloop
  endfacet
  facet normal 0 0 1
    outer loop
      vertex 161.5 -104.4 10.5
      vertex 159.9 -110.4 10.5
      vertex 161.5 -112 10.5
    endloop
  endfacet
  facet normal 0 0 1
    outer loop
      vertex 159.9 -110.4 10.5
      vertex 155.694 -112 10.5
      vertex 161.5 -112 10.5
    endloop
  endfacet
  facet normal 0 0 1
    outer loop
      vertex 159.9 -110.4 10.5
      vertex 155.328 -111.572 10.5
      vertex 155.694 -112 10.5
    endloop
  endfacet
  facet normal 0 0 1
    outer loop
      vertex 159.9 -110.4 10.5
      vertex 154.851 -111.164 10.5
      vertex 155.328 -111.572 10.5
    endloop
  endfacet
  facet normal -0 0 1
    outer loop
      vertex 153.9 -110.4 10.5
      vertex 154.851 -111.164 10.5
      vertex 159.9 -110.4 10.5
    endloop
  endfacet
  facet normal 0 0 1
    outer loop
      vertex 154.851 -111.164 10.5
      vertex 153.9 -110.4 10.5
      vertex 154.316 -110.836 10.5
    endloop
  endfacet
  facet normal 0 0 1
    outer loop
      vertex 154.316 -110.836 10.5
      vertex 153.9 -110.4 10.5
      vertex 153.9 -110.664 10.5
    endloop
  endfacet
  facet normal 0 -1 0
    outer loop
      vertex 155.694 -112 4.30247
      vertex 161.5 -112 10.5
      vertex 155.694 -112 10.5
    endloop
  endfacet
  facet normal 0 -1 -0
    outer loop
      vertex 161.5 -112 10.5
      vertex 155.694 -112 4.30247
      vertex 161.5 -112 4.30247
    endloop
  endfacet
  facet normal -1 0 0
    outer loop
      vertex 153.9 -110.664 4.30247
      vertex 153.9 -110.4 10.5
      vertex 153.9 -110.4 4.30247
    endloop
  endfacet
  facet normal -1 -0 0
    outer loop
      vertex 153.9 -110.4 10.5
      vertex 153.9 -110.664 4.30247
      vertex 153.9 -110.664 10.5
    endloop
  endfacet
  facet normal 0 1 -0
    outer loop
      vertex 159.9 -110.4 4.30247
      vertex 153.9 -110.4 10.5
      vertex 159.9 -110.4 10.5
    endloop
  endfacet
  facet normal 0 1 0
    outer loop
      vertex 153.9 -110.4 10.5
      vertex 159.9 -110.4 4.30247
      vertex 153.9 -110.4 4.30247
    endloop
  endfacet
  facet normal -1 0 0
    outer loop
      vertex 159.9 -110.4 4.30247
      vertex 159.9 -104.4 10.5
      vertex 159.9 -104.4 4.30247
    endloop
  endfacet
  facet normal -1 -0 0
    outer loop
      vertex 159.9 -104.4 10.5
      vertex 159.9 -110.4 4.30247
      vertex 159.9 -110.4 10.5
    endloop
  endfacet
  facet normal 0 1 -0
    outer loop
      vertex 161.5 -104.4 4.30247
      vertex 159.9 -104.4 10.5
      vertex 161.5 -104.4 10.5
    endloop
  endfacet
  facet normal 0 1 0
    outer loop
      vertex 159.9 -104.4 10.5
      vertex 161.5 -104.4 4.30247
      vertex 159.9 -104.4 4.30247
    endloop
  endfacet
  facet normal 1 -0 0
    outer loop
      vertex 161.5 -112 10.5
      vertex 161.5 -104.4 4.30247
      vertex 161.5 -104.4 10.5
    endloop
  endfacet
  facet normal 1 0 0
    outer loop
      vertex 161.5 -104.4 4.30247
      vertex 161.5 -112 10.5
      vertex 161.5 -112 4.30247
    endloop
  endfacet
  facet normal -0.996906 0.078599 0
    outer loop
      vertex 30.784 -25.8034 11.5
      vertex 30.7979 -25.6271 11.5
      vertex 30.784 -25.8034 5
    endloop
  endfacet
  facet normal -0.997011 0.0772592 0
    outer loop
      vertex 30.8 -25.6 5
      vertex 30.7979 -25.6271 11.5
      vertex 30.8 -25.6 11.5
    endloop
  endfacet
  facet normal -0.99692 0.0784205 4.87112e-06
    outer loop
      vertex 30.7979 -25.6271 11.5
      vertex 30.8 -25.6 5
      vertex 30.784 -25.8034 5
    endloop
  endfacet
  facet normal 0.996906 -0.078599 0
    outer loop
      vertex 28.2139 -25.4237 11.5
      vertex 28.2 -25.6 11.5
      vertex 28.2 -25.6 5
    endloop
  endfacet
  facet normal -0.923837 -0.382785 0
    outer loop
      vertex 30.6583 -25.0098 5
      vertex 30.6687 -25.0349 11.5
      vertex 30.6583 -25.0098 11.5
    endloop
  endfacet
  facet normal -0.923844 -0.38277 6.78604e-08
    outer loop
      vertex 30.6687 -25.0349 11.5
      vertex 30.6583 -25.0098 5
      vertex 30.7364 -25.1983 5
    endloop
  endfacet
  facet normal -0 -0 1
    outer loop
      vertex 28.5808 -26.5192 5
      vertex 29.2966 -26.884 5
      vertex 28.2 -25.6 5
    endloop
  endfacet
  facet normal -0 0 1
    outer loop
      vertex 29.2966 -24.316 5
      vertex 29.7034 -26.884 5
      vertex 29.7034 -24.316 5
    endloop
  endfacet
  facet normal 0 0 1
    outer loop
      vertex 29.7034 -26.884 5
      vertex 29.2966 -24.316 5
      vertex 29.2966 -26.884 5
    endloop
  endfacet
  facet normal 0.233608 -0.972331 0
    outer loop
      vertex 29.2966 -24.316 5
      vertex 29.2966 -24.316 11.5
      vertex 29.1247 -24.3573 11.5
    endloop
  endfacet
  facet normal -0.0786433 0.996903 0
    outer loop
      vertex 29.5 -26.9 11.5
      vertex 29.6762 -26.8861 11.5
      vertex 29.5 -26.9 5
    endloop
  endfacet
  facet normal 0.0784205 0.99692 -4.87112e-06
    outer loop
      vertex 29.2966 -26.884 5
      vertex 29.3237 -26.8861 11.5
      vertex 29.5 -26.9 5
    endloop
  endfacet
  facet normal 0.0772592 0.997011 0
    outer loop
      vertex 29.3237 -26.8861 11.5
      vertex 29.2966 -26.884 5
      vertex 29.2966 -26.884 11.5
    endloop
  endfacet
  facet normal 0 -0 1
    outer loop
      vertex 30.6583 -26.1902 5
      vertex 30.784 -25.8034 5
      vertex 30.5517 -26.3641 5
    endloop
  endfacet
  facet normal 0.996906 0.078599 0
    outer loop
      vertex 28.216 -25.8034 11.5
      vertex 28.216 -25.8034 5
      vertex 28.2021 -25.6271 11.5
    endloop
  endfacet
  facet normal 0 0 1
    outer loop
      vertex 30.6583 -25.0098 5
      vertex 30.2641 -24.5483 5
      vertex 29.7034 -24.316 5
    endloop
  endfacet
  facet normal 0.649207 -0.760612 0
    outer loop
      vertex 28.7359 -24.5483 5
      vertex 28.7359 -24.5483 11.5
      vertex 28.6014 -24.6631 11.5
    endloop
  endfacet
  facet normal -0.52262 0.852566 2.82089e-06
    outer loop
      vertex 30.0902 -26.7583 5
      vertex 30.1134 -26.7441 11.5
      vertex 30.2641 -26.6517 5
    endloop
  endfacet
  facet normal -0.522045 0.852918 0
    outer loop
      vertex 30.1134 -26.7441 11.5
      vertex 30.0902 -26.7583 5
      vertex 30.0902 -26.7583 11.5
    endloop
  endfacet
  facet normal 0.078599 0.996906 0
    outer loop
      vertex 29.5 -26.9 11.5
      vertex 29.5 -26.9 5
      vertex 29.3237 -26.8861 11.5
    endloop
  endfacet
  facet normal -0 -0 1
    outer loop
      vertex 28.4483 -26.3641 5
      vertex 28.5808 -26.5192 5
      vertex 28.216 -25.8034 5
    endloop
  endfacet
  facet normal 0 0 1
    outer loop
      vertex 30.7364 -25.1983 5
      vertex 30.6583 -25.0098 5
      vertex 29.7034 -24.316 5
    endloop
  endfacet
  facet normal 0 0 1
    outer loop
      vertex 30.8 -25.6 5
      vertex 30.7364 -25.1983 5
      vertex 29.7034 -26.884 5
    endloop
  endfacet
  facet normal 0 0 1
    outer loop
      vertex 30.2641 -24.5483 5
      vertex 30.0902 -24.4417 5
      vertex 29.7034 -24.316 5
    endloop
  endfacet
  facet normal 0 0 1
    outer loop
      vertex 30.6583 -25.0098 5
      vertex 30.5517 -24.8359 5
      vertex 30.2641 -24.5483 5
    endloop
  endfacet
  facet normal 0 0 1
    outer loop
      vertex 29.2966 -24.316 5
      vertex 28.3417 -25.0098 5
      vertex 28.2636 -25.1983 5
    endloop
  endfacet
  facet normal 0 0 1
    outer loop
      vertex 29.7034 -26.884 5
      vertex 30.7364 -25.1983 5
      vertex 29.7034 -24.316 5
    endloop
  endfacet
  facet normal -0.852918 0.522045 0
    outer loop
      vertex 30.6583 -26.1902 5
      vertex 30.6441 -26.2134 11.5
      vertex 30.6583 -26.1902 11.5
    endloop
  endfacet
  facet normal -0.852566 0.52262 2.82089e-06
    outer loop
      vertex 30.6441 -26.2134 11.5
      vertex 30.6583 -26.1902 5
      vertex 30.5517 -26.3641 5
    endloop
  endfacet
  facet normal -0.760328 0.649539 0
    outer loop
      vertex 30.4192 -26.5192 5
      vertex 30.5517 -26.3641 11.5
      vertex 30.5517 -26.3641 5
    endloop
  endfacet
  facet normal -0.760328 0.649539 0
    outer loop
      vertex 30.5517 -26.3641 11.5
      vertex 30.4192 -26.5192 5
      vertex 30.4192 -26.5192 11.5
    endloop
  endfacet
  facet normal -0.852512 0.522708 0
    outer loop
      vertex 30.5517 -26.3641 11.5
      vertex 30.6441 -26.2134 11.5
      vertex 30.5517 -26.3641 5
    endloop
  endfacet
  facet normal -0.522708 0.852512 0
    outer loop
      vertex 30.2641 -26.6517 11.5
      vertex 30.2641 -26.6517 5
      vertex 30.1134 -26.7441 11.5
    endloop
  endfacet
  facet normal -0 -0 1
    outer loop
      vertex 28.216 -25.8034 5
      vertex 28.5808 -26.5192 5
      vertex 28.2 -25.6 5
    endloop
  endfacet
  facet normal 0.852918 -0.522045 0
    outer loop
      vertex 28.3417 -25.0098 5
      vertex 28.3559 -24.9866 11.5
      vertex 28.3417 -25.0098 11.5
    endloop
  endfacet
  facet normal 0.852566 -0.52262 2.82089e-06
    outer loop
      vertex 28.3559 -24.9866 11.5
      vertex 28.3417 -25.0098 5
      vertex 28.4483 -24.8359 5
    endloop
  endfacet
  facet normal 0.923837 0.382785 -0
    outer loop
      vertex 28.3417 -26.1902 5
      vertex 28.3313 -26.1651 11.5
      vertex 28.3417 -26.1902 11.5
    endloop
  endfacet
  facet normal 0.923844 0.38277 6.78604e-08
    outer loop
      vertex 28.3313 -26.1651 11.5
      vertex 28.3417 -26.1902 5
      vertex 28.2636 -26.0017 5
    endloop
  endfacet
  facet normal -0.852566 -0.52262 2.82089e-06
    outer loop
      vertex 30.6583 -25.0098 5
      vertex 30.6441 -24.9866 11.5
      vertex 30.5517 -24.8359 5
    endloop
  endfacet
  facet normal -0.852918 -0.522045 0
    outer loop
      vertex 30.6441 -24.9866 11.5
      vertex 30.6583 -25.0098 5
      vertex 30.6583 -25.0098 11.5
    endloop
  endfacet
  facet normal -0.382968 -0.923762 0
    outer loop
      vertex 30.0902 -24.4417 5
      vertex 30.0902 -24.4417 11.5
      vertex 29.9269 -24.374 11.5
    endloop
  endfacet
  facet normal -0.52262 -0.852566 0
    outer loop
      vertex 30.0902 -24.4417 5
      vertex 30.2641 -24.5483 11.5
      vertex 30.0902 -24.4417 11.5
    endloop
  endfacet
  facet normal -0.52262 -0.852566 -0
    outer loop
      vertex 30.2641 -24.5483 11.5
      vertex 30.0902 -24.4417 5
      vertex 30.2641 -24.5483 5
    endloop
  endfacet
  facet normal 0 -0 1
    outer loop
      vertex 30.2641 -26.6517 5
      vertex 30.4192 -26.5192 5
      vertex 29.7034 -26.884 5
    endloop
  endfacet
  facet normal -0.23341 -0.972378 -5.54481e-06
    outer loop
      vertex 29.9017 -24.3636 5
      vertex 29.8753 -24.3573 11.5
      vertex 29.7034 -24.316 5
    endloop
  endfacet
  facet normal -0.232119 -0.972687 0
    outer loop
      vertex 29.8753 -24.3573 11.5
      vertex 29.9017 -24.3636 5
      vertex 29.9017 -24.3636 11.5
    endloop
  endfacet
  facet normal -0.078599 -0.996906 0
    outer loop
      vertex 29.7034 -24.316 5
      vertex 29.7034 -24.316 11.5
      vertex 29.5271 -24.3021 11.5
    endloop
  endfacet
  facet normal 0.0784205 -0.99692 4.87112e-06
    outer loop
      vertex 29.5 -24.3 5
      vertex 29.4729 -24.3021 11.5
      vertex 29.2966 -24.316 5
    endloop
  endfacet
  facet normal 0.0772592 -0.997011 0
    outer loop
      vertex 29.4729 -24.3021 11.5
      vertex 29.5 -24.3 5
      vertex 29.5 -24.3 11.5
    endloop
  endfacet
  facet normal 0.382968 -0.923762 0
    outer loop
      vertex 29.0731 -24.374 11.5
      vertex 28.9098 -24.4417 11.5
      vertex 28.9098 -24.4417 5
    endloop
  endfacet
  facet normal 0.997011 -0.0772592 0
    outer loop
      vertex 28.2139 -25.4237 11.5
      vertex 28.216 -25.3966 5
      vertex 28.216 -25.3966 11.5
    endloop
  endfacet
  facet normal 0.99692 -0.0784205 -4.87112e-06
    outer loop
      vertex 28.216 -25.3966 5
      vertex 28.2139 -25.4237 11.5
      vertex 28.2 -25.6 5
    endloop
  endfacet
  facet normal 0.651701 -0.758476 0
    outer loop
      vertex 28.5808 -24.6808 5
      vertex 28.6014 -24.6631 11.5
      vertex 28.5808 -24.6808 11.5
    endloop
  endfacet
  facet normal 0.649539 -0.760328 1.18934e-05
    outer loop
      vertex 28.6014 -24.6631 11.5
      vertex 28.5808 -24.6808 5
      vertex 28.7359 -24.5483 5
    endloop
  endfacet
  facet normal 0 0 1
    outer loop
      vertex 29.2966 -24.316 5
      vertex 29.0983 -24.3636 5
      vertex 28.9098 -24.4417 5
    endloop
  endfacet
  facet normal 0 -0 1
    outer loop
      vertex 30.4192 -26.5192 5
      vertex 30.8 -25.6 5
      vertex 29.7034 -26.884 5
    endloop
  endfacet
  facet normal 0 -0 1
    outer loop
      vertex 30.784 -25.8034 5
      vertex 30.8 -25.6 5
      vertex 30.4192 -26.5192 5
    endloop
  endfacet
  facet normal -0.382968 0.923762 0
    outer loop
      vertex 30.0902 -26.7583 11.5
      vertex 30.0902 -26.7583 5
      vertex 29.9269 -26.826 11.5
    endloop
  endfacet
  facet normal 0 -0 1
    outer loop
      vertex 29.5 -26.9 5
      vertex 29.7034 -26.884 5
      vertex 29.2966 -26.884 5
    endloop
  endfacet
  facet normal -0.651701 0.758476 0
    outer loop
      vertex 30.4192 -26.5192 5
      vertex 30.3986 -26.5369 11.5
      vertex 30.4192 -26.5192 11.5
    endloop
  endfacet
  facet normal -0.649539 0.760328 1.18934e-05
    outer loop
      vertex 30.3986 -26.5369 11.5
      vertex 30.4192 -26.5192 5
      vertex 30.2641 -26.6517 5
    endloop
  endfacet
  facet normal 0 -0 1
    outer loop
      vertex 30.7364 -26.0017 5
      vertex 30.784 -25.8034 5
      vertex 30.6583 -26.1902 5
    endloop
  endfacet
  facet normal -0.97185 0.2356 0
    outer loop
      vertex 30.784 -25.8034 5
      vertex 30.7776 -25.8298 11.5
      vertex 30.784 -25.8034 11.5
    endloop
  endfacet
  facet normal -0.972378 0.23341 -9.41486e-06
    outer loop
      vertex 30.7776 -25.8298 11.5
      vertex 30.784 -25.8034 5
      vertex 30.7364 -26.0017 5
    endloop
  endfacet
  facet normal 0.232119 0.972687 0
    outer loop
      vertex 29.1247 -26.8427 11.5
      vertex 29.0983 -26.8364 5
      vertex 29.0983 -26.8364 11.5
    endloop
  endfacet
  facet normal 0.23341 0.972378 -5.54481e-06
    outer loop
      vertex 29.0983 -26.8364 5
      vertex 29.1247 -26.8427 11.5
      vertex 29.2966 -26.884 5
    endloop
  endfacet
  facet normal 0.852918 0.522045 0
    outer loop
      vertex 28.3559 -26.2134 11.5
      vertex 28.3417 -26.1902 5
      vertex 28.3417 -26.1902 11.5
    endloop
  endfacet
  facet normal 0.852566 0.52262 2.82089e-06
    outer loop
      vertex 28.3417 -26.1902 5
      vertex 28.3559 -26.2134 11.5
      vertex 28.4483 -26.3641 5
    endloop
  endfacet
  facet normal 0.997011 0.0772592 0
    outer loop
      vertex 28.2021 -25.6271 11.5
      vertex 28.2 -25.6 5
      vertex 28.2 -25.6 11.5
    endloop
  endfacet
  facet normal 0.99692 0.0784205 4.87112e-06
    outer loop
      vertex 28.2 -25.6 5
      vertex 28.2021 -25.6271 11.5
      vertex 28.216 -25.8034 5
    endloop
  endfacet
  facet normal 0.852512 0.522708 0
    outer loop
      vertex 28.4483 -26.3641 11.5
      vertex 28.4483 -26.3641 5
      vertex 28.3559 -26.2134 11.5
    endloop
  endfacet
  facet normal 0.923845 0.382768 0
    outer loop
      vertex 28.2636 -26.0017 11.5
      vertex 28.3313 -26.1651 11.5
      vertex 28.2636 -26.0017 5
    endloop
  endfacet
  facet normal -0.996906 -0.078599 0
    outer loop
      vertex 30.8 -25.6 5
      vertex 30.8 -25.6 11.5
      vertex 30.7861 -25.4237 11.5
    endloop
  endfacet
  facet normal 0 0 1
    outer loop
      vertex 30.8 -25.6 5
      vertex 30.784 -25.3966 5
      vertex 30.7364 -25.1983 5
    endloop
  endfacet
  facet normal -0.852512 -0.522708 0
    outer loop
      vertex 30.6441 -24.9866 11.5
      vertex 30.5517 -24.8359 11.5
      vertex 30.5517 -24.8359 5
    endloop
  endfacet
  facet normal -0.651701 -0.758476 0
    outer loop
      vertex 30.3986 -24.6631 11.5
      vertex 30.4192 -24.6808 5
      vertex 30.4192 -24.6808 11.5
    endloop
  endfacet
  facet normal -0.649539 -0.760328 1.18934e-05
    outer loop
      vertex 30.4192 -24.6808 5
      vertex 30.3986 -24.6631 11.5
      vertex 30.2641 -24.5483 5
    endloop
  endfacet
  facet normal -0.381488 -0.924374 0
    outer loop
      vertex 29.9017 -24.3636 5
      vertex 29.9269 -24.374 11.5
      vertex 29.9017 -24.3636 11.5
    endloop
  endfacet
  facet normal -0.38277 -0.923844 5.82091e-06
    outer loop
      vertex 29.9269 -24.374 11.5
      vertex 29.9017 -24.3636 5
      vertex 30.0902 -24.4417 5
    endloop
  endfacet
  facet normal 0 0 1
    outer loop
      vertex 30.0902 -24.4417 5
      vertex 29.9017 -24.3636 5
      vertex 29.7034 -24.316 5
    endloop
  endfacet
  facet normal 0.078599 -0.996906 0
    outer loop
      vertex 29.4729 -24.3021 11.5
      vertex 29.2966 -24.316 11.5
      vertex 29.2966 -24.316 5
    endloop
  endfacet
  facet normal -0.233608 -0.972331 0
    outer loop
      vertex 29.8753 -24.3573 11.5
      vertex 29.7034 -24.316 11.5
      vertex 29.7034 -24.316 5
    endloop
  endfacet
  facet normal -0.0772592 -0.997011 0
    outer loop
      vertex 29.5 -24.3 5
      vertex 29.5271 -24.3021 11.5
      vertex 29.5 -24.3 11.5
    endloop
  endfacet
  facet normal -0.0784205 -0.99692 4.87112e-06
    outer loop
      vertex 29.5271 -24.3021 11.5
      vertex 29.5 -24.3 5
      vertex 29.7034 -24.316 5
    endloop
  endfacet
  facet normal 0 0 1
    outer loop
      vertex 29.7034 -24.316 5
      vertex 29.5 -24.3 5
      vertex 29.2966 -24.316 5
    endloop
  endfacet
  facet normal 0.97185 0.2356 0
    outer loop
      vertex 28.2224 -25.8298 11.5
      vertex 28.216 -25.8034 5
      vertex 28.216 -25.8034 11.5
    endloop
  endfacet
  facet normal 0.972378 0.23341 -9.41486e-06
    outer loop
      vertex 28.216 -25.8034 5
      vertex 28.2224 -25.8298 11.5
      vertex 28.2636 -26.0017 5
    endloop
  endfacet
  facet normal 0.972459 -0.233073 0
    outer loop
      vertex 28.2636 -25.1983 5
      vertex 28.2636 -25.1983 11.5
      vertex 28.2224 -25.3702 11.5
    endloop
  endfacet
  facet normal 0.923845 -0.382768 0
    outer loop
      vertex 28.3313 -25.0349 11.5
      vertex 28.2636 -25.1983 11.5
      vertex 28.2636 -25.1983 5
    endloop
  endfacet
  facet normal 0.760612 -0.649207 0
    outer loop
      vertex 28.5631 -24.7014 11.5
      vertex 28.4483 -24.8359 11.5
      vertex 28.4483 -24.8359 5
    endloop
  endfacet
  facet normal 0 -0 1
    outer loop
      vertex 29.2966 -26.884 5
      vertex 29.2966 -24.316 5
      vertex 28.2636 -25.1983 5
    endloop
  endfacet
  facet normal 0 0 1
    outer loop
      vertex 29.2966 -26.884 5
      vertex 28.2636 -25.1983 5
      vertex 28.2 -25.6 5
    endloop
  endfacet
  facet normal 0.38277 -0.923844 5.82091e-06
    outer loop
      vertex 29.0983 -24.3636 5
      vertex 29.0731 -24.374 11.5
      vertex 28.9098 -24.4417 5
    endloop
  endfacet
  facet normal 0.381488 -0.924374 0
    outer loop
      vertex 29.0731 -24.374 11.5
      vertex 29.0983 -24.3636 5
      vertex 29.0983 -24.3636 11.5
    endloop
  endfacet
  facet normal 0.232119 -0.972687 0
    outer loop
      vertex 29.0983 -24.3636 5
      vertex 29.1247 -24.3573 11.5
      vertex 29.0983 -24.3636 11.5
    endloop
  endfacet
  facet normal 0.23341 -0.972378 -5.54481e-06
    outer loop
      vertex 29.1247 -24.3573 11.5
      vertex 29.0983 -24.3636 5
      vertex 29.2966 -24.316 5
    endloop
  endfacet
  facet normal 0.522708 0.852512 0
    outer loop
      vertex 28.7359 -26.6517 11.5
      vertex 28.8866 -26.7441 11.5
      vertex 28.7359 -26.6517 5
    endloop
  endfacet
  facet normal -0.923844 0.38277 6.78604e-08
    outer loop
      vertex 30.6583 -26.1902 5
      vertex 30.6687 -26.1651 11.5
      vertex 30.7364 -26.0017 5
    endloop
  endfacet
  facet normal -0.923837 0.382785 0
    outer loop
      vertex 30.6687 -26.1651 11.5
      vertex 30.6583 -26.1902 5
      vertex 30.6583 -26.1902 11.5
    endloop
  endfacet
  facet normal 0 -0 1
    outer loop
      vertex 30.5517 -26.3641 5
      vertex 30.784 -25.8034 5
      vertex 30.4192 -26.5192 5
    endloop
  endfacet
  facet normal 0.382968 0.923762 0
    outer loop
      vertex 28.9098 -26.7583 11.5
      vertex 29.0731 -26.826 11.5
      vertex 28.9098 -26.7583 5
    endloop
  endfacet
  facet normal 0.233608 0.972331 0
    outer loop
      vertex 29.2966 -26.884 11.5
      vertex 29.2966 -26.884 5
      vertex 29.1247 -26.8427 11.5
    endloop
  endfacet
  facet normal -0 -0 1
    outer loop
      vertex 29.0983 -26.8364 5
      vertex 29.2966 -26.884 5
      vertex 28.7359 -26.6517 5
    endloop
  endfacet
  facet normal -0 -0 1
    outer loop
      vertex 28.9098 -26.7583 5
      vertex 29.0983 -26.8364 5
      vertex 28.7359 -26.6517 5
    endloop
  endfacet
  facet normal 0.381488 0.924374 -0
    outer loop
      vertex 29.0983 -26.8364 5
      vertex 29.0731 -26.826 11.5
      vertex 29.0983 -26.8364 11.5
    endloop
  endfacet
  facet normal 0.38277 0.923844 5.82091e-06
    outer loop
      vertex 29.0731 -26.826 11.5
      vertex 29.0983 -26.8364 5
      vertex 28.9098 -26.7583 5
    endloop
  endfacet
  facet normal 0.972459 0.233073 0
    outer loop
      vertex 28.2636 -26.0017 11.5
      vertex 28.2636 -26.0017 5
      vertex 28.2224 -25.8298 11.5
    endloop
  endfacet
  facet normal -0 -0 1
    outer loop
      vertex 28.2636 -26.0017 5
      vertex 28.3417 -26.1902 5
      vertex 28.216 -25.8034 5
    endloop
  endfacet
  facet normal -0 -0 1
    outer loop
      vertex 28.3417 -26.1902 5
      vertex 28.4483 -26.3641 5
      vertex 28.216 -25.8034 5
    endloop
  endfacet
  facet normal -0.972378 -0.23341 -9.41486e-06
    outer loop
      vertex 30.784 -25.3966 5
      vertex 30.7776 -25.3702 11.5
      vertex 30.7364 -25.1983 5
    endloop
  endfacet
  facet normal -0.97185 -0.2356 0
    outer loop
      vertex 30.7776 -25.3702 11.5
      vertex 30.784 -25.3966 5
      vertex 30.784 -25.3966 11.5
    endloop
  endfacet
  facet normal -0.997011 -0.0772592 0
    outer loop
      vertex 30.784 -25.3966 5
      vertex 30.7861 -25.4237 11.5
      vertex 30.784 -25.3966 11.5
    endloop
  endfacet
  facet normal -0.99692 -0.0784205 -4.87112e-06
    outer loop
      vertex 30.7861 -25.4237 11.5
      vertex 30.784 -25.3966 5
      vertex 30.8 -25.6 5
    endloop
  endfacet
  facet normal -0.972459 -0.233073 0
    outer loop
      vertex 30.7776 -25.3702 11.5
      vertex 30.7364 -25.1983 11.5
      vertex 30.7364 -25.1983 5
    endloop
  endfacet
  facet normal -0.923845 -0.382768 0
    outer loop
      vertex 30.7364 -25.1983 5
      vertex 30.7364 -25.1983 11.5
      vertex 30.6687 -25.0349 11.5
    endloop
  endfacet
  facet normal -0.649207 -0.760612 0
    outer loop
      vertex 30.3986 -24.6631 11.5
      vertex 30.2641 -24.5483 11.5
      vertex 30.2641 -24.5483 5
    endloop
  endfacet
  facet normal -0.758476 -0.651701 0
    outer loop
      vertex 30.4192 -24.6808 5
      vertex 30.4369 -24.7014 11.5
      vertex 30.4192 -24.6808 11.5
    endloop
  endfacet
  facet normal -0.760328 -0.649539 1.18934e-05
    outer loop
      vertex 30.4369 -24.7014 11.5
      vertex 30.4192 -24.6808 5
      vertex 30.5517 -24.8359 5
    endloop
  endfacet
  facet normal 0 0 1
    outer loop
      vertex 30.5517 -24.8359 5
      vertex 30.4192 -24.6808 5
      vertex 30.2641 -24.5483 5
    endloop
  endfacet
  facet normal 0.923837 -0.382785 0
    outer loop
      vertex 28.3313 -25.0349 11.5
      vertex 28.3417 -25.0098 5
      vertex 28.3417 -25.0098 11.5
    endloop
  endfacet
  facet normal 0.923844 -0.38277 6.78604e-08
    outer loop
      vertex 28.3417 -25.0098 5
      vertex 28.3313 -25.0349 11.5
      vertex 28.2636 -25.1983 5
    endloop
  endfacet
  facet normal 0 0 1
    outer loop
      vertex 28.7359 -24.5483 5
      vertex 28.5808 -24.6808 5
      vertex 28.4483 -24.8359 5
    endloop
  endfacet
  facet normal 0.758476 -0.651701 0
    outer loop
      vertex 28.5631 -24.7014 11.5
      vertex 28.5808 -24.6808 5
      vertex 28.5808 -24.6808 11.5
    endloop
  endfacet
  facet normal 0.760328 -0.649539 1.18934e-05
    outer loop
      vertex 28.5808 -24.6808 5
      vertex 28.5631 -24.7014 11.5
      vertex 28.4483 -24.8359 5
    endloop
  endfacet
  facet normal 0.97185 -0.2356 0
    outer loop
      vertex 28.216 -25.3966 5
      vertex 28.2224 -25.3702 11.5
      vertex 28.216 -25.3966 11.5
    endloop
  endfacet
  facet normal 0.972378 -0.23341 -9.41486e-06
    outer loop
      vertex 28.2224 -25.3702 11.5
      vertex 28.216 -25.3966 5
      vertex 28.2636 -25.1983 5
    endloop
  endfacet
  facet normal 0 0 1
    outer loop
      vertex 28.2636 -25.1983 5
      vertex 28.216 -25.3966 5
      vertex 28.2 -25.6 5
    endloop
  endfacet
  facet normal 0 0 1
    outer loop
      vertex 29.2966 -24.316 5
      vertex 28.7359 -24.5483 5
      vertex 28.3417 -25.0098 5
    endloop
  endfacet
  facet normal 0 0 1
    outer loop
      vertex 28.7359 -24.5483 5
      vertex 28.4483 -24.8359 5
      vertex 28.3417 -25.0098 5
    endloop
  endfacet
  facet normal -0.232119 0.972687 0
    outer loop
      vertex 29.9017 -26.8364 5
      vertex 29.8753 -26.8427 11.5
      vertex 29.9017 -26.8364 11.5
    endloop
  endfacet
  facet normal -0.23341 0.972378 -5.54481e-06
    outer loop
      vertex 29.8753 -26.8427 11.5
      vertex 29.9017 -26.8364 5
      vertex 29.7034 -26.884 5
    endloop
  endfacet
  facet normal 0 -0 1
    outer loop
      vertex 29.9017 -26.8364 5
      vertex 30.2641 -26.6517 5
      vertex 29.7034 -26.884 5
    endloop
  endfacet
  facet normal -0.649207 0.760612 0
    outer loop
      vertex 30.2641 -26.6517 11.5
      vertex 30.3986 -26.5369 11.5
      vertex 30.2641 -26.6517 5
    endloop
  endfacet
  facet normal -0.923845 0.382768 0
    outer loop
      vertex 30.7364 -26.0017 11.5
      vertex 30.7364 -26.0017 5
      vertex 30.6687 -26.1651 11.5
    endloop
  endfacet
  facet normal -0.972459 0.233073 0
    outer loop
      vertex 30.7364 -26.0017 11.5
      vertex 30.7776 -25.8298 11.5
      vertex 30.7364 -26.0017 5
    endloop
  endfacet
  facet normal 0.760328 0.649539 0
    outer loop
      vertex 28.5808 -26.5192 11.5
      vertex 28.4483 -26.3641 5
      vertex 28.4483 -26.3641 11.5
    endloop
  endfacet
  facet normal 0.760328 0.649539 0
    outer loop
      vertex 28.4483 -26.3641 5
      vertex 28.5808 -26.5192 11.5
      vertex 28.5808 -26.5192 5
    endloop
  endfacet
  facet normal 0.522045 0.852918 -0
    outer loop
      vertex 28.9098 -26.7583 5
      vertex 28.8866 -26.7441 11.5
      vertex 28.9098 -26.7583 11.5
    endloop
  endfacet
  facet normal 0.52262 0.852566 2.82089e-06
    outer loop
      vertex 28.8866 -26.7441 11.5
      vertex 28.9098 -26.7583 5
      vertex 28.7359 -26.6517 5
    endloop
  endfacet
  facet normal 0.649207 0.760612 0
    outer loop
      vertex 28.7359 -26.6517 11.5
      vertex 28.7359 -26.6517 5
      vertex 28.6014 -26.5369 11.5
    endloop
  endfacet
  facet normal 0.649539 0.760328 1.18934e-05
    outer loop
      vertex 28.5808 -26.5192 5
      vertex 28.6014 -26.5369 11.5
      vertex 28.7359 -26.6517 5
    endloop
  endfacet
  facet normal 0.651701 0.758476 0
    outer loop
      vertex 28.6014 -26.5369 11.5
      vertex 28.5808 -26.5192 5
      vertex 28.5808 -26.5192 11.5
    endloop
  endfacet
  facet normal -0 -0 1
    outer loop
      vertex 28.7359 -26.6517 5
      vertex 29.2966 -26.884 5
      vertex 28.5808 -26.5192 5
    endloop
  endfacet
  facet normal -0.760612 -0.649207 0
    outer loop
      vertex 30.5517 -24.8359 5
      vertex 30.5517 -24.8359 11.5
      vertex 30.4369 -24.7014 11.5
    endloop
  endfacet
  facet normal 0.52262 -0.852566 0
    outer loop
      vertex 28.7359 -24.5483 5
      vertex 28.9098 -24.4417 11.5
      vertex 28.7359 -24.5483 11.5
    endloop
  endfacet
  facet normal 0.52262 -0.852566 0
    outer loop
      vertex 28.9098 -24.4417 11.5
      vertex 28.7359 -24.5483 5
      vertex 28.9098 -24.4417 5
    endloop
  endfacet
  facet normal 0 0 1
    outer loop
      vertex 29.2966 -24.316 5
      vertex 28.9098 -24.4417 5
      vertex 28.7359 -24.5483 5
    endloop
  endfacet
  facet normal -0.0769768 0.997033 0
    outer loop
      vertex 29.7034 -26.884 5
      vertex 29.6762 -26.8861 11.5
      vertex 29.7034 -26.884 11.5
    endloop
  endfacet
  facet normal -0.0784205 0.99692 -6.07759e-06
    outer loop
      vertex 29.6762 -26.8861 11.5
      vertex 29.7034 -26.884 5
      vertex 29.5 -26.9 5
    endloop
  endfacet
  facet normal -0.233608 0.972331 0
    outer loop
      vertex 29.7034 -26.884 11.5
      vertex 29.8753 -26.8427 11.5
      vertex 29.7034 -26.884 5
    endloop
  endfacet
  facet normal -0.38277 0.923844 5.82091e-06
    outer loop
      vertex 29.9017 -26.8364 5
      vertex 29.9269 -26.826 11.5
      vertex 30.0902 -26.7583 5
    endloop
  endfacet
  facet normal -0.381488 0.924374 0
    outer loop
      vertex 29.9269 -26.826 11.5
      vertex 29.9017 -26.8364 5
      vertex 29.9017 -26.8364 11.5
    endloop
  endfacet
  facet normal 0 -0 1
    outer loop
      vertex 30.0902 -26.7583 5
      vertex 30.2641 -26.6517 5
      vertex 29.9017 -26.8364 5
    endloop
  endfacet
  facet normal 0.852512 -0.522708 0
    outer loop
      vertex 28.4483 -24.8359 5
      vertex 28.4483 -24.8359 11.5
      vertex 28.3559 -24.9866 11.5
    endloop
  endfacet
  facet normal -0.996908 0.0785741 -4.30646e-06
    outer loop
      vertex 30.784 -114.603 5
      vertex 30.7861 -114.576 11.5
      vertex 30.8 -114.4 5
    endloop
  endfacet
  facet normal -0.996989 0.0775436 0
    outer loop
      vertex 30.7861 -114.576 11.5
      vertex 30.784 -114.603 5
      vertex 30.784 -114.603 11.5
    endloop
  endfacet
  facet normal 0.996989 0.0775436 -0
    outer loop
      vertex 28.216 -114.603 5
      vertex 28.2139 -114.576 11.5
      vertex 28.216 -114.603 11.5
    endloop
  endfacet
  facet normal 0.996908 0.0785741 -4.30646e-06
    outer loop
      vertex 28.2139 -114.576 11.5
      vertex 28.216 -114.603 5
      vertex 28.2 -114.4 5
    endloop
  endfacet
  facet normal -0.97249 0.232945 0
    outer loop
      vertex 30.7364 -114.802 11.5
      vertex 30.7776 -114.63 11.5
      vertex 30.7364 -114.802 5
    endloop
  endfacet
  facet normal -0.996896 0.0787321 0
    outer loop
      vertex 30.8 -114.4 11.5
      vertex 30.8 -114.4 5
      vertex 30.7861 -114.576 11.5
    endloop
  endfacet
  facet normal -0.235263 0.971932 0
    outer loop
      vertex 29.9017 -115.636 5
      vertex 29.7034 -115.684 11.5
      vertex 29.9017 -115.636 11.5
    endloop
  endfacet
  facet normal -0.235263 0.971932 0
    outer loop
      vertex 29.7034 -115.684 11.5
      vertex 29.9017 -115.636 5
      vertex 29.7034 -115.684 5
    endloop
  endfacet
  facet normal 0.8527 -0.522401 0
    outer loop
      vertex 28.3417 -113.81 11.5
      vertex 28.4483 -113.636 5
      vertex 28.4483 -113.636 11.5
    endloop
  endfacet
  facet normal 0.8527 -0.522401 0
    outer loop
      vertex 28.4483 -113.636 5
      vertex 28.3417 -113.81 11.5
      vertex 28.3417 -113.81 5
    endloop
  endfacet
  facet normal -0 -0 1
    outer loop
      vertex 28.4483 -115.164 5
      vertex 28.5808 -115.319 5
      vertex 28.216 -114.603 5
    endloop
  endfacet
  facet normal -0 -0 1
    outer loop
      vertex 28.216 -114.603 5
      vertex 28.5808 -115.319 5
      vertex 28.2 -114.4 5
    endloop
  endfacet
  facet normal 0 -0 1
    outer loop
      vertex 29.5 -115.7 5
      vertex 29.7034 -115.684 5
      vertex 29.2966 -115.684 5
    endloop
  endfacet
  facet normal 0 -0 1
    outer loop
      vertex 29.9017 -115.636 5
      vertex 30.0902 -115.558 5
      vertex 29.7034 -115.684 5
    endloop
  endfacet
  facet normal -0.0733314 0.997308 0
    outer loop
      vertex 29.7034 -115.684 5
      vertex 29.6762 -115.686 11.5
      vertex 29.7034 -115.684 11.5
    endloop
  endfacet
  facet normal -0.0784205 0.99692 -2.14148e-05
    outer loop
      vertex 29.6762 -115.686 11.5
      vertex 29.7034 -115.684 5
      vertex 29.5 -115.7 5
    endloop
  endfacet
  facet normal 0 0 1
    outer loop
      vertex 28.9098 -113.242 5
      vertex 28.7359 -113.348 5
      vertex 28.2 -114.4 5
    endloop
  endfacet
  facet normal -0.657987 0.753029 0
    outer loop
      vertex 30.4192 -115.319 5
      vertex 30.3986 -115.337 11.5
      vertex 30.4192 -115.319 11.5
    endloop
  endfacet
  facet normal -0.650953 0.759118 3.9155e-05
    outer loop
      vertex 30.3986 -115.337 11.5
      vertex 30.4192 -115.319 5
      vertex 30.2641 -115.452 5
    endloop
  endfacet
  facet normal -0.0784205 -0.99692 0
    outer loop
      vertex 29.5 -113.1 5
      vertex 29.7034 -113.116 11.5
      vertex 29.5 -113.1 11.5
    endloop
  endfacet
  facet normal -0.0784205 -0.99692 -0
    outer loop
      vertex 29.7034 -113.116 11.5
      vertex 29.5 -113.1 5
      vertex 29.7034 -113.116 5
    endloop
  endfacet
  facet normal 0.520476 -0.853876 0
    outer loop
      vertex 28.7359 -113.348 5
      vertex 28.9098 -113.242 11.5
      vertex 28.7359 -113.348 11.5
    endloop
  endfacet
  facet normal 0.520476 -0.853876 0
    outer loop
      vertex 28.9098 -113.242 11.5
      vertex 28.7359 -113.348 5
      vertex 28.9098 -113.242 5
    endloop
  endfacet
  facet normal 0.973038 -0.230646 0
    outer loop
      vertex 28.216 -114.197 5
      vertex 28.2224 -114.17 11.5
      vertex 28.216 -114.197 11.5
    endloop
  endfacet
  facet normal 0.972564 -0.232634 8.72188e-06
    outer loop
      vertex 28.2224 -114.17 11.5
      vertex 28.216 -114.197 5
      vertex 28.2636 -113.998 5
    endloop
  endfacet
  facet normal 0.64986 0.760054 0
    outer loop
      vertex 28.7359 -115.452 11.5
      vertex 28.7359 -115.452 5
      vertex 28.6014 -115.337 11.5
    endloop
  endfacet
  facet normal -0.64986 0.760054 0
    outer loop
      vertex 30.2641 -115.452 11.5
      vertex 30.3986 -115.337 11.5
      vertex 30.2641 -115.452 5
    endloop
  endfacet
  facet normal -0.7618 -0.647812 0
    outer loop
      vertex 30.5517 -113.636 5
      vertex 30.5517 -113.636 11.5
      vertex 30.4369 -113.501 11.5
    endloop
  endfacet
  facet normal -0 0 1
    outer loop
      vertex 28.9098 -113.242 5
      vertex 30.8 -114.4 5
      vertex 30.0902 -113.242 5
    endloop
  endfacet
  facet normal 0 0 1
    outer loop
      vertex 30.8 -114.4 5
      vertex 28.9098 -113.242 5
      vertex 28.2 -114.4 5
    endloop
  endfacet
  facet normal 0 0 1
    outer loop
      vertex 28.7359 -113.348 5
      vertex 28.5808 -113.481 5
      vertex 28.4483 -113.636 5
    endloop
  endfacet
  facet normal -0.382352 -0.924017 8.72546e-05
    outer loop
      vertex 30.0902 -113.242 5
      vertex 30.0651 -113.231 11.5
      vertex 29.9017 -113.164 5
    endloop
  endfacet
  facet normal -0.401393 -0.915906 0
    outer loop
      vertex 30.0651 -113.231 11.5
      vertex 30.0902 -113.242 5
      vertex 30.0902 -113.242 11.5
    endloop
  endfacet
  facet normal -0.748854 -0.662735 0
    outer loop
      vertex 30.4192 -113.481 5
      vertex 30.4369 -113.501 11.5
      vertex 30.4192 -113.481 11.5
    endloop
  endfacet
  facet normal -0.760121 -0.649781 7.05423e-05
    outer loop
      vertex 30.4369 -113.501 11.5
      vertex 30.4192 -113.481 5
      vertex 30.5517 -113.636 5
    endloop
  endfacet
  facet normal 0.650139 -0.759815 0
    outer loop
      vertex 28.7152 -113.366 11.5
      vertex 28.5808 -113.481 11.5
      vertex 28.5808 -113.481 5
    endloop
  endfacet
  facet normal 0.235263 0.971932 0
    outer loop
      vertex 29.2966 -115.684 11.5
      vertex 29.0983 -115.636 5
      vertex 29.0983 -115.636 11.5
    endloop
  endfacet
  facet normal 0.235263 0.971932 0
    outer loop
      vertex 29.0983 -115.636 5
      vertex 29.2966 -115.684 11.5
      vertex 29.2966 -115.684 5
    endloop
  endfacet
  facet normal 0.996896 0.0787321 0
    outer loop
      vertex 28.2 -114.4 11.5
      vertex 28.2139 -114.576 11.5
      vertex 28.2 -114.4 5
    endloop
  endfacet
  facet normal -0 -0 1
    outer loop
      vertex 28.5808 -115.319 5
      vertex 29.2966 -115.684 5
      vertex 28.2 -114.4 5
    endloop
  endfacet
  facet normal -0 -0 1
    outer loop
      vertex 28.3417 -114.99 5
      vertex 28.4483 -115.164 5
      vertex 28.216 -114.603 5
    endloop
  endfacet
  facet normal 0 -0 1
    outer loop
      vertex 30.2641 -115.452 5
      vertex 30.4192 -115.319 5
      vertex 30.0902 -115.558 5
    endloop
  endfacet
  facet normal 0 0 1
    outer loop
      vertex 30.8 -114.4 5
      vertex 30.2641 -113.348 5
      vertex 30.0902 -113.242 5
    endloop
  endfacet
  facet normal 0 0 1
    outer loop
      vertex 30.5517 -113.636 5
      vertex 30.4192 -113.481 5
      vertex 30.2641 -113.348 5
    endloop
  endfacet
  facet normal -0.520476 -0.853876 0
    outer loop
      vertex 30.0902 -113.242 5
      vertex 30.2641 -113.348 11.5
      vertex 30.0902 -113.242 11.5
    endloop
  endfacet
  facet normal -0.520476 -0.853876 -0
    outer loop
      vertex 30.2641 -113.348 11.5
      vertex 30.0902 -113.242 5
      vertex 30.2641 -113.348 5
    endloop
  endfacet
  facet normal -0.8527 -0.522401 0
    outer loop
      vertex 30.6583 -113.81 5
      vertex 30.5517 -113.636 11.5
      vertex 30.5517 -113.636 5
    endloop
  endfacet
  facet normal -0.8527 -0.522401 0
    outer loop
      vertex 30.5517 -113.636 11.5
      vertex 30.6583 -113.81 5
      vertex 30.6583 -113.81 11.5
    endloop
  endfacet
  facet normal 0 0 1
    outer loop
      vertex 30.8 -114.4 5
      vertex 30.7364 -113.998 5
      vertex 30.6583 -113.81 5
    endloop
  endfacet
  facet normal -0.996896 -0.0787321 0
    outer loop
      vertex 30.7979 -114.373 11.5
      vertex 30.784 -114.197 11.5
      vertex 30.784 -114.197 5
    endloop
  endfacet
  facet normal -0.996908 -0.0785741 4.30646e-06
    outer loop
      vertex 30.8 -114.4 5
      vertex 30.7979 -114.373 11.5
      vertex 30.784 -114.197 5
    endloop
  endfacet
  facet normal -0.996989 -0.0775436 0
    outer loop
      vertex 30.7979 -114.373 11.5
      vertex 30.8 -114.4 5
      vertex 30.8 -114.4 11.5
    endloop
  endfacet
  facet normal 0.235263 -0.971932 0
    outer loop
      vertex 29.0983 -113.164 5
      vertex 29.2966 -113.116 11.5
      vertex 29.0983 -113.164 11.5
    endloop
  endfacet
  facet normal 0.235263 -0.971932 0
    outer loop
      vertex 29.2966 -113.116 11.5
      vertex 29.0983 -113.164 5
      vertex 29.2966 -113.116 5
    endloop
  endfacet
  facet normal 0.650953 -0.759118 -2.91404e-05
    outer loop
      vertex 28.7359 -113.348 5
      vertex 28.7152 -113.366 11.5
      vertex 28.5808 -113.481 5
    endloop
  endfacet
  facet normal 0.656179 -0.754606 0
    outer loop
      vertex 28.7152 -113.366 11.5
      vertex 28.7359 -113.348 5
      vertex 28.7359 -113.348 11.5
    endloop
  endfacet
  facet normal 0.996989 -0.0775436 0
    outer loop
      vertex 28.2 -114.4 5
      vertex 28.2021 -114.373 11.5
      vertex 28.2 -114.4 11.5
    endloop
  endfacet
  facet normal 0.996908 -0.0785741 4.30646e-06
    outer loop
      vertex 28.2021 -114.373 11.5
      vertex 28.2 -114.4 5
      vertex 28.216 -114.197 5
    endloop
  endfacet
  facet normal 0.748854 -0.662735 0
    outer loop
      vertex 28.5631 -113.501 11.5
      vertex 28.5808 -113.481 5
      vertex 28.5808 -113.481 11.5
    endloop
  endfacet
  facet normal 0.760121 -0.649781 7.05423e-05
    outer loop
      vertex 28.5808 -113.481 5
      vertex 28.5631 -113.501 11.5
      vertex 28.4483 -113.636 5
    endloop
  endfacet
  facet normal 0 0 1
    outer loop
      vertex 29.2966 -113.116 5
      vertex 29.0983 -113.164 5
      vertex 28.9098 -113.242 5
    endloop
  endfacet
  facet normal 0.97249 0.232945 0
    outer loop
      vertex 28.2636 -114.802 11.5
      vertex 28.2636 -114.802 5
      vertex 28.2224 -114.63 11.5
    endloop
  endfacet
  facet normal 0.852974 0.521953 0
    outer loop
      vertex 28.3417 -114.99 11.5
      vertex 28.4341 -115.141 11.5
      vertex 28.3417 -114.99 5
    endloop
  endfacet
  facet normal 0.0784205 0.99692 -2.02084e-05
    outer loop
      vertex 29.2966 -115.684 5
      vertex 29.3237 -115.686 11.5
      vertex 29.5 -115.7 5
    endloop
  endfacet
  facet normal 0.0736006 0.997288 0
    outer loop
      vertex 29.3237 -115.686 11.5
      vertex 29.2966 -115.684 5
      vertex 29.2966 -115.684 11.5
    endloop
  endfacet
  facet normal 0 -0 1
    outer loop
      vertex 30.0902 -115.558 5
      vertex 30.4192 -115.319 5
      vertex 29.7034 -115.684 5
    endloop
  endfacet
  facet normal 0 0 1
    outer loop
      vertex 30.8 -114.4 5
      vertex 29.2966 -115.684 5
      vertex 29.7034 -115.684 5
    endloop
  endfacet
  facet normal 0 -0 1
    outer loop
      vertex 29.2966 -115.684 5
      vertex 30.8 -114.4 5
      vertex 28.2 -114.4 5
    endloop
  endfacet
  facet normal -0.384415 0.923161 0
    outer loop
      vertex 30.0902 -115.558 11.5
      vertex 30.0902 -115.558 5
      vertex 29.9269 -115.626 11.5
    endloop
  endfacet
  facet normal 0 -0 1
    outer loop
      vertex 30.5517 -115.164 5
      vertex 30.784 -114.603 5
      vertex 30.4192 -115.319 5
    endloop
  endfacet
  facet normal -0.852974 0.521953 0
    outer loop
      vertex 30.6583 -114.99 11.5
      vertex 30.6583 -114.99 5
      vertex 30.5659 -115.141 11.5
    endloop
  endfacet
  facet normal -0.923483 0.383639 0
    outer loop
      vertex 30.6583 -114.99 5
      vertex 30.7364 -114.802 11.5
      vertex 30.7364 -114.802 5
    endloop
  endfacet
  facet normal -0.923483 0.383639 0
    outer loop
      vertex 30.7364 -114.802 11.5
      vertex 30.6583 -114.99 5
      vertex 30.6583 -114.99 11.5
    endloop
  endfacet
  facet normal 0 0 1
    outer loop
      vertex 30.0902 -113.242 5
      vertex 29.9017 -113.164 5
      vertex 29.7034 -113.116 5
    endloop
  endfacet
  facet normal -0.379382 -0.92524 0
    outer loop
      vertex 30.0651 -113.231 11.5
      vertex 29.9017 -113.164 11.5
      vertex 29.9017 -113.164 5
    endloop
  endfacet
  facet normal -0.923483 -0.383639 0
    outer loop
      vertex 30.7364 -113.998 5
      vertex 30.6583 -113.81 11.5
      vertex 30.6583 -113.81 5
    endloop
  endfacet
  facet normal -0.923483 -0.383639 0
    outer loop
      vertex 30.6583 -113.81 11.5
      vertex 30.7364 -113.998 5
      vertex 30.7364 -113.998 11.5
    endloop
  endfacet
  facet normal -0.97249 -0.232945 0
    outer loop
      vertex 30.7776 -114.17 11.5
      vertex 30.7364 -113.998 11.5
      vertex 30.7364 -113.998 5
    endloop
  endfacet
  facet normal 0 0 1
    outer loop
      vertex 30.6583 -113.81 5
      vertex 30.5517 -113.636 5
      vertex 30.2641 -113.348 5
    endloop
  endfacet
  facet normal 0 0 1
    outer loop
      vertex 30.8 -114.4 5
      vertex 30.6583 -113.81 5
      vertex 30.2641 -113.348 5
    endloop
  endfacet
  facet normal 0.973038 0.230646 0
    outer loop
      vertex 28.2224 -114.63 11.5
      vertex 28.216 -114.603 5
      vertex 28.216 -114.603 11.5
    endloop
  endfacet
  facet normal 0.972564 0.232634 8.72188e-06
    outer loop
      vertex 28.216 -114.603 5
      vertex 28.2224 -114.63 11.5
      vertex 28.2636 -114.802 5
    endloop
  endfacet
  facet normal 0.379382 -0.92524 0
    outer loop
      vertex 29.0983 -113.164 5
      vertex 29.0983 -113.164 11.5
      vertex 28.9349 -113.231 11.5
    endloop
  endfacet
  facet normal -0.235263 -0.971932 0
    outer loop
      vertex 29.7034 -113.116 5
      vertex 29.9017 -113.164 11.5
      vertex 29.7034 -113.116 11.5
    endloop
  endfacet
  facet normal -0.235263 -0.971932 -0
    outer loop
      vertex 29.9017 -113.164 11.5
      vertex 29.7034 -113.116 5
      vertex 29.9017 -113.164 5
    endloop
  endfacet
  facet normal 0 0 1
    outer loop
      vertex 28.7359 -113.348 5
      vertex 28.4483 -113.636 5
      vertex 28.3417 -113.81 5
    endloop
  endfacet
  facet normal 0.923483 -0.383639 0
    outer loop
      vertex 28.2636 -113.998 11.5
      vertex 28.3417 -113.81 5
      vertex 28.3417 -113.81 11.5
    endloop
  endfacet
  facet normal 0.923483 -0.383639 0
    outer loop
      vertex 28.3417 -113.81 5
      vertex 28.2636 -113.998 11.5
      vertex 28.2636 -113.998 5
    endloop
  endfacet
  facet normal 0.7618 -0.647812 0
    outer loop
      vertex 28.5631 -113.501 11.5
      vertex 28.4483 -113.636 11.5
      vertex 28.4483 -113.636 5
    endloop
  endfacet
  facet normal 0.996896 -0.0787321 0
    outer loop
      vertex 28.216 -114.197 5
      vertex 28.216 -114.197 11.5
      vertex 28.2021 -114.373 11.5
    endloop
  endfacet
  facet normal 0.0784205 -0.99692 0
    outer loop
      vertex 29.2966 -113.116 5
      vertex 29.5 -113.1 11.5
      vertex 29.2966 -113.116 11.5
    endloop
  endfacet
  facet normal 0.0784205 -0.99692 0
    outer loop
      vertex 29.5 -113.1 11.5
      vertex 29.2966 -113.116 5
      vertex 29.5 -113.1 5
    endloop
  endfacet
  facet normal -0 -0 1
    outer loop
      vertex 28.9098 -115.558 5
      vertex 29.2966 -115.684 5
      vertex 28.5808 -115.319 5
    endloop
  endfacet
  facet normal -0 -0 1
    outer loop
      vertex 28.7359 -115.452 5
      vertex 28.9098 -115.558 5
      vertex 28.5808 -115.319 5
    endloop
  endfacet
  facet normal -0.8527 0.522401 1.43248e-05
    outer loop
      vertex 30.5517 -115.164 5
      vertex 30.5659 -115.141 11.5
      vertex 30.6583 -114.99 5
    endloop
  endfacet
  facet normal -0.850895 0.525335 0
    outer loop
      vertex 30.5659 -115.141 11.5
      vertex 30.5517 -115.164 5
      vertex 30.5517 -115.164 11.5
    endloop
  endfacet
  facet normal 0 -0 1
    outer loop
      vertex 30.6583 -114.99 5
      vertex 30.784 -114.603 5
      vertex 30.5517 -115.164 5
    endloop
  endfacet
  facet normal -0.760121 0.649781 0
    outer loop
      vertex 30.4192 -115.319 5
      vertex 30.5517 -115.164 11.5
      vertex 30.5517 -115.164 5
    endloop
  endfacet
  facet normal -0.760121 0.649781 0
    outer loop
      vertex 30.5517 -115.164 11.5
      vertex 30.4192 -115.319 5
      vertex 30.4192 -115.319 11.5
    endloop
  endfacet
  facet normal -0.382352 0.924017 6.07841e-05
    outer loop
      vertex 29.9017 -115.636 5
      vertex 29.9269 -115.626 11.5
      vertex 30.0902 -115.558 5
    endloop
  endfacet
  facet normal -0.368846 0.929491 0
    outer loop
      vertex 29.9269 -115.626 11.5
      vertex 29.9017 -115.636 5
      vertex 29.9017 -115.636 11.5
    endloop
  endfacet
  facet normal -0.0792055 0.996858 0
    outer loop
      vertex 29.5 -115.7 11.5
      vertex 29.6762 -115.686 11.5
      vertex 29.5 -115.7 5
    endloop
  endfacet
  facet normal 0.0791609 0.996862 0
    outer loop
      vertex 29.5 -115.7 11.5
      vertex 29.5 -115.7 5
      vertex 29.3237 -115.686 11.5
    endloop
  endfacet
  facet normal -0.520476 0.853876 0
    outer loop
      vertex 30.2641 -115.452 5
      vertex 30.0902 -115.558 11.5
      vertex 30.2641 -115.452 11.5
    endloop
  endfacet
  facet normal -0.520476 0.853876 0
    outer loop
      vertex 30.0902 -115.558 11.5
      vertex 30.2641 -115.452 5
      vertex 30.0902 -115.558 5
    endloop
  endfacet
  facet normal -0.656179 -0.754606 0
    outer loop
      vertex 30.2641 -113.348 5
      vertex 30.2848 -113.366 11.5
      vertex 30.2641 -113.348 11.5
    endloop
  endfacet
  facet normal -0.650953 -0.759118 -2.91404e-05
    outer loop
      vertex 30.2848 -113.366 11.5
      vertex 30.2641 -113.348 5
      vertex 30.4192 -113.481 5
    endloop
  endfacet
  facet normal -0.650139 -0.759815 0
    outer loop
      vertex 30.4192 -113.481 5
      vertex 30.4192 -113.481 11.5
      vertex 30.2848 -113.366 11.5
    endloop
  endfacet
  facet normal -0.972564 -0.232634 8.72188e-06
    outer loop
      vertex 30.784 -114.197 5
      vertex 30.7776 -114.17 11.5
      vertex 30.7364 -113.998 5
    endloop
  endfacet
  facet normal -0.973038 -0.230646 0
    outer loop
      vertex 30.7776 -114.17 11.5
      vertex 30.784 -114.197 5
      vertex 30.784 -114.197 11.5
    endloop
  endfacet
  facet normal 0 0 1
    outer loop
      vertex 30.8 -114.4 5
      vertex 30.784 -114.197 5
      vertex 30.7364 -113.998 5
    endloop
  endfacet
  facet normal -0 -0 1
    outer loop
      vertex 28.2636 -114.802 5
      vertex 28.3417 -114.99 5
      vertex 28.216 -114.603 5
    endloop
  endfacet
  facet normal 0 0 1
    outer loop
      vertex 28.7359 -113.348 5
      vertex 28.3417 -113.81 5
      vertex 28.2 -114.4 5
    endloop
  endfacet
  facet normal 0.97249 -0.232945 0
    outer loop
      vertex 28.2636 -113.998 5
      vertex 28.2636 -113.998 11.5
      vertex 28.2224 -114.17 11.5
    endloop
  endfacet
  facet normal -0 0 1
    outer loop
      vertex 29.2966 -113.116 5
      vertex 30.0902 -113.242 5
      vertex 29.7034 -113.116 5
    endloop
  endfacet
  facet normal 0 0 1
    outer loop
      vertex 30.0902 -113.242 5
      vertex 29.2966 -113.116 5
      vertex 28.9098 -113.242 5
    endloop
  endfacet
  facet normal 0.401393 -0.915906 0
    outer loop
      vertex 28.9098 -113.242 5
      vertex 28.9349 -113.231 11.5
      vertex 28.9098 -113.242 11.5
    endloop
  endfacet
  facet normal 0.382352 -0.924017 8.72546e-05
    outer loop
      vertex 28.9349 -113.231 11.5
      vertex 28.9098 -113.242 5
      vertex 29.0983 -113.164 5
    endloop
  endfacet
  facet normal -0 -0 1
    outer loop
      vertex 29.0983 -115.636 5
      vertex 29.2966 -115.684 5
      vertex 28.9098 -115.558 5
    endloop
  endfacet
  facet normal 0.368846 0.929491 -0
    outer loop
      vertex 29.0983 -115.636 5
      vertex 29.0731 -115.626 11.5
      vertex 29.0983 -115.636 11.5
    endloop
  endfacet
  facet normal 0.382352 0.924017 6.07841e-05
    outer loop
      vertex 29.0731 -115.626 11.5
      vertex 29.0983 -115.636 5
      vertex 28.9098 -115.558 5
    endloop
  endfacet
  facet normal 0.760121 0.649781 0
    outer loop
      vertex 28.5808 -115.319 11.5
      vertex 28.4483 -115.164 5
      vertex 28.4483 -115.164 11.5
    endloop
  endfacet
  facet normal 0.760121 0.649781 0
    outer loop
      vertex 28.4483 -115.164 5
      vertex 28.5808 -115.319 11.5
      vertex 28.5808 -115.319 5
    endloop
  endfacet
  facet normal 0.850895 0.525335 -0
    outer loop
      vertex 28.4483 -115.164 5
      vertex 28.4341 -115.141 11.5
      vertex 28.4483 -115.164 11.5
    endloop
  endfacet
  facet normal 0.8527 0.522401 1.43248e-05
    outer loop
      vertex 28.4341 -115.141 11.5
      vertex 28.4483 -115.164 5
      vertex 28.3417 -114.99 5
    endloop
  endfacet
  facet normal 0 -0 1
    outer loop
      vertex 30.7364 -114.802 5
      vertex 30.784 -114.603 5
      vertex 30.6583 -114.99 5
    endloop
  endfacet
  facet normal -0.973038 0.230646 0
    outer loop
      vertex 30.784 -114.603 5
      vertex 30.7776 -114.63 11.5
      vertex 30.784 -114.603 11.5
    endloop
  endfacet
  facet normal -0.972564 0.232634 8.72188e-06
    outer loop
      vertex 30.7776 -114.63 11.5
      vertex 30.784 -114.603 5
      vertex 30.7364 -114.802 5
    endloop
  endfacet
  facet normal 0 -0 1
    outer loop
      vertex 30.4192 -115.319 5
      vertex 30.8 -114.4 5
      vertex 29.7034 -115.684 5
    endloop
  endfacet
  facet normal 0 -0 1
    outer loop
      vertex 30.784 -114.603 5
      vertex 30.8 -114.4 5
      vertex 30.4192 -115.319 5
    endloop
  endfacet
  facet normal 0.923483 0.383639 0
    outer loop
      vertex 28.3417 -114.99 11.5
      vertex 28.2636 -114.802 5
      vertex 28.2636 -114.802 11.5
    endloop
  endfacet
  facet normal 0.923483 0.383639 0
    outer loop
      vertex 28.2636 -114.802 5
      vertex 28.3417 -114.99 11.5
      vertex 28.3417 -114.99 5
    endloop
  endfacet
  facet normal 0 0 1
    outer loop
      vertex 28.3417 -113.81 5
      vertex 28.2636 -113.998 5
      vertex 28.2 -114.4 5
    endloop
  endfacet
  facet normal 0 0 1
    outer loop
      vertex 28.2636 -113.998 5
      vertex 28.216 -114.197 5
      vertex 28.2 -114.4 5
    endloop
  endfacet
  facet normal 0 0 1
    outer loop
      vertex 29.7034 -113.116 5
      vertex 29.5 -113.1 5
      vertex 29.2966 -113.116 5
    endloop
  endfacet
  facet normal 0.520476 0.853876 -0
    outer loop
      vertex 28.9098 -115.558 5
      vertex 28.7359 -115.452 11.5
      vertex 28.9098 -115.558 11.5
    endloop
  endfacet
  facet normal 0.520476 0.853876 0
    outer loop
      vertex 28.7359 -115.452 11.5
      vertex 28.9098 -115.558 5
      vertex 28.7359 -115.452 5
    endloop
  endfacet
  facet normal 0.384415 0.923161 0
    outer loop
      vertex 28.9098 -115.558 11.5
      vertex 29.0731 -115.626 11.5
      vertex 28.9098 -115.558 5
    endloop
  endfacet
  facet normal 0.650953 0.759118 3.9155e-05
    outer loop
      vertex 28.5808 -115.319 5
      vertex 28.6014 -115.337 11.5
      vertex 28.7359 -115.452 5
    endloop
  endfacet
  facet normal 0.657987 0.753029 0
    outer loop
      vertex 28.6014 -115.337 11.5
      vertex 28.5808 -115.319 5
      vertex 28.5808 -115.319 11.5
    endloop
  endfacet
  facet normal -0.996862 0.0791609 0
    outer loop
      vertex 153.784 -25.8034 11.5
      vertex 153.798 -25.6271 11.5
      vertex 153.784 -25.8034 5
    endloop
  endfacet
  facet normal -0.997288 0.0736006 0
    outer loop
      vertex 153.8 -25.6 5
      vertex 153.798 -25.6271 11.5
      vertex 153.8 -25.6 11.5
    endloop
  endfacet
  facet normal -0.99692 0.0784205 2.02084e-05
    outer loop
      vertex 153.798 -25.6271 11.5
      vertex 153.8 -25.6 5
      vertex 153.784 -25.8034 5
    endloop
  endfacet
  facet normal 0.996862 -0.0791609 0
    outer loop
      vertex 151.214 -25.4237 11.5
      vertex 151.2 -25.6 11.5
      vertex 151.2 -25.6 5
    endloop
  endfacet
  facet normal -0.915906 -0.401393 0
    outer loop
      vertex 153.658 -25.0098 5
      vertex 153.669 -25.0349 11.5
      vertex 153.658 -25.0098 11.5
    endloop
  endfacet
  facet normal -0.924017 -0.382352 8.72546e-05
    outer loop
      vertex 153.669 -25.0349 11.5
      vertex 153.658 -25.0098 5
      vertex 153.736 -25.1983 5
    endloop
  endfacet
  facet normal -0 -0 1
    outer loop
      vertex 151.581 -26.5192 5
      vertex 152.297 -26.884 5
      vertex 151.2 -25.6 5
    endloop
  endfacet
  facet normal -0 0 1
    outer loop
      vertex 152.297 -24.316 5
      vertex 152.703 -26.884 5
      vertex 152.703 -24.316 5
    endloop
  endfacet
  facet normal 0 0 1
    outer loop
      vertex 152.703 -26.884 5
      vertex 152.297 -24.316 5
      vertex 152.297 -26.884 5
    endloop
  endfacet
  facet normal 0.23348 -0.972362 0
    outer loop
      vertex 152.297 -24.316 5
      vertex 152.297 -24.316 11.5
      vertex 152.125 -24.3573 11.5
    endloop
  endfacet
  facet normal -0.0787321 0.996896 0
    outer loop
      vertex 152.5 -26.9 11.5
      vertex 152.676 -26.8861 11.5
      vertex 152.5 -26.9 5
    endloop
  endfacet
  facet normal 0.0785741 0.996908 -4.30646e-06
    outer loop
      vertex 152.297 -26.884 5
      vertex 152.324 -26.8861 11.5
      vertex 152.5 -26.9 5
    endloop
  endfacet
  facet normal 0.0775436 0.996989 0
    outer loop
      vertex 152.324 -26.8861 11.5
      vertex 152.297 -26.884 5
      vertex 152.297 -26.884 11.5
    endloop
  endfacet
  facet normal 0 -0 1
    outer loop
      vertex 153.658 -26.1902 5
      vertex 153.784 -25.8034 5
      vertex 153.552 -26.3641 5
    endloop
  endfacet
  facet normal 0.996862 0.0791609 0
    outer loop
      vertex 151.216 -25.8034 11.5
      vertex 151.216 -25.8034 5
      vertex 151.202 -25.6271 11.5
    endloop
  endfacet
  facet normal 0 0 1
    outer loop
      vertex 153.658 -25.0098 5
      vertex 153.264 -24.5483 5
      vertex 152.703 -24.316 5
    endloop
  endfacet
  facet normal 0.647812 -0.7618 0
    outer loop
      vertex 151.736 -24.5483 5
      vertex 151.736 -24.5483 11.5
      vertex 151.601 -24.6631 11.5
    endloop
  endfacet
  facet normal -0.522401 0.8527 -1.43248e-05
    outer loop
      vertex 153.09 -26.7583 5
      vertex 153.113 -26.7441 11.5
      vertex 153.264 -26.6517 5
    endloop
  endfacet
  facet normal -0.525335 0.850895 0
    outer loop
      vertex 153.113 -26.7441 11.5
      vertex 153.09 -26.7583 5
      vertex 153.09 -26.7583 11.5
    endloop
  endfacet
  facet normal 0.0787321 0.996896 0
    outer loop
      vertex 152.5 -26.9 11.5
      vertex 152.5 -26.9 5
      vertex 152.324 -26.8861 11.5
    endloop
  endfacet
  facet normal -0 -0 1
    outer loop
      vertex 151.448 -26.3641 5
      vertex 151.581 -26.5192 5
      vertex 151.216 -25.8034 5
    endloop
  endfacet
  facet normal 0 0 1
    outer loop
      vertex 153.736 -25.1983 5
      vertex 153.658 -25.0098 5
      vertex 152.703 -24.316 5
    endloop
  endfacet
  facet normal 0 0 1
    outer loop
      vertex 153.8 -25.6 5
      vertex 153.736 -25.1983 5
      vertex 152.703 -26.884 5
    endloop
  endfacet
  facet normal 0 0 1
    outer loop
      vertex 153.264 -24.5483 5
      vertex 153.09 -24.4417 5
      vertex 152.703 -24.316 5
    endloop
  endfacet
  facet normal 0 0 1
    outer loop
      vertex 153.658 -25.0098 5
      vertex 153.552 -24.8359 5
      vertex 153.264 -24.5483 5
    endloop
  endfacet
  facet normal 0 0 1
    outer loop
      vertex 152.297 -24.316 5
      vertex 151.342 -25.0098 5
      vertex 151.264 -25.1983 5
    endloop
  endfacet
  facet normal 0 0 1
    outer loop
      vertex 152.703 -26.884 5
      vertex 153.736 -25.1983 5
      vertex 152.703 -24.316 5
    endloop
  endfacet
  facet normal -0.856188 0.516665 0
    outer loop
      vertex 153.658 -26.1902 5
      vertex 153.644 -26.2134 11.5
      vertex 153.658 -26.1902 11.5
    endloop
  endfacet
  facet normal -0.853876 0.520476 1.8583e-05
    outer loop
      vertex 153.644 -26.2134 11.5
      vertex 153.658 -26.1902 5
      vertex 153.552 -26.3641 5
    endloop
  endfacet
  facet normal -0.759118 0.650953 0
    outer loop
      vertex 153.419 -26.5192 5
      vertex 153.552 -26.3641 11.5
      vertex 153.552 -26.3641 5
    endloop
  endfacet
  facet normal -0.759118 0.650953 0
    outer loop
      vertex 153.552 -26.3641 11.5
      vertex 153.419 -26.5192 5
      vertex 153.419 -26.5192 11.5
    endloop
  endfacet
  facet normal -0.85352 0.52106 0
    outer loop
      vertex 153.552 -26.3641 11.5
      vertex 153.644 -26.2134 11.5
      vertex 153.552 -26.3641 5
    endloop
  endfacet
  facet normal -0.521953 0.852974 0
    outer loop
      vertex 153.264 -26.6517 11.5
      vertex 153.264 -26.6517 5
      vertex 153.113 -26.7441 11.5
    endloop
  endfacet
  facet normal -0 -0 1
    outer loop
      vertex 151.216 -25.8034 5
      vertex 151.581 -26.5192 5
      vertex 151.2 -25.6 5
    endloop
  endfacet
  facet normal 0.856188 -0.516665 0
    outer loop
      vertex 151.342 -25.0098 5
      vertex 151.356 -24.9866 11.5
      vertex 151.342 -25.0098 11.5
    endloop
  endfacet
  facet normal 0.853876 -0.520476 1.8583e-05
    outer loop
      vertex 151.356 -24.9866 11.5
      vertex 151.342 -25.0098 5
      vertex 151.448 -24.8359 5
    endloop
  endfacet
  facet normal 0.915906 0.401393 -0
    outer loop
      vertex 151.342 -26.1902 5
      vertex 151.331 -26.1651 11.5
      vertex 151.342 -26.1902 11.5
    endloop
  endfacet
  facet normal 0.924017 0.382352 8.72546e-05
    outer loop
      vertex 151.331 -26.1651 11.5
      vertex 151.342 -26.1902 5
      vertex 151.264 -26.0017 5
    endloop
  endfacet
  facet normal -0.853876 -0.520476 1.8583e-05
    outer loop
      vertex 153.658 -25.0098 5
      vertex 153.644 -24.9866 11.5
      vertex 153.552 -24.8359 5
    endloop
  endfacet
  facet normal -0.856188 -0.516665 0
    outer loop
      vertex 153.644 -24.9866 11.5
      vertex 153.658 -25.0098 5
      vertex 153.658 -25.0098 11.5
    endloop
  endfacet
  facet normal -0.383569 -0.923512 0
    outer loop
      vertex 153.09 -24.4417 5
      vertex 153.09 -24.4417 11.5
      vertex 152.927 -24.374 11.5
    endloop
  endfacet
  facet normal -0.522401 -0.8527 0
    outer loop
      vertex 153.09 -24.4417 5
      vertex 153.264 -24.5483 11.5
      vertex 153.09 -24.4417 11.5
    endloop
  endfacet
  facet normal -0.522401 -0.8527 -0
    outer loop
      vertex 153.264 -24.5483 11.5
      vertex 153.09 -24.4417 5
      vertex 153.264 -24.5483 5
    endloop
  endfacet
  facet normal 0 -0 1
    outer loop
      vertex 153.264 -26.6517 5
      vertex 153.419 -26.5192 5
      vertex 152.703 -26.884 5
    endloop
  endfacet
  facet normal -0.232634 -0.972564 -2.36844e-05
    outer loop
      vertex 152.902 -24.3636 5
      vertex 152.875 -24.3573 11.5
      vertex 152.703 -24.316 5
    endloop
  endfacet
  facet normal -0.22723 -0.973841 0
    outer loop
      vertex 152.875 -24.3573 11.5
      vertex 152.902 -24.3636 5
      vertex 152.902 -24.3636 11.5
    endloop
  endfacet
  facet normal -0.0787321 -0.996896 0
    outer loop
      vertex 152.703 -24.316 5
      vertex 152.703 -24.316 11.5
      vertex 152.527 -24.3021 11.5
    endloop
  endfacet
  facet normal 0.0785741 -0.996908 4.30646e-06
    outer loop
      vertex 152.5 -24.3 5
      vertex 152.473 -24.3021 11.5
      vertex 152.297 -24.316 5
    endloop
  endfacet
  facet normal 0.0775436 -0.996989 0
    outer loop
      vertex 152.473 -24.3021 11.5
      vertex 152.5 -24.3 5
      vertex 152.5 -24.3 11.5
    endloop
  endfacet
  facet normal 0.383569 -0.923512 0
    outer loop
      vertex 152.073 -24.374 11.5
      vertex 151.91 -24.4417 11.5
      vertex 151.91 -24.4417 5
    endloop
  endfacet
  facet normal 0.997288 -0.0736006 0
    outer loop
      vertex 151.214 -25.4237 11.5
      vertex 151.216 -25.3966 5
      vertex 151.216 -25.3966 11.5
    endloop
  endfacet
  facet normal 0.99692 -0.0784205 -2.02084e-05
    outer loop
      vertex 151.216 -25.3966 5
      vertex 151.214 -25.4237 11.5
      vertex 151.2 -25.6 5
    endloop
  endfacet
  facet normal 0.662735 -0.748854 0
    outer loop
      vertex 151.581 -24.6808 5
      vertex 151.601 -24.6631 11.5
      vertex 151.581 -24.6808 11.5
    endloop
  endfacet
  facet normal 0.649781 -0.760121 7.05423e-05
    outer loop
      vertex 151.601 -24.6631 11.5
      vertex 151.581 -24.6808 5
      vertex 151.736 -24.5483 5
    endloop
  endfacet
  facet normal 0 0 1
    outer loop
      vertex 152.297 -24.316 5
      vertex 152.098 -24.3636 5
      vertex 151.91 -24.4417 5
    endloop
  endfacet
  facet normal 0 -0 1
    outer loop
      vertex 153.419 -26.5192 5
      vertex 153.8 -25.6 5
      vertex 152.703 -26.884 5
    endloop
  endfacet
  facet normal 0 -0 1
    outer loop
      vertex 153.784 -25.8034 5
      vertex 153.8 -25.6 5
      vertex 153.419 -26.5192 5
    endloop
  endfacet
  facet normal -0.383569 0.923512 0
    outer loop
      vertex 153.09 -26.7583 11.5
      vertex 153.09 -26.7583 5
      vertex 152.927 -26.826 11.5
    endloop
  endfacet
  facet normal 0 -0 1
    outer loop
      vertex 152.5 -26.9 5
      vertex 152.703 -26.884 5
      vertex 152.297 -26.884 5
    endloop
  endfacet
  facet normal -0.662735 0.748854 0
    outer loop
      vertex 153.419 -26.5192 5
      vertex 153.399 -26.5369 11.5
      vertex 153.419 -26.5192 11.5
    endloop
  endfacet
  facet normal -0.649781 0.760121 7.05423e-05
    outer loop
      vertex 153.399 -26.5369 11.5
      vertex 153.419 -26.5192 5
      vertex 153.264 -26.6517 5
    endloop
  endfacet
  facet normal 0 -0 1
    outer loop
      vertex 153.736 -26.0017 5
      vertex 153.784 -25.8034 5
      vertex 153.658 -26.1902 5
    endloop
  endfacet
  facet normal -0.975133 0.221621 0
    outer loop
      vertex 153.784 -25.8034 5
      vertex 153.778 -25.8298 11.5
      vertex 153.784 -25.8034 11.5
    endloop
  endfacet
  facet normal -0.971932 0.235263 5.83634e-05
    outer loop
      vertex 153.778 -25.8298 11.5
      vertex 153.784 -25.8034 5
      vertex 153.736 -26.0017 5
    endloop
  endfacet
  facet normal 0.22723 0.973841 0
    outer loop
      vertex 152.125 -26.8427 11.5
      vertex 152.098 -26.8364 5
      vertex 152.098 -26.8364 11.5
    endloop
  endfacet
  facet normal 0.232634 0.972564 -2.36844e-05
    outer loop
      vertex 152.098 -26.8364 5
      vertex 152.125 -26.8427 11.5
      vertex 152.297 -26.884 5
    endloop
  endfacet
  facet normal 0.856188 0.516665 0
    outer loop
      vertex 151.356 -26.2134 11.5
      vertex 151.342 -26.1902 5
      vertex 151.342 -26.1902 11.5
    endloop
  endfacet
  facet normal 0.853876 0.520476 1.8583e-05
    outer loop
      vertex 151.342 -26.1902 5
      vertex 151.356 -26.2134 11.5
      vertex 151.448 -26.3641 5
    endloop
  endfacet
  facet normal 0.997288 0.0736006 0
    outer loop
      vertex 151.202 -25.6271 11.5
      vertex 151.2 -25.6 5
      vertex 151.2 -25.6 11.5
    endloop
  endfacet
  facet normal 0.99692 0.0784205 2.02084e-05
    outer loop
      vertex 151.2 -25.6 5
      vertex 151.202 -25.6271 11.5
      vertex 151.216 -25.8034 5
    endloop
  endfacet
  facet normal 0.85352 0.52106 0
    outer loop
      vertex 151.448 -26.3641 11.5
      vertex 151.448 -26.3641 5
      vertex 151.356 -26.2134 11.5
    endloop
  endfacet
  facet normal 0.92524 0.379382 0
    outer loop
      vertex 151.264 -26.0017 11.5
      vertex 151.331 -26.1651 11.5
      vertex 151.264 -26.0017 5
    endloop
  endfacet
  facet normal -0.996862 -0.0791609 0
    outer loop
      vertex 153.8 -25.6 5
      vertex 153.8 -25.6 11.5
      vertex 153.786 -25.4237 11.5
    endloop
  endfacet
  facet normal 0 0 1
    outer loop
      vertex 153.8 -25.6 5
      vertex 153.784 -25.3966 5
      vertex 153.736 -25.1983 5
    endloop
  endfacet
  facet normal -0.85352 -0.52106 0
    outer loop
      vertex 153.644 -24.9866 11.5
      vertex 153.552 -24.8359 11.5
      vertex 153.552 -24.8359 5
    endloop
  endfacet
  facet normal -0.662735 -0.748854 0
    outer loop
      vertex 153.399 -24.6631 11.5
      vertex 153.419 -24.6808 5
      vertex 153.419 -24.6808 11.5
    endloop
  endfacet
  facet normal -0.649781 -0.760121 7.05423e-05
    outer loop
      vertex 153.419 -24.6808 5
      vertex 153.399 -24.6631 11.5
      vertex 153.264 -24.5483 5
    endloop
  endfacet
  facet normal -0.384091 -0.923295 0
    outer loop
      vertex 152.902 -24.3636 5
      vertex 152.927 -24.374 11.5
      vertex 152.902 -24.3636 11.5
    endloop
  endfacet
  facet normal -0.383639 -0.923483 -2.04043e-06
    outer loop
      vertex 152.927 -24.374 11.5
      vertex 152.902 -24.3636 5
      vertex 153.09 -24.4417 5
    endloop
  endfacet
  facet normal 0 0 1
    outer loop
      vertex 153.09 -24.4417 5
      vertex 152.902 -24.3636 5
      vertex 152.703 -24.316 5
    endloop
  endfacet
  facet normal 0.0787321 -0.996896 0
    outer loop
      vertex 152.473 -24.3021 11.5
      vertex 152.297 -24.316 11.5
      vertex 152.297 -24.316 5
    endloop
  endfacet
  facet normal -0.23348 -0.972362 0
    outer loop
      vertex 152.875 -24.3573 11.5
      vertex 152.703 -24.316 11.5
      vertex 152.703 -24.316 5
    endloop
  endfacet
  facet normal -0.0775436 -0.996989 0
    outer loop
      vertex 152.5 -24.3 5
      vertex 152.527 -24.3021 11.5
      vertex 152.5 -24.3 11.5
    endloop
  endfacet
  facet normal -0.0785741 -0.996908 4.30646e-06
    outer loop
      vertex 152.527 -24.3021 11.5
      vertex 152.5 -24.3 5
      vertex 152.703 -24.316 5
    endloop
  endfacet
  facet normal 0 0 1
    outer loop
      vertex 152.703 -24.316 5
      vertex 152.5 -24.3 5
      vertex 152.297 -24.316 5
    endloop
  endfacet
  facet normal 0.975133 0.221621 0
    outer loop
      vertex 151.222 -25.8298 11.5
      vertex 151.216 -25.8034 5
      vertex 151.216 -25.8034 11.5
    endloop
  endfacet
  facet normal 0.971932 0.235263 5.83634e-05
    outer loop
      vertex 151.216 -25.8034 5
      vertex 151.222 -25.8298 11.5
      vertex 151.264 -26.0017 5
    endloop
  endfacet
  facet normal 0.971425 -0.237346 0
    outer loop
      vertex 151.264 -25.1983 5
      vertex 151.264 -25.1983 11.5
      vertex 151.222 -25.3702 11.5
    endloop
  endfacet
  facet normal 0.92524 -0.379382 0
    outer loop
      vertex 151.331 -25.0349 11.5
      vertex 151.264 -25.1983 11.5
      vertex 151.264 -25.1983 5
    endloop
  endfacet
  facet normal 0.760054 -0.64986 0
    outer loop
      vertex 151.563 -24.7014 11.5
      vertex 151.448 -24.8359 11.5
      vertex 151.448 -24.8359 5
    endloop
  endfacet
  facet normal 0 -0 1
    outer loop
      vertex 152.297 -26.884 5
      vertex 152.297 -24.316 5
      vertex 151.264 -25.1983 5
    endloop
  endfacet
  facet normal 0 0 1
    outer loop
      vertex 152.297 -26.884 5
      vertex 151.264 -25.1983 5
      vertex 151.2 -25.6 5
    endloop
  endfacet
  facet normal 0.383639 -0.923483 -2.04043e-06
    outer loop
      vertex 152.098 -24.3636 5
      vertex 152.073 -24.374 11.5
      vertex 151.91 -24.4417 5
    endloop
  endfacet
  facet normal 0.384091 -0.923295 0
    outer loop
      vertex 152.073 -24.374 11.5
      vertex 152.098 -24.3636 5
      vertex 152.098 -24.3636 11.5
    endloop
  endfacet
  facet normal 0.22723 -0.973841 0
    outer loop
      vertex 152.098 -24.3636 5
      vertex 152.125 -24.3573 11.5
      vertex 152.098 -24.3636 11.5
    endloop
  endfacet
  facet normal 0.232634 -0.972564 -2.36844e-05
    outer loop
      vertex 152.125 -24.3573 11.5
      vertex 152.098 -24.3636 5
      vertex 152.297 -24.316 5
    endloop
  endfacet
  facet normal 0.521953 0.852974 0
    outer loop
      vertex 151.736 -26.6517 11.5
      vertex 151.887 -26.7441 11.5
      vertex 151.736 -26.6517 5
    endloop
  endfacet
  facet normal -0.924017 0.382352 8.72546e-05
    outer loop
      vertex 153.658 -26.1902 5
      vertex 153.669 -26.1651 11.5
      vertex 153.736 -26.0017 5
    endloop
  endfacet
  facet normal -0.915906 0.401393 0
    outer loop
      vertex 153.669 -26.1651 11.5
      vertex 153.658 -26.1902 5
      vertex 153.658 -26.1902 11.5
    endloop
  endfacet
  facet normal 0 -0 1
    outer loop
      vertex 153.552 -26.3641 5
      vertex 153.784 -25.8034 5
      vertex 153.419 -26.5192 5
    endloop
  endfacet
  facet normal 0.383569 0.923512 0
    outer loop
      vertex 151.91 -26.7583 11.5
      vertex 152.073 -26.826 11.5
      vertex 151.91 -26.7583 5
    endloop
  endfacet
  facet normal 0.23348 0.972362 0
    outer loop
      vertex 152.297 -26.884 11.5
      vertex 152.297 -26.884 5
      vertex 152.125 -26.8427 11.5
    endloop
  endfacet
  facet normal -0 -0 1
    outer loop
      vertex 152.098 -26.8364 5
      vertex 152.297 -26.884 5
      vertex 151.736 -26.6517 5
    endloop
  endfacet
  facet normal -0 -0 1
    outer loop
      vertex 151.91 -26.7583 5
      vertex 152.098 -26.8364 5
      vertex 151.736 -26.6517 5
    endloop
  endfacet
  facet normal 0.384091 0.923295 -0
    outer loop
      vertex 152.098 -26.8364 5
      vertex 152.073 -26.826 11.5
      vertex 152.098 -26.8364 11.5
    endloop
  endfacet
  facet normal 0.383639 0.923483 -2.04043e-06
    outer loop
      vertex 152.073 -26.826 11.5
      vertex 152.098 -26.8364 5
      vertex 151.91 -26.7583 5
    endloop
  endfacet
  facet normal 0.971425 0.237346 0
    outer loop
      vertex 151.264 -26.0017 11.5
      vertex 151.264 -26.0017 5
      vertex 151.222 -25.8298 11.5
    endloop
  endfacet
  facet normal -0 -0 1
    outer loop
      vertex 151.264 -26.0017 5
      vertex 151.342 -26.1902 5
      vertex 151.216 -25.8034 5
    endloop
  endfacet
  facet normal -0 -0 1
    outer loop
      vertex 151.342 -26.1902 5
      vertex 151.448 -26.3641 5
      vertex 151.216 -25.8034 5
    endloop
  endfacet
  facet normal -0.971932 -0.235263 5.83634e-05
    outer loop
      vertex 153.784 -25.3966 5
      vertex 153.778 -25.3702 11.5
      vertex 153.736 -25.1983 5
    endloop
  endfacet
  facet normal -0.975133 -0.221621 0
    outer loop
      vertex 153.778 -25.3702 11.5
      vertex 153.784 -25.3966 5
      vertex 153.784 -25.3966 11.5
    endloop
  endfacet
  facet normal -0.997288 -0.0736006 0
    outer loop
      vertex 153.784 -25.3966 5
      vertex 153.786 -25.4237 11.5
      vertex 153.784 -25.3966 11.5
    endloop
  endfacet
  facet normal -0.99692 -0.0784205 -2.02084e-05
    outer loop
      vertex 153.786 -25.4237 11.5
      vertex 153.784 -25.3966 5
      vertex 153.8 -25.6 5
    endloop
  endfacet
  facet normal -0.971425 -0.237346 0
    outer loop
      vertex 153.778 -25.3702 11.5
      vertex 153.736 -25.1983 11.5
      vertex 153.736 -25.1983 5
    endloop
  endfacet
  facet normal -0.92524 -0.379382 0
    outer loop
      vertex 153.736 -25.1983 5
      vertex 153.736 -25.1983 11.5
      vertex 153.669 -25.0349 11.5
    endloop
  endfacet
  facet normal -0.647812 -0.7618 0
    outer loop
      vertex 153.399 -24.6631 11.5
      vertex 153.264 -24.5483 11.5
      vertex 153.264 -24.5483 5
    endloop
  endfacet
  facet normal -0.753029 -0.657987 0
    outer loop
      vertex 153.419 -24.6808 5
      vertex 153.437 -24.7014 11.5
      vertex 153.419 -24.6808 11.5
    endloop
  endfacet
  facet normal -0.759118 -0.650953 3.9155e-05
    outer loop
      vertex 153.437 -24.7014 11.5
      vertex 153.419 -24.6808 5
      vertex 153.552 -24.8359 5
    endloop
  endfacet
  facet normal 0 0 1
    outer loop
      vertex 153.552 -24.8359 5
      vertex 153.419 -24.6808 5
      vertex 153.264 -24.5483 5
    endloop
  endfacet
  facet normal 0.915906 -0.401393 0
    outer loop
      vertex 151.331 -25.0349 11.5
      vertex 151.342 -25.0098 5
      vertex 151.342 -25.0098 11.5
    endloop
  endfacet
  facet normal 0.924017 -0.382352 8.72546e-05
    outer loop
      vertex 151.342 -25.0098 5
      vertex 151.331 -25.0349 11.5
      vertex 151.264 -25.1983 5
    endloop
  endfacet
  facet normal 0.522401 -0.8527 0
    outer loop
      vertex 151.736 -24.5483 5
      vertex 151.91 -24.4417 11.5
      vertex 151.736 -24.5483 11.5
    endloop
  endfacet
  facet normal 0.522401 -0.8527 0
    outer loop
      vertex 151.91 -24.4417 11.5
      vertex 151.736 -24.5483 5
      vertex 151.91 -24.4417 5
    endloop
  endfacet
  facet normal 0 0 1
    outer loop
      vertex 151.736 -24.5483 5
      vertex 151.581 -24.6808 5
      vertex 151.448 -24.8359 5
    endloop
  endfacet
  facet normal 0.753029 -0.657987 0
    outer loop
      vertex 151.563 -24.7014 11.5
      vertex 151.581 -24.6808 5
      vertex 151.581 -24.6808 11.5
    endloop
  endfacet
  facet normal 0.759118 -0.650953 3.9155e-05
    outer loop
      vertex 151.581 -24.6808 5
      vertex 151.563 -24.7014 11.5
      vertex 151.448 -24.8359 5
    endloop
  endfacet
  facet normal 0.975133 -0.221621 0
    outer loop
      vertex 151.216 -25.3966 5
      vertex 151.222 -25.3702 11.5
      vertex 151.216 -25.3966 11.5
    endloop
  endfacet
  facet normal 0.971932 -0.235263 5.83634e-05
    outer loop
      vertex 151.222 -25.3702 11.5
      vertex 151.216 -25.3966 5
      vertex 151.264 -25.1983 5
    endloop
  endfacet
  facet normal 0 0 1
    outer loop
      vertex 151.264 -25.1983 5
      vertex 151.216 -25.3966 5
      vertex 151.2 -25.6 5
    endloop
  endfacet
  facet normal 0 0 1
    outer loop
      vertex 152.297 -24.316 5
      vertex 151.736 -24.5483 5
      vertex 151.342 -25.0098 5
    endloop
  endfacet
  facet normal 0 0 1
    outer loop
      vertex 151.736 -24.5483 5
      vertex 151.448 -24.8359 5
      vertex 151.342 -25.0098 5
    endloop
  endfacet
  facet normal -0.22723 0.973841 0
    outer loop
      vertex 152.902 -26.8364 5
      vertex 152.875 -26.8427 11.5
      vertex 152.902 -26.8364 11.5
    endloop
  endfacet
  facet normal -0.232634 0.972564 -2.36844e-05
    outer loop
      vertex 152.875 -26.8427 11.5
      vertex 152.902 -26.8364 5
      vertex 152.703 -26.884 5
    endloop
  endfacet
  facet normal 0 -0 1
    outer loop
      vertex 152.902 -26.8364 5
      vertex 153.264 -26.6517 5
      vertex 152.703 -26.884 5
    endloop
  endfacet
  facet normal -0.647812 0.7618 0
    outer loop
      vertex 153.264 -26.6517 11.5
      vertex 153.399 -26.5369 11.5
      vertex 153.264 -26.6517 5
    endloop
  endfacet
  facet normal -0.92524 0.379382 0
    outer loop
      vertex 153.736 -26.0017 11.5
      vertex 153.736 -26.0017 5
      vertex 153.669 -26.1651 11.5
    endloop
  endfacet
  facet normal -0.971425 0.237346 0
    outer loop
      vertex 153.736 -26.0017 11.5
      vertex 153.778 -25.8298 11.5
      vertex 153.736 -26.0017 5
    endloop
  endfacet
  facet normal 0.759118 0.650953 0
    outer loop
      vertex 151.581 -26.5192 11.5
      vertex 151.448 -26.3641 5
      vertex 151.448 -26.3641 11.5
    endloop
  endfacet
  facet normal 0.759118 0.650953 0
    outer loop
      vertex 151.448 -26.3641 5
      vertex 151.581 -26.5192 11.5
      vertex 151.581 -26.5192 5
    endloop
  endfacet
  facet normal 0.525335 0.850895 -0
    outer loop
      vertex 151.91 -26.7583 5
      vertex 151.887 -26.7441 11.5
      vertex 151.91 -26.7583 11.5
    endloop
  endfacet
  facet normal 0.522401 0.8527 -1.43248e-05
    outer loop
      vertex 151.887 -26.7441 11.5
      vertex 151.91 -26.7583 5
      vertex 151.736 -26.6517 5
    endloop
  endfacet
  facet normal 0.647812 0.7618 0
    outer loop
      vertex 151.736 -26.6517 11.5
      vertex 151.736 -26.6517 5
      vertex 151.601 -26.5369 11.5
    endloop
  endfacet
  facet normal 0.649781 0.760121 7.05423e-05
    outer loop
      vertex 151.581 -26.5192 5
      vertex 151.601 -26.5369 11.5
      vertex 151.736 -26.6517 5
    endloop
  endfacet
  facet normal 0.662735 0.748854 0
    outer loop
      vertex 151.601 -26.5369 11.5
      vertex 151.581 -26.5192 5
      vertex 151.581 -26.5192 11.5
    endloop
  endfacet
  facet normal -0 -0 1
    outer loop
      vertex 151.736 -26.6517 5
      vertex 152.297 -26.884 5
      vertex 151.581 -26.5192 5
    endloop
  endfacet
  facet normal -0.760054 -0.64986 0
    outer loop
      vertex 153.552 -24.8359 5
      vertex 153.552 -24.8359 11.5
      vertex 153.437 -24.7014 11.5
    endloop
  endfacet
  facet normal 0 0 1
    outer loop
      vertex 152.297 -24.316 5
      vertex 151.91 -24.4417 5
      vertex 151.736 -24.5483 5
    endloop
  endfacet
  facet normal -0.0775436 0.996989 0
    outer loop
      vertex 152.703 -26.884 5
      vertex 152.676 -26.8861 11.5
      vertex 152.703 -26.884 11.5
    endloop
  endfacet
  facet normal -0.0785741 0.996908 -4.30646e-06
    outer loop
      vertex 152.676 -26.8861 11.5
      vertex 152.703 -26.884 5
      vertex 152.5 -26.9 5
    endloop
  endfacet
  facet normal -0.23348 0.972362 0
    outer loop
      vertex 152.703 -26.884 11.5
      vertex 152.875 -26.8427 11.5
      vertex 152.703 -26.884 5
    endloop
  endfacet
  facet normal -0.383639 0.923483 -2.04043e-06
    outer loop
      vertex 152.902 -26.8364 5
      vertex 152.927 -26.826 11.5
      vertex 153.09 -26.7583 5
    endloop
  endfacet
  facet normal -0.384091 0.923295 0
    outer loop
      vertex 152.927 -26.826 11.5
      vertex 152.902 -26.8364 5
      vertex 152.902 -26.8364 11.5
    endloop
  endfacet
  facet normal 0 -0 1
    outer loop
      vertex 153.09 -26.7583 5
      vertex 153.264 -26.6517 5
      vertex 152.902 -26.8364 5
    endloop
  endfacet
  facet normal 0.85352 -0.52106 0
    outer loop
      vertex 151.448 -24.8359 5
      vertex 151.448 -24.8359 11.5
      vertex 151.356 -24.9866 11.5
    endloop
  endfacet
  facet normal -0.996908 0.0785741 -1.96435e-05
    outer loop
      vertex 153.784 -114.603 5
      vertex 153.786 -114.576 11.5
      vertex 153.8 -114.4 5
    endloop
  endfacet
  facet normal -0.997268 0.0738717 0
    outer loop
      vertex 153.786 -114.576 11.5
      vertex 153.784 -114.603 5
      vertex 153.784 -114.603 11.5
    endloop
  endfacet
  facet normal 0.997268 0.0738717 -0
    outer loop
      vertex 151.216 -114.603 5
      vertex 151.214 -114.576 11.5
      vertex 151.216 -114.603 11.5
    endloop
  endfacet
  facet normal 0.996908 0.0785741 -1.96435e-05
    outer loop
      vertex 151.214 -114.576 11.5
      vertex 151.216 -114.603 5
      vertex 151.2 -114.4 5
    endloop
  endfacet
  facet normal -0.971457 0.237216 0
    outer loop
      vertex 153.736 -114.802 11.5
      vertex 153.778 -114.63 11.5
      vertex 153.736 -114.802 5
    endloop
  endfacet
  facet normal -0.996851 0.079295 0
    outer loop
      vertex 153.8 -114.4 11.5
      vertex 153.8 -114.4 5
      vertex 153.786 -114.576 11.5
    endloop
  endfacet
  facet normal -0.234481 0.972121 0
    outer loop
      vertex 152.902 -115.636 5
      vertex 152.703 -115.684 11.5
      vertex 152.902 -115.636 11.5
    endloop
  endfacet
  facet normal -0.234481 0.972121 0
    outer loop
      vertex 152.703 -115.684 11.5
      vertex 152.902 -115.636 5
      vertex 152.703 -115.684 5
    endloop
  endfacet
  facet normal 0.854009 -0.520258 0
    outer loop
      vertex 151.342 -113.81 11.5
      vertex 151.448 -113.636 5
      vertex 151.448 -113.636 11.5
    endloop
  endfacet
  facet normal 0.854009 -0.520258 0
    outer loop
      vertex 151.448 -113.636 5
      vertex 151.342 -113.81 11.5
      vertex 151.342 -113.81 5
    endloop
  endfacet
  facet normal -0 -0 1
    outer loop
      vertex 151.448 -115.164 5
      vertex 151.581 -115.319 5
      vertex 151.216 -114.603 5
    endloop
  endfacet
  facet normal -0 -0 1
    outer loop
      vertex 151.216 -114.603 5
      vertex 151.581 -115.319 5
      vertex 151.2 -114.4 5
    endloop
  endfacet
  facet normal 0 -0 1
    outer loop
      vertex 152.5 -115.7 5
      vertex 152.703 -115.684 5
      vertex 152.297 -115.684 5
    endloop
  endfacet
  facet normal 0 -0 1
    outer loop
      vertex 152.902 -115.636 5
      vertex 153.09 -115.558 5
      vertex 152.703 -115.684 5
    endloop
  endfacet
  facet normal -0.0738717 0.997268 0
    outer loop
      vertex 152.703 -115.684 5
      vertex 152.676 -115.686 11.5
      vertex 152.703 -115.684 11.5
    endloop
  endfacet
  facet normal -0.0785741 0.996908 -1.96435e-05
    outer loop
      vertex 152.676 -115.686 11.5
      vertex 152.703 -115.684 5
      vertex 152.5 -115.7 5
    endloop
  endfacet
  facet normal 0 0 1
    outer loop
      vertex 151.91 -113.242 5
      vertex 151.736 -113.348 5
      vertex 151.2 -114.4 5
    endloop
  endfacet
  facet normal -0.668965 0.743294 0
    outer loop
      vertex 153.419 -115.319 5
      vertex 153.399 -115.337 11.5
      vertex 153.419 -115.319 11.5
    endloop
  endfacet
  facet normal -0.651194 0.758911 9.7924e-05
    outer loop
      vertex 153.399 -115.337 11.5
      vertex 153.419 -115.319 5
      vertex 153.264 -115.452 5
    endloop
  endfacet
  facet normal -0.0785741 -0.996908 0
    outer loop
      vertex 152.5 -113.1 5
      vertex 152.703 -113.116 11.5
      vertex 152.5 -113.1 11.5
    endloop
  endfacet
  facet normal -0.0785741 -0.996908 -0
    outer loop
      vertex 152.703 -113.116 11.5
      vertex 152.5 -113.1 5
      vertex 152.703 -113.116 5
    endloop
  endfacet
  facet normal 0.520258 -0.854009 0
    outer loop
      vertex 151.736 -113.348 5
      vertex 151.91 -113.242 11.5
      vertex 151.736 -113.348 11.5
    endloop
  endfacet
  facet normal 0.520258 -0.854009 0
    outer loop
      vertex 151.91 -113.242 11.5
      vertex 151.736 -113.348 5
      vertex 151.91 -113.242 5
    endloop
  endfacet
  facet normal 0.976187 -0.21693 0
    outer loop
      vertex 151.216 -114.197 5
      vertex 151.222 -114.17 11.5
      vertex 151.216 -114.197 11.5
    endloop
  endfacet
  facet normal 0.972121 -0.234481 7.66574e-05
    outer loop
      vertex 151.222 -114.17 11.5
      vertex 151.216 -114.197 5
      vertex 151.264 -113.998 5
    endloop
  endfacet
  facet normal 0.648466 0.761243 0
    outer loop
      vertex 151.736 -115.452 11.5
      vertex 151.736 -115.452 5
      vertex 151.601 -115.337 11.5
    endloop
  endfacet
  facet normal -0.648466 0.761243 0
    outer loop
      vertex 153.264 -115.452 11.5
      vertex 153.399 -115.337 11.5
      vertex 153.264 -115.452 5
    endloop
  endfacet
  facet normal -0.761243 -0.648466 0
    outer loop
      vertex 153.552 -113.636 5
      vertex 153.552 -113.636 11.5
      vertex 153.437 -113.501 11.5
    endloop
  endfacet
  facet normal -0 0 1
    outer loop
      vertex 151.91 -113.242 5
      vertex 153.8 -114.4 5
      vertex 153.09 -113.242 5
    endloop
  endfacet
  facet normal 0 0 1
    outer loop
      vertex 153.8 -114.4 5
      vertex 151.91 -113.242 5
      vertex 151.2 -114.4 5
    endloop
  endfacet
  facet normal 0 0 1
    outer loop
      vertex 151.736 -113.348 5
      vertex 151.581 -113.481 5
      vertex 151.448 -113.636 5
    endloop
  endfacet
  facet normal -0.38322 -0.923657 8.91911e-05
    outer loop
      vertex 153.09 -113.242 5
      vertex 153.065 -113.231 11.5
      vertex 152.902 -113.164 5
    endloop
  endfacet
  facet normal -0.402739 -0.915315 0
    outer loop
      vertex 153.065 -113.231 11.5
      vertex 153.09 -113.242 5
      vertex 153.09 -113.242 11.5
    endloop
  endfacet
  facet normal -0.743294 -0.668965 0
    outer loop
      vertex 153.419 -113.481 5
      vertex 153.437 -113.501 11.5
      vertex 153.419 -113.481 11.5
    endloop
  endfacet
  facet normal -0.758911 -0.651194 9.7924e-05
    outer loop
      vertex 153.437 -113.501 11.5
      vertex 153.419 -113.481 5
      vertex 153.552 -113.636 5
    endloop
  endfacet
  facet normal 0.651258 -0.758857 0
    outer loop
      vertex 151.715 -113.366 11.5
      vertex 151.581 -113.481 11.5
      vertex 151.581 -113.481 5
    endloop
  endfacet
  facet normal 0.234481 0.972121 0
    outer loop
      vertex 152.297 -115.684 11.5
      vertex 152.098 -115.636 5
      vertex 152.098 -115.636 11.5
    endloop
  endfacet
  facet normal 0.234481 0.972121 0
    outer loop
      vertex 152.098 -115.636 5
      vertex 152.297 -115.684 11.5
      vertex 152.297 -115.684 5
    endloop
  endfacet
  facet normal 0.996851 0.079295 0
    outer loop
      vertex 151.2 -114.4 11.5
      vertex 151.214 -114.576 11.5
      vertex 151.2 -114.4 5
    endloop
  endfacet
  facet normal -0 -0 1
    outer loop
      vertex 151.581 -115.319 5
      vertex 152.297 -115.684 5
      vertex 151.2 -114.4 5
    endloop
  endfacet
  facet normal -0 -0 1
    outer loop
      vertex 151.342 -114.99 5
      vertex 151.448 -115.164 5
      vertex 151.216 -114.603 5
    endloop
  endfacet
  facet normal 0 -0 1
    outer loop
      vertex 153.264 -115.452 5
      vertex 153.419 -115.319 5
      vertex 153.09 -115.558 5
    endloop
  endfacet
  facet normal 0 0 1
    outer loop
      vertex 153.8 -114.4 5
      vertex 153.264 -113.348 5
      vertex 153.09 -113.242 5
    endloop
  endfacet
  facet normal 0 0 1
    outer loop
      vertex 153.552 -113.636 5
      vertex 153.419 -113.481 5
      vertex 153.264 -113.348 5
    endloop
  endfacet
  facet normal -0.520258 -0.854009 0
    outer loop
      vertex 153.09 -113.242 5
      vertex 153.264 -113.348 11.5
      vertex 153.09 -113.242 11.5
    endloop
  endfacet
  facet normal -0.520258 -0.854009 -0
    outer loop
      vertex 153.264 -113.348 11.5
      vertex 153.09 -113.242 5
      vertex 153.264 -113.348 5
    endloop
  endfacet
  facet normal -0.854009 -0.520258 0
    outer loop
      vertex 153.658 -113.81 5
      vertex 153.552 -113.636 11.5
      vertex 153.552 -113.636 5
    endloop
  endfacet
  facet normal -0.854009 -0.520258 0
    outer loop
      vertex 153.552 -113.636 11.5
      vertex 153.658 -113.81 5
      vertex 153.658 -113.81 11.5
    endloop
  endfacet
  facet normal 0 0 1
    outer loop
      vertex 153.8 -114.4 5
      vertex 153.736 -113.998 5
      vertex 153.658 -113.81 5
    endloop
  endfacet
  facet normal -0.996851 -0.079295 0
    outer loop
      vertex 153.798 -114.373 11.5
      vertex 153.784 -114.197 11.5
      vertex 153.784 -114.197 5
    endloop
  endfacet
  facet normal -0.996908 -0.0785741 1.96435e-05
    outer loop
      vertex 153.8 -114.4 5
      vertex 153.798 -114.373 11.5
      vertex 153.784 -114.197 5
    endloop
  endfacet
  facet normal -0.997268 -0.0738717 0
    outer loop
      vertex 153.798 -114.373 11.5
      vertex 153.8 -114.4 5
      vertex 153.8 -114.4 11.5
    endloop
  endfacet
  facet normal 0.234481 -0.972121 0
    outer loop
      vertex 152.098 -113.164 5
      vertex 152.297 -113.116 11.5
      vertex 152.098 -113.164 11.5
    endloop
  endfacet
  facet normal 0.234481 -0.972121 0
    outer loop
      vertex 152.297 -113.116 11.5
      vertex 152.098 -113.164 5
      vertex 152.297 -113.116 5
    endloop
  endfacet
  facet normal 0.651194 -0.758911 2.25978e-06
    outer loop
      vertex 151.736 -113.348 5
      vertex 151.715 -113.366 11.5
      vertex 151.581 -113.481 5
    endloop
  endfacet
  facet normal 0.650791 -0.759257 0
    outer loop
      vertex 151.715 -113.366 11.5
      vertex 151.736 -113.348 5
      vertex 151.736 -113.348 11.5
    endloop
  endfacet
  facet normal 0.997268 -0.0738717 0
    outer loop
      vertex 151.2 -114.4 5
      vertex 151.202 -114.373 11.5
      vertex 151.2 -114.4 11.5
    endloop
  endfacet
  facet normal 0.996908 -0.0785741 1.96435e-05
    outer loop
      vertex 151.202 -114.373 11.5
      vertex 151.2 -114.4 5
      vertex 151.216 -114.197 5
    endloop
  endfacet
  facet normal 0.743294 -0.668965 0
    outer loop
      vertex 151.563 -113.501 11.5
      vertex 151.581 -113.481 5
      vertex 151.581 -113.481 11.5
    endloop
  endfacet
  facet normal 0.758911 -0.651194 9.7924e-05
    outer loop
      vertex 151.581 -113.481 5
      vertex 151.563 -113.501 11.5
      vertex 151.448 -113.636 5
    endloop
  endfacet
  facet normal 0 0 1
    outer loop
      vertex 152.297 -113.116 5
      vertex 152.098 -113.164 5
      vertex 151.91 -113.242 5
    endloop
  endfacet
  facet normal 0.971457 0.237216 0
    outer loop
      vertex 151.264 -114.802 11.5
      vertex 151.264 -114.802 5
      vertex 151.222 -114.63 11.5
    endloop
  endfacet
  facet normal 0.85398 0.520306 0
    outer loop
      vertex 151.342 -114.99 11.5
      vertex 151.434 -115.141 11.5
      vertex 151.342 -114.99 5
    endloop
  endfacet
  facet normal 0.0785741 0.996908 -1.96435e-05
    outer loop
      vertex 152.297 -115.684 5
      vertex 152.324 -115.686 11.5
      vertex 152.5 -115.7 5
    endloop
  endfacet
  facet normal 0.0738717 0.997268 0
    outer loop
      vertex 152.324 -115.686 11.5
      vertex 152.297 -115.684 5
      vertex 152.297 -115.684 11.5
    endloop
  endfacet
  facet normal 0 -0 1
    outer loop
      vertex 153.09 -115.558 5
      vertex 153.419 -115.319 5
      vertex 152.703 -115.684 5
    endloop
  endfacet
  facet normal 0 0 1
    outer loop
      vertex 153.8 -114.4 5
      vertex 152.297 -115.684 5
      vertex 152.703 -115.684 5
    endloop
  endfacet
  facet normal 0 -0 1
    outer loop
      vertex 152.297 -115.684 5
      vertex 153.8 -114.4 5
      vertex 151.2 -114.4 5
    endloop
  endfacet
  facet normal -0.385017 0.922909 0
    outer loop
      vertex 153.09 -115.558 11.5
      vertex 153.09 -115.558 5
      vertex 152.927 -115.626 11.5
    endloop
  endfacet
  facet normal 0 -0 1
    outer loop
      vertex 153.552 -115.164 5
      vertex 153.784 -114.603 5
      vertex 153.419 -115.319 5
    endloop
  endfacet
  facet normal -0.85398 0.520306 0
    outer loop
      vertex 153.658 -114.99 11.5
      vertex 153.658 -114.99 5
      vertex 153.566 -115.141 11.5
    endloop
  endfacet
  facet normal -0.923657 0.38322 0
    outer loop
      vertex 153.658 -114.99 5
      vertex 153.736 -114.802 11.5
      vertex 153.736 -114.802 5
    endloop
  endfacet
  facet normal -0.923657 0.38322 0
    outer loop
      vertex 153.736 -114.802 11.5
      vertex 153.658 -114.99 5
      vertex 153.658 -114.99 11.5
    endloop
  endfacet
  facet normal 0 0 1
    outer loop
      vertex 153.09 -113.242 5
      vertex 152.902 -113.164 5
      vertex 152.703 -113.116 5
    endloop
  endfacet
  facet normal -0.380179 -0.924913 0
    outer loop
      vertex 153.065 -113.231 11.5
      vertex 152.902 -113.164 11.5
      vertex 152.902 -113.164 5
    endloop
  endfacet
  facet normal -0.923657 -0.38322 0
    outer loop
      vertex 153.736 -113.998 5
      vertex 153.658 -113.81 11.5
      vertex 153.658 -113.81 5
    endloop
  endfacet
  facet normal -0.923657 -0.38322 0
    outer loop
      vertex 153.658 -113.81 11.5
      vertex 153.736 -113.998 5
      vertex 153.736 -113.998 11.5
    endloop
  endfacet
  facet normal -0.971457 -0.237216 0
    outer loop
      vertex 153.778 -114.17 11.5
      vertex 153.736 -113.998 11.5
      vertex 153.736 -113.998 5
    endloop
  endfacet
  facet normal 0 0 1
    outer loop
      vertex 153.658 -113.81 5
      vertex 153.552 -113.636 5
      vertex 153.264 -113.348 5
    endloop
  endfacet
  facet normal 0 0 1
    outer loop
      vertex 153.8 -114.4 5
      vertex 153.658 -113.81 5
      vertex 153.264 -113.348 5
    endloop
  endfacet
  facet normal 0.976187 0.21693 0
    outer loop
      vertex 151.222 -114.63 11.5
      vertex 151.216 -114.603 5
      vertex 151.216 -114.603 11.5
    endloop
  endfacet
  facet normal 0.972121 0.234481 7.66574e-05
    outer loop
      vertex 151.216 -114.603 5
      vertex 151.222 -114.63 11.5
      vertex 151.264 -114.802 5
    endloop
  endfacet
  facet normal 0.380179 -0.924913 0
    outer loop
      vertex 152.098 -113.164 5
      vertex 152.098 -113.164 11.5
      vertex 151.935 -113.231 11.5
    endloop
  endfacet
  facet normal -0.234481 -0.972121 0
    outer loop
      vertex 152.703 -113.116 5
      vertex 152.902 -113.164 11.5
      vertex 152.703 -113.116 11.5
    endloop
  endfacet
  facet normal -0.234481 -0.972121 -0
    outer loop
      vertex 152.902 -113.164 11.5
      vertex 152.703 -113.116 5
      vertex 152.902 -113.164 5
    endloop
  endfacet
  facet normal 0 0 1
    outer loop
      vertex 151.736 -113.348 5
      vertex 151.448 -113.636 5
      vertex 151.342 -113.81 5
    endloop
  endfacet
  facet normal 0.923657 -0.38322 0
    outer loop
      vertex 151.264 -113.998 11.5
      vertex 151.342 -113.81 5
      vertex 151.342 -113.81 11.5
    endloop
  endfacet
  facet normal 0.923657 -0.38322 0
    outer loop
      vertex 151.342 -113.81 5
      vertex 151.264 -113.998 11.5
      vertex 151.264 -113.998 5
    endloop
  endfacet
  facet normal 0.761243 -0.648466 0
    outer loop
      vertex 151.563 -113.501 11.5
      vertex 151.448 -113.636 11.5
      vertex 151.448 -113.636 5
    endloop
  endfacet
  facet normal 0.996851 -0.079295 0
    outer loop
      vertex 151.216 -114.197 5
      vertex 151.216 -114.197 11.5
      vertex 151.202 -114.373 11.5
    endloop
  endfacet
  facet normal 0.0785741 -0.996908 0
    outer loop
      vertex 152.297 -113.116 5
      vertex 152.5 -113.1 11.5
      vertex 152.297 -113.116 11.5
    endloop
  endfacet
  facet normal 0.0785741 -0.996908 0
    outer loop
      vertex 152.5 -113.1 11.5
      vertex 152.297 -113.116 5
      vertex 152.5 -113.1 5
    endloop
  endfacet
  facet normal -0 -0 1
    outer loop
      vertex 151.91 -115.558 5
      vertex 152.297 -115.684 5
      vertex 151.581 -115.319 5
    endloop
  endfacet
  facet normal -0 -0 1
    outer loop
      vertex 151.736 -115.452 5
      vertex 151.91 -115.558 5
      vertex 151.581 -115.319 5
    endloop
  endfacet
  facet normal -0.854009 0.520258 -1.51018e-06
    outer loop
      vertex 153.552 -115.164 5
      vertex 153.566 -115.141 11.5
      vertex 153.658 -114.99 5
    endloop
  endfacet
  facet normal -0.854199 0.519947 0
    outer loop
      vertex 153.566 -115.141 11.5
      vertex 153.552 -115.164 5
      vertex 153.552 -115.164 11.5
    endloop
  endfacet
  facet normal 0 -0 1
    outer loop
      vertex 153.658 -114.99 5
      vertex 153.784 -114.603 5
      vertex 153.552 -115.164 5
    endloop
  endfacet
  facet normal -0.758911 0.651194 0
    outer loop
      vertex 153.419 -115.319 5
      vertex 153.552 -115.164 11.5
      vertex 153.552 -115.164 5
    endloop
  endfacet
  facet normal -0.758911 0.651194 0
    outer loop
      vertex 153.552 -115.164 11.5
      vertex 153.419 -115.319 5
      vertex 153.419 -115.319 11.5
    endloop
  endfacet
  facet normal -0.38322 0.923657 5.291e-05
    outer loop
      vertex 152.902 -115.636 5
      vertex 152.927 -115.626 11.5
      vertex 153.09 -115.558 5
    endloop
  endfacet
  facet normal -0.371391 0.928477 0
    outer loop
      vertex 152.927 -115.626 11.5
      vertex 152.902 -115.636 5
      vertex 152.902 -115.636 11.5
    endloop
  endfacet
  facet normal -0.079295 0.996851 0
    outer loop
      vertex 152.5 -115.7 11.5
      vertex 152.676 -115.686 11.5
      vertex 152.5 -115.7 5
    endloop
  endfacet
  facet normal 0.079295 0.996851 0
    outer loop
      vertex 152.5 -115.7 11.5
      vertex 152.5 -115.7 5
      vertex 152.324 -115.686 11.5
    endloop
  endfacet
  facet normal -0.520258 0.854009 0
    outer loop
      vertex 153.264 -115.452 5
      vertex 153.09 -115.558 11.5
      vertex 153.264 -115.452 11.5
    endloop
  endfacet
  facet normal -0.520258 0.854009 0
    outer loop
      vertex 153.09 -115.558 11.5
      vertex 153.264 -115.452 5
      vertex 153.09 -115.558 5
    endloop
  endfacet
  facet normal -0.650791 -0.759257 0
    outer loop
      vertex 153.264 -113.348 5
      vertex 153.285 -113.366 11.5
      vertex 153.264 -113.348 11.5
    endloop
  endfacet
  facet normal -0.651194 -0.758911 2.25978e-06
    outer loop
      vertex 153.285 -113.366 11.5
      vertex 153.264 -113.348 5
      vertex 153.419 -113.481 5
    endloop
  endfacet
  facet normal -0.651258 -0.758857 0
    outer loop
      vertex 153.419 -113.481 5
      vertex 153.419 -113.481 11.5
      vertex 153.285 -113.366 11.5
    endloop
  endfacet
  facet normal -0.972121 -0.234481 7.66574e-05
    outer loop
      vertex 153.784 -114.197 5
      vertex 153.778 -114.17 11.5
      vertex 153.736 -113.998 5
    endloop
  endfacet
  facet normal -0.976187 -0.21693 0
    outer loop
      vertex 153.778 -114.17 11.5
      vertex 153.784 -114.197 5
      vertex 153.784 -114.197 11.5
    endloop
  endfacet
  facet normal 0 0 1
    outer loop
      vertex 153.8 -114.4 5
      vertex 153.784 -114.197 5
      vertex 153.736 -113.998 5
    endloop
  endfacet
  facet normal -0 -0 1
    outer loop
      vertex 151.264 -114.802 5
      vertex 151.342 -114.99 5
      vertex 151.216 -114.603 5
    endloop
  endfacet
  facet normal 0 0 1
    outer loop
      vertex 151.736 -113.348 5
      vertex 151.342 -113.81 5
      vertex 151.2 -114.4 5
    endloop
  endfacet
  facet normal 0.971457 -0.237216 0
    outer loop
      vertex 151.264 -113.998 5
      vertex 151.264 -113.998 11.5
      vertex 151.222 -114.17 11.5
    endloop
  endfacet
  facet normal -0 0 1
    outer loop
      vertex 152.297 -113.116 5
      vertex 153.09 -113.242 5
      vertex 152.703 -113.116 5
    endloop
  endfacet
  facet normal 0 0 1
    outer loop
      vertex 153.09 -113.242 5
      vertex 152.297 -113.116 5
      vertex 151.91 -113.242 5
    endloop
  endfacet
  facet normal 0.402739 -0.915315 0
    outer loop
      vertex 151.91 -113.242 5
      vertex 151.935 -113.231 11.5
      vertex 151.91 -113.242 11.5
    endloop
  endfacet
  facet normal 0.38322 -0.923657 8.91911e-05
    outer loop
      vertex 151.935 -113.231 11.5
      vertex 151.91 -113.242 5
      vertex 152.098 -113.164 5
    endloop
  endfacet
  facet normal -0 -0 1
    outer loop
      vertex 152.098 -115.636 5
      vertex 152.297 -115.684 5
      vertex 151.91 -115.558 5
    endloop
  endfacet
  facet normal 0.371391 0.928477 -0
    outer loop
      vertex 152.098 -115.636 5
      vertex 152.073 -115.626 11.5
      vertex 152.098 -115.636 11.5
    endloop
  endfacet
  facet normal 0.38322 0.923657 5.291e-05
    outer loop
      vertex 152.073 -115.626 11.5
      vertex 152.098 -115.636 5
      vertex 151.91 -115.558 5
    endloop
  endfacet
  facet normal 0.758911 0.651194 0
    outer loop
      vertex 151.581 -115.319 11.5
      vertex 151.448 -115.164 5
      vertex 151.448 -115.164 11.5
    endloop
  endfacet
  facet normal 0.758911 0.651194 0
    outer loop
      vertex 151.448 -115.164 5
      vertex 151.581 -115.319 11.5
      vertex 151.581 -115.319 5
    endloop
  endfacet
  facet normal 0.854199 0.519947 -0
    outer loop
      vertex 151.448 -115.164 5
      vertex 151.434 -115.141 11.5
      vertex 151.448 -115.164 11.5
    endloop
  endfacet
  facet normal 0.854009 0.520258 -1.51018e-06
    outer loop
      vertex 151.434 -115.141 11.5
      vertex 151.448 -115.164 5
      vertex 151.342 -114.99 5
    endloop
  endfacet
  facet normal 0 -0 1
    outer loop
      vertex 153.736 -114.802 5
      vertex 153.784 -114.603 5
      vertex 153.658 -114.99 5
    endloop
  endfacet
  facet normal -0.976187 0.21693 0
    outer loop
      vertex 153.784 -114.603 5
      vertex 153.778 -114.63 11.5
      vertex 153.784 -114.603 11.5
    endloop
  endfacet
  facet normal -0.972121 0.234481 7.66574e-05
    outer loop
      vertex 153.778 -114.63 11.5
      vertex 153.784 -114.603 5
      vertex 153.736 -114.802 5
    endloop
  endfacet
  facet normal 0 -0 1
    outer loop
      vertex 153.419 -115.319 5
      vertex 153.8 -114.4 5
      vertex 152.703 -115.684 5
    endloop
  endfacet
  facet normal 0 -0 1
    outer loop
      vertex 153.784 -114.603 5
      vertex 153.8 -114.4 5
      vertex 153.419 -115.319 5
    endloop
  endfacet
  facet normal 0.923657 0.38322 0
    outer loop
      vertex 151.342 -114.99 11.5
      vertex 151.264 -114.802 5
      vertex 151.264 -114.802 11.5
    endloop
  endfacet
  facet normal 0.923657 0.38322 0
    outer loop
      vertex 151.264 -114.802 5
      vertex 151.342 -114.99 11.5
      vertex 151.342 -114.99 5
    endloop
  endfacet
  facet normal 0 0 1
    outer loop
      vertex 151.342 -113.81 5
      vertex 151.264 -113.998 5
      vertex 151.2 -114.4 5
    endloop
  endfacet
  facet normal 0 0 1
    outer loop
      vertex 151.264 -113.998 5
      vertex 151.216 -114.197 5
      vertex 151.2 -114.4 5
    endloop
  endfacet
  facet normal 0 0 1
    outer loop
      vertex 152.703 -113.116 5
      vertex 152.5 -113.1 5
      vertex 152.297 -113.116 5
    endloop
  endfacet
  facet normal 0.520258 0.854009 -0
    outer loop
      vertex 151.91 -115.558 5
      vertex 151.736 -115.452 11.5
      vertex 151.91 -115.558 11.5
    endloop
  endfacet
  facet normal 0.520258 0.854009 0
    outer loop
      vertex 151.736 -115.452 11.5
      vertex 151.91 -115.558 5
      vertex 151.736 -115.452 5
    endloop
  endfacet
  facet normal 0.385017 0.922909 0
    outer loop
      vertex 151.91 -115.558 11.5
      vertex 152.073 -115.626 11.5
      vertex 151.91 -115.558 5
    endloop
  endfacet
  facet normal 0.651194 0.758911 9.7924e-05
    outer loop
      vertex 151.581 -115.319 5
      vertex 151.601 -115.337 11.5
      vertex 151.736 -115.452 5
    endloop
  endfacet
  facet normal 0.668965 0.743294 0
    outer loop
      vertex 151.601 -115.337 11.5
      vertex 151.581 -115.319 5
      vertex 151.581 -115.319 11.5
    endloop
  endfacet
  facet normal 0 0 1
    outer loop
      vertex 12.4989 -9.17398 1.91
      vertex 12.3469 -8.54077 1.91
      vertex 11.3345 -6.88869 1.91
    endloop
  endfacet
  facet normal 0.64945 -0.760404 0
    outer loop
      vertex 5.95833 -6.46778 4
      vertex 5.46551 -6.88869 4
      vertex 5.46551 -6.88869 1.91
    endloop
  endfacet
  facet normal 0 0 1
    outer loop
      vertex 12.55 -9.82319 1.91
      vertex 12.4989 -9.17398 1.91
      vertex 12.3469 -11.1056 1.91
    endloop
  endfacet
  facet normal -0.382653 0.923892 0
    outer loop
      vertex 9.68242 -13.7701 4
      vertex 10.2812 -13.5221 4
      vertex 9.68242 -13.7701 1.91
    endloop
  endfacet
  facet normal -0.0784696 0.996917 0
    outer loop
      vertex 9.0492 -13.9221 4
      vertex 8.4 -13.9732 1.91
      vertex 8.4 -13.9732 4
    endloop
  endfacet
  facet normal -0.0784696 0.996917 0
    outer loop
      vertex 8.4 -13.9732 1.91
      vertex 9.0492 -13.9221 4
      vertex 9.0492 -13.9221 1.91
    endloop
  endfacet
  facet normal 0.92388 0.382682 0
    outer loop
      vertex 4.45311 -11.1056 4
      vertex 4.70114 -11.7044 4
      vertex 4.45311 -11.1056 1.91
    endloop
  endfacet
  facet normal -0.649456 0.760399 0
    outer loop
      vertex 10.8393 -13.1806 4
      vertex 11.3321 -12.7597 4
      vertex 10.8393 -13.1806 1.91
    endloop
  endfacet
  facet normal 0 -0 1
    outer loop
      vertex 10.8393 -13.1806 1.91
      vertex 11.3345 -6.88869 1.91
      vertex 9.68242 -5.8763 1.91
    endloop
  endfacet
  facet normal -0.384157 -0.923268 0
    outer loop
      vertex 9.68242 -5.8763 1.91
      vertex 9.68528 -5.87749 4
      vertex 9.68242 -5.8763 4
    endloop
  endfacet
  facet normal -0.382665 -0.923887 -2.39408e-06
    outer loop
      vertex 9.68528 -5.87749 4
      vertex 9.68242 -5.8763 1.91
      vertex 10.2841 -6.12551 1.91
    endloop
  endfacet
  facet normal 0.923878 -0.382687 0
    outer loop
      vertex 4.70232 -7.93913 4
      vertex 4.45311 -8.54077 1.91
      vertex 4.70232 -7.93913 1.91
    endloop
  endfacet
  facet normal 0.923878 -0.382687 0
    outer loop
      vertex 4.45311 -8.54077 1.91
      vertex 4.70232 -7.93913 4
      vertex 4.45311 -8.54077 4
    endloop
  endfacet
  facet normal -0.233441 -0.972371 -2.33793e-06
    outer loop
      vertex 9.68242 -5.8763 1.91
      vertex 9.6794 -5.87558 4
      vertex 9.0492 -5.72428 1.91
    endloop
  endfacet
  facet normal -0.231911 -0.972737 0
    outer loop
      vertex 9.6794 -5.87558 4
      vertex 9.68242 -5.8763 1.91
      vertex 9.68242 -5.8763 4
    endloop
  endfacet
  facet normal 0 0 1
    outer loop
      vertex 10.8393 -13.1806 1.91
      vertex 9.68242 -5.8763 1.91
      vertex 9.0492 -13.9221 1.91
    endloop
  endfacet
  facet normal 0 -0 1
    outer loop
      vertex 12.4989 -10.4724 1.91
      vertex 12.55 -9.82319 1.91
      vertex 12.3469 -11.1056 1.91
    endloop
  endfacet
  facet normal -0.973841 0.22723 0
    outer loop
      vertex 12.4989 -10.4724 1.91
      vertex 12.4982 -10.4754 4
      vertex 12.4989 -10.4724 4
    endloop
  endfacet
  facet normal -0.972376 0.233419 9.37557e-06
    outer loop
      vertex 12.4982 -10.4754 4
      vertex 12.4989 -10.4724 1.91
      vertex 12.3469 -11.1056 1.91
    endloop
  endfacet
  facet normal 0 -0 1
    outer loop
      vertex 12.3469 -11.1056 1.91
      vertex 12.4989 -9.17398 1.91
      vertex 10.8393 -13.1806 1.91
    endloop
  endfacet
  facet normal -0.547249 0.83697 0
    outer loop
      vertex 10.2867 -13.5192 4
      vertex 10.2841 -13.5209 1.91
      vertex 10.2841 -13.5209 4
    endloop
  endfacet
  facet normal -0.52258 0.85259 -4.33948e-05
    outer loop
      vertex 10.2841 -13.5209 1.91
      vertex 10.2867 -13.5192 4
      vertex 10.8393 -13.1806 1.91
    endloop
  endfacet
  facet normal 0.522461 0.852663 0
    outer loop
      vertex 5.96069 -13.1806 4
      vertex 6.51329 -13.5192 4
      vertex 5.96069 -13.1806 1.91
    endloop
  endfacet
  facet normal -0 -0 1
    outer loop
      vertex 4.30109 -10.4724 1.91
      vertex 4.45311 -11.1056 1.91
      vertex 4.25 -9.82319 1.91
    endloop
  endfacet
  facet normal 0 0 1
    outer loop
      vertex 5.46551 -6.88869 1.91
      vertex 4.45311 -8.54077 1.91
      vertex 4.30109 -9.17398 1.91
    endloop
  endfacet
  facet normal 0 -0 1
    outer loop
      vertex 11.3345 -12.7577 1.91
      vertex 12.0977 -11.7072 1.91
      vertex 10.8393 -13.1806 1.91
    endloop
  endfacet
  facet normal -0.996917 0.0784684 0
    outer loop
      vertex 12.4989 -10.4724 1.91
      vertex 12.55 -9.82319 4
      vertex 12.55 -9.82319 1.91
    endloop
  endfacet
  facet normal -0.996917 0.0784684 0
    outer loop
      vertex 12.55 -9.82319 4
      vertex 12.4989 -10.4724 1.91
      vertex 12.4989 -10.4724 4
    endloop
  endfacet
  facet normal -0.972377 -0.233416 0
    outer loop
      vertex 12.4989 -9.17398 1.91
      vertex 12.3469 -8.54077 4
      vertex 12.3469 -8.54077 1.91
    endloop
  endfacet
  facet normal -0.972377 -0.233416 0
    outer loop
      vertex 12.3469 -8.54077 4
      vertex 12.4989 -9.17398 1.91
      vertex 12.4989 -9.17398 4
    endloop
  endfacet
  facet normal 0 -0 1
    outer loop
      vertex 11.7574 -12.2625 1.91
      vertex 12.0977 -11.7072 1.91
      vertex 11.3345 -12.7577 1.91
    endloop
  endfacet
  facet normal 0 -0 1
    outer loop
      vertex 8.4 -13.9732 1.91
      vertex 9.0492 -13.9221 1.91
      vertex 7.7508 -13.9221 1.91
    endloop
  endfacet
  facet normal 0 0 1
    outer loop
      vertex 12.4989 -9.17398 1.91
      vertex 11.3345 -6.88869 1.91
      vertex 10.8393 -13.1806 1.91
    endloop
  endfacet
  facet normal 0 0 1
    outer loop
      vertex 9.68242 -5.8763 1.91
      vertex 7.7508 -13.9221 1.91
      vertex 9.0492 -13.9221 1.91
    endloop
  endfacet
  facet normal 0 -0 1
    outer loop
      vertex 7.7508 -13.9221 1.91
      vertex 9.68242 -5.8763 1.91
      vertex 7.11758 -5.8763 1.91
    endloop
  endfacet
  facet normal 0.649433 0.760419 0
    outer loop
      vertex 5.96069 -13.1806 4
      vertex 5.96069 -13.1806 1.91
      vertex 5.46786 -12.7597 4
    endloop
  endfacet
  facet normal 0 0 1
    outer loop
      vertex 9.68242 -5.8763 1.91
      vertex 8.4 -5.67319 1.91
      vertex 7.11758 -5.8763 1.91
    endloop
  endfacet
  facet normal -0 -0 1
    outer loop
      vertex 4.45311 -11.1056 1.91
      vertex 5.96069 -13.1806 1.91
      vertex 4.30109 -9.17398 1.91
    endloop
  endfacet
  facet normal 0 -0 1
    outer loop
      vertex 5.96069 -13.1806 1.91
      vertex 7.11758 -5.8763 1.91
      vertex 5.46551 -6.88869 1.91
    endloop
  endfacet
  facet normal 0 0 1
    outer loop
      vertex 7.7508 -13.9221 1.91
      vertex 7.11758 -5.8763 1.91
      vertex 5.96069 -13.1806 1.91
    endloop
  endfacet
  facet normal 0.996918 0.0784531 0
    outer loop
      vertex 4.25 -9.82319 4
      vertex 4.30109 -10.4724 1.91
      vertex 4.25 -9.82319 1.91
    endloop
  endfacet
  facet normal 0.996918 0.0784531 -0
    outer loop
      vertex 4.30109 -10.4724 1.91
      vertex 4.25 -9.82319 4
      vertex 4.30109 -10.4724 4
    endloop
  endfacet
  facet normal -0.382658 -0.92389 0
    outer loop
      vertex 10.2841 -6.12551 1.91
      vertex 10.2841 -6.12551 4
      vertex 9.68528 -5.87749 4
    endloop
  endfacet
  facet normal -0.649465 -0.760391 0
    outer loop
      vertex 11.3345 -6.88869 1.91
      vertex 11.3345 -6.88869 4
      vertex 10.8417 -6.46778 4
    endloop
  endfacet
  facet normal 0 -0 1
    outer loop
      vertex 12.0977 -11.7072 1.91
      vertex 12.3469 -11.1056 1.91
      vertex 10.8393 -13.1806 1.91
    endloop
  endfacet
  facet normal 0 0 1
    outer loop
      vertex 12.3469 -8.54077 1.91
      vertex 12.0977 -7.93913 1.91
      vertex 11.7574 -7.38388 1.91
    endloop
  endfacet
  facet normal -0.852611 -0.522546 0
    outer loop
      vertex 12.0977 -7.93913 1.91
      vertex 11.7574 -7.38388 4
      vertex 11.7574 -7.38388 1.91
    endloop
  endfacet
  facet normal -0.852611 -0.522546 0
    outer loop
      vertex 11.7574 -7.38388 4
      vertex 12.0977 -7.93913 1.91
      vertex 12.0977 -7.93913 4
    endloop
  endfacet
  facet normal -0.522461 0.852663 0
    outer loop
      vertex 10.8393 -13.1806 4
      vertex 10.8393 -13.1806 1.91
      vertex 10.2867 -13.5192 4
    endloop
  endfacet
  facet normal -0.760437 0.649412 -1.80453e-05
    outer loop
      vertex 11.3345 -12.7577 1.91
      vertex 11.3365 -12.7553 4
      vertex 11.7574 -12.2625 1.91
    endloop
  endfacet
  facet normal -0.768221 0.640184 0
    outer loop
      vertex 11.3365 -12.7553 4
      vertex 11.3345 -12.7577 1.91
      vertex 11.3345 -12.7577 4
    endloop
  endfacet
  facet normal -0.640184 0.768221 0
    outer loop
      vertex 11.3345 -12.7577 1.91
      vertex 11.3321 -12.7597 4
      vertex 11.3345 -12.7577 4
    endloop
  endfacet
  facet normal -0.649412 0.760437 -1.80453e-05
    outer loop
      vertex 11.3321 -12.7597 4
      vertex 11.3345 -12.7577 1.91
      vertex 10.8393 -13.1806 1.91
    endloop
  endfacet
  facet normal -0.233412 0.972378 0
    outer loop
      vertex 9.68242 -13.7701 1.91
      vertex 9.0492 -13.9221 4
      vertex 9.68242 -13.7701 4
    endloop
  endfacet
  facet normal -0.233412 0.972378 0
    outer loop
      vertex 9.0492 -13.9221 4
      vertex 9.68242 -13.7701 1.91
      vertex 9.0492 -13.9221 1.91
    endloop
  endfacet
  facet normal 0 -0 1
    outer loop
      vertex 9.68242 -13.7701 1.91
      vertex 10.8393 -13.1806 1.91
      vertex 9.0492 -13.9221 1.91
    endloop
  endfacet
  facet normal 0.0784696 0.996917 -0
    outer loop
      vertex 8.4 -13.9732 1.91
      vertex 7.7508 -13.9221 4
      vertex 8.4 -13.9732 4
    endloop
  endfacet
  facet normal 0.0784696 0.996917 0
    outer loop
      vertex 7.7508 -13.9221 4
      vertex 8.4 -13.9732 1.91
      vertex 7.7508 -13.9221 1.91
    endloop
  endfacet
  facet normal -0.996917 -0.0784684 0
    outer loop
      vertex 12.55 -9.82319 1.91
      vertex 12.4989 -9.17398 4
      vertex 12.4989 -9.17398 1.91
    endloop
  endfacet
  facet normal -0.996917 -0.0784684 0
    outer loop
      vertex 12.4989 -9.17398 4
      vertex 12.55 -9.82319 1.91
      vertex 12.55 -9.82319 4
    endloop
  endfacet
  facet normal 0.23264 -0.972563 0
    outer loop
      vertex 7.11758 -5.8763 1.91
      vertex 7.12059 -5.87558 4
      vertex 7.11758 -5.8763 4
    endloop
  endfacet
  facet normal 0.233441 -0.972371 -1.22098e-06
    outer loop
      vertex 7.12059 -5.87558 4
      vertex 7.11758 -5.8763 1.91
      vertex 7.7508 -5.72428 1.91
    endloop
  endfacet
  facet normal 0.0784543 -0.996918 1.51364e-06
    outer loop
      vertex 8.4 -5.67319 1.91
      vertex 8.39691 -5.67343 4
      vertex 7.7508 -5.72428 1.91
    endloop
  endfacet
  facet normal 0.0774367 -0.996997 0
    outer loop
      vertex 8.39691 -5.67343 4
      vertex 8.4 -5.67319 1.91
      vertex 8.4 -5.67319 4
    endloop
  endfacet
  facet normal 0 0 1
    outer loop
      vertex 8.4 -5.67319 1.91
      vertex 7.7508 -5.72428 1.91
      vertex 7.11758 -5.8763 1.91
    endloop
  endfacet
  facet normal 0 0 1
    outer loop
      vertex 5.46551 -6.88869 1.91
      vertex 5.04258 -7.38388 1.91
      vertex 4.45311 -8.54077 1.91
    endloop
  endfacet
  facet normal 0 0 1
    outer loop
      vertex 5.96069 -13.1806 1.91
      vertex 5.46551 -6.88869 1.91
      vertex 4.30109 -9.17398 1.91
    endloop
  endfacet
  facet normal 0.972373 0.233434 0
    outer loop
      vertex 4.45311 -11.1056 4
      vertex 4.45311 -11.1056 1.91
      vertex 4.30182 -10.4754 4
    endloop
  endfacet
  facet normal 0.386904 0.92212 0
    outer loop
      vertex 6.5188 -13.5221 4
      vertex 6.51594 -13.5209 1.91
      vertex 6.51594 -13.5209 4
    endloop
  endfacet
  facet normal 0.382674 0.923884 6.80076e-06
    outer loop
      vertex 6.51594 -13.5209 1.91
      vertex 6.5188 -13.5221 4
      vertex 7.11758 -13.7701 1.91
    endloop
  endfacet
  facet normal -0 -0 1
    outer loop
      vertex 7.11758 -13.7701 1.91
      vertex 7.7508 -13.9221 1.91
      vertex 5.96069 -13.1806 1.91
    endloop
  endfacet
  facet normal 0.760414 0.649438 -1.0821e-05
    outer loop
      vertex 5.46349 -12.7553 4
      vertex 5.46551 -12.7577 1.91
      vertex 5.04258 -12.2625 1.91
    endloop
  endfacet
  facet normal 0.765077 0.643939 -0
    outer loop
      vertex 5.46551 -12.7577 1.91
      vertex 5.46349 -12.7553 4
      vertex 5.46551 -12.7577 4
    endloop
  endfacet
  facet normal 0.923869 0.382708 8.89082e-06
    outer loop
      vertex 4.70114 -11.7044 4
      vertex 4.70232 -11.7072 1.91
      vertex 4.45311 -11.1056 1.91
    endloop
  endfacet
  facet normal 0.921511 0.388351 -0
    outer loop
      vertex 4.70232 -11.7072 1.91
      vertex 4.70114 -11.7044 4
      vertex 4.70232 -11.7072 4
    endloop
  endfacet
  facet normal 0 0 1
    outer loop
      vertex 4.45311 -11.1056 1.91
      vertex 4.30109 -9.17398 1.91
      vertex 4.25 -9.82319 1.91
    endloop
  endfacet
  facet normal 0.97237 -0.233445 0
    outer loop
      vertex 4.30109 -9.17398 4
      vertex 4.45311 -8.54077 1.91
      vertex 4.45311 -8.54077 4
    endloop
  endfacet
  facet normal 0.97237 -0.233445 0
    outer loop
      vertex 4.45311 -8.54077 1.91
      vertex 4.30109 -9.17398 4
      vertex 4.30109 -9.17398 1.91
    endloop
  endfacet
  facet normal 0.382653 0.923892 0
    outer loop
      vertex 7.11758 -13.7701 4
      vertex 7.11758 -13.7701 1.91
      vertex 6.5188 -13.5221 4
    endloop
  endfacet
  facet normal 0.233412 0.972378 0
    outer loop
      vertex 7.7508 -13.9221 4
      vertex 7.11758 -13.7701 1.91
      vertex 7.11758 -13.7701 4
    endloop
  endfacet
  facet normal 0.233412 0.972378 0
    outer loop
      vertex 7.11758 -13.7701 1.91
      vertex 7.7508 -13.9221 4
      vertex 7.7508 -13.9221 1.91
    endloop
  endfacet
  facet normal -0.923875 0.382695 1.77523e-05
    outer loop
      vertex 12.0977 -11.7072 1.91
      vertex 12.0989 -11.7044 4
      vertex 12.3469 -11.1056 1.91
    endloop
  endfacet
  facet normal -0.919145 0.393919 0
    outer loop
      vertex 12.0989 -11.7044 4
      vertex 12.0977 -11.7072 1.91
      vertex 12.0977 -11.7072 4
    endloop
  endfacet
  facet normal -0.760399 0.649456 0
    outer loop
      vertex 11.7574 -12.2625 4
      vertex 11.7574 -12.2625 1.91
      vertex 11.3365 -12.7553 4
    endloop
  endfacet
  facet normal -0.760419 -0.649433 0
    outer loop
      vertex 11.7554 -7.38152 4
      vertex 11.3345 -6.88869 4
      vertex 11.3345 -6.88869 1.91
    endloop
  endfacet
  facet normal -0.382352 0.924017 0
    outer loop
      vertex 10.2841 -13.5209 1.91
      vertex 10.2812 -13.5221 4
      vertex 10.2841 -13.5209 4
    endloop
  endfacet
  facet normal -0.382652 0.923893 -4.8784e-07
    outer loop
      vertex 10.2812 -13.5221 4
      vertex 10.2841 -13.5209 1.91
      vertex 9.68242 -13.7701 1.91
    endloop
  endfacet
  facet normal 0 -0 1
    outer loop
      vertex 10.2841 -13.5209 1.91
      vertex 10.8393 -13.1806 1.91
      vertex 9.68242 -13.7701 1.91
    endloop
  endfacet
  facet normal -0.923884 -0.382674 0
    outer loop
      vertex 12.3469 -8.54077 1.91
      vertex 12.0977 -7.93913 4
      vertex 12.0977 -7.93913 1.91
    endloop
  endfacet
  facet normal -0.923884 -0.382674 0
    outer loop
      vertex 12.0977 -7.93913 4
      vertex 12.3469 -8.54077 1.91
      vertex 12.3469 -8.54077 4
    endloop
  endfacet
  facet normal 0.523016 -0.852323 0
    outer loop
      vertex 5.96069 -6.46577 1.91
      vertex 5.96333 -6.46415 4
      vertex 5.96069 -6.46577 4
    endloop
  endfacet
  facet normal 0.522501 -0.852639 8.95347e-07
    outer loop
      vertex 5.96333 -6.46415 4
      vertex 5.96069 -6.46577 1.91
      vertex 6.51594 -6.12551 1.91
    endloop
  endfacet
  facet normal 0 0 1
    outer loop
      vertex 7.11758 -5.8763 1.91
      vertex 5.96069 -6.46577 1.91
      vertex 5.46551 -6.88869 1.91
    endloop
  endfacet
  facet normal 0.382685 -0.923879 0
    outer loop
      vertex 7.11471 -5.87749 4
      vertex 6.51594 -6.12551 4
      vertex 6.51594 -6.12551 1.91
    endloop
  endfacet
  facet normal 0 0 1
    outer loop
      vertex 9.68242 -5.8763 1.91
      vertex 9.0492 -5.72428 1.91
      vertex 8.4 -5.67319 1.91
    endloop
  endfacet
  facet normal -0.0774367 -0.996997 0
    outer loop
      vertex 8.4 -5.67319 1.91
      vertex 8.40309 -5.67343 4
      vertex 8.4 -5.67319 4
    endloop
  endfacet
  facet normal -0.0784543 -0.996918 1.51364e-06
    outer loop
      vertex 8.40309 -5.67343 4
      vertex 8.4 -5.67319 1.91
      vertex 9.0492 -5.72428 1.91
    endloop
  endfacet
  facet normal 0.233445 -0.97237 0
    outer loop
      vertex 7.7508 -5.72428 1.91
      vertex 7.7508 -5.72428 4
      vertex 7.12059 -5.87558 4
    endloop
  endfacet
  facet normal 0.0784592 -0.996917 0
    outer loop
      vertex 8.39691 -5.67343 4
      vertex 7.7508 -5.72428 4
      vertex 7.7508 -5.72428 1.91
    endloop
  endfacet
  facet normal -0.522535 -0.852618 1.08366e-05
    outer loop
      vertex 10.8393 -6.46577 1.91
      vertex 10.8367 -6.46415 4
      vertex 10.2841 -6.12551 1.91
    endloop
  endfacet
  facet normal -0.528825 -0.848731 0
    outer loop
      vertex 10.8367 -6.46415 4
      vertex 10.8393 -6.46577 1.91
      vertex 10.8393 -6.46577 4
    endloop
  endfacet
  facet normal -0.642068 -0.766648 0
    outer loop
      vertex 10.8393 -6.46577 1.91
      vertex 10.8417 -6.46778 4
      vertex 10.8393 -6.46577 4
    endloop
  endfacet
  facet normal -0.64943 -0.760422 1.44418e-05
    outer loop
      vertex 10.8417 -6.46778 4
      vertex 10.8393 -6.46577 1.91
      vertex 11.3345 -6.88869 1.91
    endloop
  endfacet
  facet normal -0.233449 -0.972369 0
    outer loop
      vertex 9.6794 -5.87558 4
      vertex 9.0492 -5.72428 4
      vertex 9.0492 -5.72428 1.91
    endloop
  endfacet
  facet normal -0.0784592 -0.996917 0
    outer loop
      vertex 9.0492 -5.72428 1.91
      vertex 9.0492 -5.72428 4
      vertex 8.40309 -5.67343 4
    endloop
  endfacet
  facet normal 0.760403 -0.649451 0
    outer loop
      vertex 5.46551 -6.88869 1.91
      vertex 5.46551 -6.88869 4
      vertex 5.04459 -7.38152 4
    endloop
  endfacet
  facet normal 0.852639 -0.522501 0
    outer loop
      vertex 4.70232 -7.93913 4
      vertex 5.04258 -7.38388 1.91
      vertex 5.04258 -7.38388 4
    endloop
  endfacet
  facet normal 0.852639 -0.522501 0
    outer loop
      vertex 5.04258 -7.38388 1.91
      vertex 4.70232 -7.93913 4
      vertex 4.70232 -7.93913 1.91
    endloop
  endfacet
  facet normal 0 0 1
    outer loop
      vertex 5.04258 -7.38388 1.91
      vertex 4.70232 -7.93913 1.91
      vertex 4.45311 -8.54077 1.91
    endloop
  endfacet
  facet normal 0.539955 0.841694 -0
    outer loop
      vertex 6.51594 -13.5209 1.91
      vertex 6.51329 -13.5192 4
      vertex 6.51594 -13.5209 4
    endloop
  endfacet
  facet normal 0.522546 0.852611 -3.09533e-05
    outer loop
      vertex 6.51329 -13.5192 4
      vertex 6.51594 -13.5209 1.91
      vertex 5.96069 -13.1806 1.91
    endloop
  endfacet
  facet normal -0 -0 1
    outer loop
      vertex 6.51594 -13.5209 1.91
      vertex 7.11758 -13.7701 1.91
      vertex 5.96069 -13.1806 1.91
    endloop
  endfacet
  facet normal -0 -0 1
    outer loop
      vertex 4.70232 -11.7072 1.91
      vertex 5.96069 -13.1806 1.91
      vertex 4.45311 -11.1056 1.91
    endloop
  endfacet
  facet normal 0.648119 0.761539 0
    outer loop
      vertex 5.46786 -12.7597 4
      vertex 5.46551 -12.7577 1.91
      vertex 5.46551 -12.7577 4
    endloop
  endfacet
  facet normal 0.649427 0.760424 -2.5386e-06
    outer loop
      vertex 5.46551 -12.7577 1.91
      vertex 5.46786 -12.7597 4
      vertex 5.96069 -13.1806 1.91
    endloop
  endfacet
  facet normal 0.971647 0.236434 0
    outer loop
      vertex 4.30182 -10.4754 4
      vertex 4.30109 -10.4724 1.91
      vertex 4.30109 -10.4724 4
    endloop
  endfacet
  facet normal 0.972369 0.233448 -4.53786e-06
    outer loop
      vertex 4.30109 -10.4724 1.91
      vertex 4.30182 -10.4754 4
      vertex 4.45311 -11.1056 1.91
    endloop
  endfacet
  facet normal 0.522499 -0.85264 0
    outer loop
      vertex 6.51594 -6.12551 1.91
      vertex 6.51594 -6.12551 4
      vertex 5.96333 -6.46415 4
    endloop
  endfacet
  facet normal 0.649445 -0.760409 2.04216e-06
    outer loop
      vertex 5.96069 -6.46577 1.91
      vertex 5.95833 -6.46778 4
      vertex 5.46551 -6.88869 1.91
    endloop
  endfacet
  facet normal 0.648397 -0.761302 0
    outer loop
      vertex 5.95833 -6.46778 4
      vertex 5.96069 -6.46577 1.91
      vertex 5.96069 -6.46577 4
    endloop
  endfacet
  facet normal -0.923896 0.382642 0
    outer loop
      vertex 12.3469 -11.1056 4
      vertex 12.3469 -11.1056 1.91
      vertex 12.0989 -11.7044 4
    endloop
  endfacet
  facet normal -0.972369 0.233449 0
    outer loop
      vertex 12.3469 -11.1056 4
      vertex 12.4982 -10.4754 4
      vertex 12.3469 -11.1056 1.91
    endloop
  endfacet
  facet normal -0.852632 0.522512 0
    outer loop
      vertex 11.7574 -12.2625 1.91
      vertex 12.0977 -11.7072 4
      vertex 12.0977 -11.7072 1.91
    endloop
  endfacet
  facet normal -0.852632 0.522512 0
    outer loop
      vertex 12.0977 -11.7072 4
      vertex 11.7574 -12.2625 1.91
      vertex 11.7574 -12.2625 4
    endloop
  endfacet
  facet normal 0 0 1
    outer loop
      vertex 12.3469 -8.54077 1.91
      vertex 11.7574 -7.38388 1.91
      vertex 11.3345 -6.88869 1.91
    endloop
  endfacet
  facet normal -0.76043 -0.649419 5.63115e-06
    outer loop
      vertex 11.7574 -7.38388 1.91
      vertex 11.7554 -7.38152 4
      vertex 11.3345 -6.88869 1.91
    endloop
  endfacet
  facet normal -0.762896 -0.646522 0
    outer loop
      vertex 11.7554 -7.38152 4
      vertex 11.7574 -7.38388 1.91
      vertex 11.7574 -7.38388 4
    endloop
  endfacet
  facet normal 0.382687 -0.923878 -5.28202e-07
    outer loop
      vertex 7.11758 -5.8763 1.91
      vertex 7.11471 -5.87749 4
      vertex 6.51594 -6.12551 1.91
    endloop
  endfacet
  facet normal 0.383015 -0.923742 0
    outer loop
      vertex 7.11471 -5.87749 4
      vertex 7.11758 -5.8763 1.91
      vertex 7.11758 -5.8763 4
    endloop
  endfacet
  facet normal 0 0 1
    outer loop
      vertex 7.11758 -5.8763 1.91
      vertex 6.51594 -6.12551 1.91
      vertex 5.96069 -6.46577 1.91
    endloop
  endfacet
  facet normal -0.522506 -0.852636 0
    outer loop
      vertex 10.8367 -6.46415 4
      vertex 10.2841 -6.12551 4
      vertex 10.2841 -6.12551 1.91
    endloop
  endfacet
  facet normal 0 0 1
    outer loop
      vertex 11.3345 -6.88869 1.91
      vertex 10.8393 -6.46577 1.91
      vertex 9.68242 -5.8763 1.91
    endloop
  endfacet
  facet normal 0 0 1
    outer loop
      vertex 10.8393 -6.46577 1.91
      vertex 10.2841 -6.12551 1.91
      vertex 9.68242 -5.8763 1.91
    endloop
  endfacet
  facet normal 0.761302 -0.648397 0
    outer loop
      vertex 5.04258 -7.38388 1.91
      vertex 5.04459 -7.38152 4
      vertex 5.04258 -7.38388 4
    endloop
  endfacet
  facet normal 0.760408 -0.649446 2.04468e-06
    outer loop
      vertex 5.04459 -7.38152 4
      vertex 5.04258 -7.38388 1.91
      vertex 5.46551 -6.88869 1.91
    endloop
  endfacet
  facet normal 0.996918 -0.0784531 0
    outer loop
      vertex 4.25 -9.82319 4
      vertex 4.30109 -9.17398 1.91
      vertex 4.30109 -9.17398 4
    endloop
  endfacet
  facet normal 0.996918 -0.0784531 0
    outer loop
      vertex 4.30109 -9.17398 1.91
      vertex 4.25 -9.82319 4
      vertex 4.25 -9.82319 1.91
    endloop
  endfacet
  facet normal 0.85266 0.522467 0
    outer loop
      vertex 5.04258 -12.2625 4
      vertex 4.70232 -11.7072 1.91
      vertex 4.70232 -11.7072 4
    endloop
  endfacet
  facet normal 0.85266 0.522467 0
    outer loop
      vertex 4.70232 -11.7072 1.91
      vertex 5.04258 -12.2625 4
      vertex 5.04258 -12.2625 1.91
    endloop
  endfacet
  facet normal 0.760391 0.649465 0
    outer loop
      vertex 5.04258 -12.2625 4
      vertex 5.46349 -12.7553 4
      vertex 5.04258 -12.2625 1.91
    endloop
  endfacet
  facet normal -0 -0 1
    outer loop
      vertex 5.46551 -12.7577 1.91
      vertex 5.96069 -13.1806 1.91
      vertex 4.70232 -11.7072 1.91
    endloop
  endfacet
  facet normal -0 -0 1
    outer loop
      vertex 5.04258 -12.2625 1.91
      vertex 5.46551 -12.7577 1.91
      vertex 4.70232 -11.7072 1.91
    endloop
  endfacet
  facet normal 0.972436 0.23317 0
    outer loop
      vertex 4.45311 -126.059 4
      vertex 4.30109 -125.425 1.91
      vertex 4.30109 -125.425 4
    endloop
  endfacet
  facet normal 0.972436 0.23317 0
    outer loop
      vertex 4.30109 -125.425 1.91
      vertex 4.45311 -126.059 4
      vertex 4.45311 -126.059 1.91
    endloop
  endfacet
  facet normal -0.996915 0.0784936 0
    outer loop
      vertex 12.4989 -125.425 1.91
      vertex 12.55 -124.776 4
      vertex 12.55 -124.776 1.91
    endloop
  endfacet
  facet normal -0.996915 0.0784936 0
    outer loop
      vertex 12.55 -124.776 4
      vertex 12.4989 -125.425 1.91
      vertex 12.4989 -125.425 4
    endloop
  endfacet
  facet normal -0.522909 -0.852388 0
    outer loop
      vertex 10.8393 -121.419 1.91
      vertex 10.8393 -121.419 4
      vertex 10.2867 -121.08 4
    endloop
  endfacet
  facet normal -0.972443 0.233141 0
    outer loop
      vertex 12.3469 -126.059 1.91
      vertex 12.4989 -125.425 4
      vertex 12.4989 -125.425 1.91
    endloop
  endfacet
  facet normal -0.972443 0.233141 0
    outer loop
      vertex 12.4989 -125.425 4
      vertex 12.3469 -126.059 1.91
      vertex 12.3469 -126.059 4
    endloop
  endfacet
  facet normal -0 -0 1
    outer loop
      vertex 4.70232 -126.66 1.91
      vertex 5.46551 -127.711 1.91
      vertex 4.30109 -124.127 1.91
    endloop
  endfacet
  facet normal 0 -0 1
    outer loop
      vertex 7.7508 -128.875 1.91
      vertex 8.4 -120.626 1.91
      vertex 5.46551 -121.842 1.91
    endloop
  endfacet
  facet normal 0 0 1
    outer loop
      vertex 9.0492 -128.875 1.91
      vertex 8.4 -120.626 1.91
      vertex 7.7508 -128.875 1.91
    endloop
  endfacet
  facet normal 0.829489 0.558523 -0
    outer loop
      vertex 5.46551 -127.711 1.91
      vertex 5.46349 -127.708 4
      vertex 5.46551 -127.711 4
    endloop
  endfacet
  facet normal 0.760932 0.648832 -0.000195892
    outer loop
      vertex 5.46349 -127.708 4
      vertex 5.46551 -127.711 1.91
      vertex 5.04258 -127.215 1.91
    endloop
  endfacet
  facet normal 0 0 1
    outer loop
      vertex 12.3469 -123.494 1.91
      vertex 11.7574 -122.337 1.91
      vertex 11.3345 -121.842 1.91
    endloop
  endfacet
  facet normal -0.233412 0.972378 0
    outer loop
      vertex 9.68242 -128.723 1.91
      vertex 9.0492 -128.875 4
      vertex 9.68242 -128.723 4
    endloop
  endfacet
  facet normal -0.233412 0.972378 0
    outer loop
      vertex 9.0492 -128.875 4
      vertex 9.68242 -128.723 1.91
      vertex 9.0492 -128.875 1.91
    endloop
  endfacet
  facet normal -0.760954 0.648806 -0.000203114
    outer loop
      vertex 11.3345 -127.711 1.91
      vertex 11.3365 -127.708 4
      vertex 11.7574 -127.215 1.91
    endloop
  endfacet
  facet normal -0.83205 0.5547 0
    outer loop
      vertex 11.3365 -127.708 4
      vertex 11.3345 -127.711 1.91
      vertex 11.3345 -127.711 4
    endloop
  endfacet
  facet normal 0.233412 0.972378 0
    outer loop
      vertex 7.7508 -128.875 4
      vertex 7.11758 -128.723 1.91
      vertex 7.11758 -128.723 4
    endloop
  endfacet
  facet normal 0.233412 0.972378 0
    outer loop
      vertex 7.11758 -128.723 1.91
      vertex 7.7508 -128.875 4
      vertex 7.7508 -128.875 1.91
    endloop
  endfacet
  facet normal 0.996916 0.0784783 0
    outer loop
      vertex 4.30109 -125.425 4
      vertex 4.25 -124.776 1.91
      vertex 4.25 -124.776 4
    endloop
  endfacet
  facet normal 0.996916 0.0784783 0
    outer loop
      vertex 4.25 -124.776 1.91
      vertex 4.30109 -125.425 4
      vertex 4.30109 -125.425 1.91
    endloop
  endfacet
  facet normal 0 -0 1
    outer loop
      vertex 11.3345 -127.711 1.91
      vertex 11.3345 -121.842 1.91
      vertex 10.8393 -128.134 1.91
    endloop
  endfacet
  facet normal 0.760522 0.649313 0
    outer loop
      vertex 5.04258 -127.215 4
      vertex 5.46349 -127.708 4
      vertex 5.04258 -127.215 1.91
    endloop
  endfacet
  facet normal -0.522245 0.852795 0
    outer loop
      vertex 10.8393 -128.134 4
      vertex 10.2841 -128.474 1.91
      vertex 10.2841 -128.474 4
    endloop
  endfacet
  facet normal -0.522245 0.852795 0
    outer loop
      vertex 10.2841 -128.474 1.91
      vertex 10.8393 -128.134 4
      vertex 10.8393 -128.134 1.91
    endloop
  endfacet
  facet normal 0 0 1
    outer loop
      vertex 11.3345 -127.711 1.91
      vertex 12.4989 -124.127 1.91
      vertex 11.3345 -121.842 1.91
    endloop
  endfacet
  facet normal -0.923942 0.382533 0
    outer loop
      vertex 12.0977 -126.66 4
      vertex 12.3457 -126.061 4
      vertex 12.0977 -126.66 1.91
    endloop
  endfacet
  facet normal 0.859383 0.511333 0
    outer loop
      vertex 4.4543 -126.061 4
      vertex 4.45311 -126.059 1.91
      vertex 4.45311 -126.059 4
    endloop
  endfacet
  facet normal 0.923734 0.383035 -0.000159414
    outer loop
      vertex 4.45311 -126.059 1.91
      vertex 4.4543 -126.061 4
      vertex 4.70232 -126.66 1.91
    endloop
  endfacet
  facet normal 0 0 1
    outer loop
      vertex 4.70232 -126.66 1.91
      vertex 4.30109 -124.127 1.91
      vertex 4.25 -124.776 1.91
    endloop
  endfacet
  facet normal 0.777064 0.629422 -0
    outer loop
      vertex 5.04258 -127.215 1.91
      vertex 5.04096 -127.213 4
      vertex 5.04258 -127.215 4
    endloop
  endfacet
  facet normal 0.852534 0.522672 0.000160651
    outer loop
      vertex 5.04096 -127.213 4
      vertex 5.04258 -127.215 1.91
      vertex 4.70232 -126.66 1.91
    endloop
  endfacet
  facet normal 0 0 1
    outer loop
      vertex 7.11758 -120.829 1.91
      vertex 5.96069 -121.419 1.91
      vertex 5.46551 -121.842 1.91
    endloop
  endfacet
  facet normal 0 0 1
    outer loop
      vertex 8.4 -120.626 1.91
      vertex 7.11758 -120.829 1.91
      vertex 5.46551 -121.842 1.91
    endloop
  endfacet
  facet normal 0.382411 0.923992 -0
    outer loop
      vertex 7.11758 -128.723 1.91
      vertex 6.51594 -128.474 4
      vertex 7.11758 -128.723 4
    endloop
  endfacet
  facet normal 0.382411 0.923992 0
    outer loop
      vertex 6.51594 -128.474 4
      vertex 7.11758 -128.723 1.91
      vertex 6.51594 -128.474 1.91
    endloop
  endfacet
  facet normal -0.99691 -0.0785491 0
    outer loop
      vertex 12.5498 -124.773 4
      vertex 12.4989 -124.127 4
      vertex 12.4989 -124.127 1.91
    endloop
  endfacet
  facet normal -0.996915 -0.0784936 1.72717e-05
    outer loop
      vertex 12.55 -124.776 1.91
      vertex 12.5498 -124.773 4
      vertex 12.4989 -124.127 1.91
    endloop
  endfacet
  facet normal -0.997785 -0.066519 0
    outer loop
      vertex 12.5498 -124.773 4
      vertex 12.55 -124.776 1.91
      vertex 12.55 -124.776 4
    endloop
  endfacet
  facet normal 0 0 1
    outer loop
      vertex 11.3345 -121.842 1.91
      vertex 9.68242 -120.829 1.91
      vertex 8.4 -120.626 1.91
    endloop
  endfacet
  facet normal -0.314341 -0.94931 0
    outer loop
      vertex 9.0492 -120.677 1.91
      vertex 9.05222 -120.678 4
      vertex 9.0492 -120.677 4
    endloop
  endfacet
  facet normal -0.233412 -0.972378 -0.000127977
    outer loop
      vertex 9.05222 -120.678 4
      vertex 9.0492 -120.677 1.91
      vertex 9.68242 -120.829 1.91
    endloop
  endfacet
  facet normal 0 0 1
    outer loop
      vertex 11.3345 -121.842 1.91
      vertex 10.8393 -121.419 1.91
      vertex 9.68242 -120.829 1.91
    endloop
  endfacet
  facet normal 0 -0 1
    outer loop
      vertex 5.46551 -127.711 1.91
      vertex 5.46551 -121.842 1.91
      vertex 4.30109 -124.127 1.91
    endloop
  endfacet
  facet normal 0 -0 1
    outer loop
      vertex 12.0977 -126.66 1.91
      vertex 12.4989 -124.127 1.91
      vertex 11.3345 -127.711 1.91
    endloop
  endfacet
  facet normal -0.852763 0.522298 0
    outer loop
      vertex 12.0977 -126.66 4
      vertex 12.0977 -126.66 1.91
      vertex 11.759 -127.213 4
    endloop
  endfacet
  facet normal -0.760529 0.649304 0
    outer loop
      vertex 11.7574 -127.215 4
      vertex 11.7574 -127.215 1.91
      vertex 11.3365 -127.708 4
    endloop
  endfacet
  facet normal -0.857493 0.514496 0
    outer loop
      vertex 12.3469 -126.059 1.91
      vertex 12.3457 -126.061 4
      vertex 12.3469 -126.059 4
    endloop
  endfacet
  facet normal -0.923739 0.383021 -0.000163849
    outer loop
      vertex 12.3457 -126.061 4
      vertex 12.3469 -126.059 1.91
      vertex 12.0977 -126.66 1.91
    endloop
  endfacet
  facet normal 0.996815 -0.0797452 0
    outer loop
      vertex 4.25 -124.776 1.91
      vertex 4.25024 -124.773 4
      vertex 4.25 -124.776 4
    endloop
  endfacet
  facet normal 0.996916 -0.0784783 -1.83007e-06
    outer loop
      vertex 4.25024 -124.773 4
      vertex 4.25 -124.776 1.91
      vertex 4.30109 -124.127 1.91
    endloop
  endfacet
  facet normal -0 0 1
    outer loop
      vertex 5.46551 -127.711 1.91
      vertex 5.96069 -128.134 1.91
      vertex 5.46551 -121.842 1.91
    endloop
  endfacet
  facet normal -0 -0 1
    outer loop
      vertex 5.96069 -128.134 1.91
      vertex 7.7508 -128.875 1.91
      vertex 5.46551 -121.842 1.91
    endloop
  endfacet
  facet normal -0 -0 1
    outer loop
      vertex 5.04258 -127.215 1.91
      vertex 5.46551 -127.711 1.91
      vertex 4.70232 -126.66 1.91
    endloop
  endfacet
  facet normal 0 0 1
    outer loop
      vertex 12.4989 -124.127 1.91
      vertex 12.3469 -123.494 1.91
      vertex 11.3345 -121.842 1.91
    endloop
  endfacet
  facet normal -0.923942 -0.382533 0
    outer loop
      vertex 12.3457 -123.491 4
      vertex 12.0977 -122.892 4
      vertex 12.0977 -122.892 1.91
    endloop
  endfacet
  facet normal 0 0 1
    outer loop
      vertex 9.68242 -120.829 1.91
      vertex 9.0492 -120.677 1.91
      vertex 8.4 -120.626 1.91
    endloop
  endfacet
  facet normal -0.0783169 -0.996929 0
    outer loop
      vertex 8.4 -120.626 4
      vertex 9.0492 -120.677 1.91
      vertex 9.0492 -120.677 4
    endloop
  endfacet
  facet normal -0.0783169 -0.996929 0
    outer loop
      vertex 9.0492 -120.677 1.91
      vertex 8.4 -120.626 4
      vertex 8.4 -120.626 1.91
    endloop
  endfacet
  facet normal -0.972352 -0.233519 0
    outer loop
      vertex 12.4989 -124.127 1.91
      vertex 12.4989 -124.127 4
      vertex 12.3476 -123.497 4
    endloop
  endfacet
  facet normal -0.649545 -0.760323 0
    outer loop
      vertex 11.3321 -121.84 4
      vertex 10.8393 -121.419 4
      vertex 10.8393 -121.419 1.91
    endloop
  endfacet
  facet normal -0.649501 -0.760361 -1.82198e-05
    outer loop
      vertex 11.3345 -121.842 1.91
      vertex 11.3321 -121.84 4
      vertex 10.8393 -121.419 1.91
    endloop
  endfacet
  facet normal -0.640184 -0.768221 0
    outer loop
      vertex 11.3321 -121.84 4
      vertex 11.3345 -121.842 1.91
      vertex 11.3345 -121.842 4
    endloop
  endfacet
  facet normal -0.609711 -0.792624 0
    outer loop
      vertex 10.2841 -121.078 1.91
      vertex 10.2867 -121.08 4
      vertex 10.2841 -121.078 4
    endloop
  endfacet
  facet normal -0.523361 -0.852111 -0.000164347
    outer loop
      vertex 10.2867 -121.08 4
      vertex 10.2841 -121.078 1.91
      vertex 10.8393 -121.419 1.91
    endloop
  endfacet
  facet normal -0.233011 -0.972474 0
    outer loop
      vertex 9.68242 -120.829 1.91
      vertex 9.68242 -120.829 4
      vertex 9.05222 -120.678 4
    endloop
  endfacet
  facet normal 0 0 1
    outer loop
      vertex 12.55 -124.776 1.91
      vertex 12.4989 -124.127 1.91
      vertex 12.0977 -126.66 1.91
    endloop
  endfacet
  facet normal 0 -0 1
    outer loop
      vertex 12.4989 -125.425 1.91
      vertex 12.55 -124.776 1.91
      vertex 12.0977 -126.66 1.91
    endloop
  endfacet
  facet normal 0 -0 1
    outer loop
      vertex 10.2841 -128.474 1.91
      vertex 10.8393 -128.134 1.91
      vertex 9.0492 -128.875 1.91
    endloop
  endfacet
  facet normal 0 -0 1
    outer loop
      vertex 9.0492 -128.875 1.91
      vertex 11.3345 -121.842 1.91
      vertex 8.4 -120.626 1.91
    endloop
  endfacet
  facet normal 0.0783169 0.996929 -0
    outer loop
      vertex 8.4 -128.926 1.91
      vertex 7.7508 -128.875 4
      vertex 8.4 -128.926 4
    endloop
  endfacet
  facet normal 0.0783169 0.996929 0
    outer loop
      vertex 7.7508 -128.875 4
      vertex 8.4 -128.926 1.91
      vertex 7.7508 -128.875 1.91
    endloop
  endfacet
  facet normal 0.70358 -0.710616 0
    outer loop
      vertex 5.46349 -121.844 4
      vertex 5.46551 -121.842 1.91
      vertex 5.46551 -121.842 4
    endloop
  endfacet
  facet normal 0.760285 -0.64959 0.000113203
    outer loop
      vertex 5.46551 -121.842 1.91
      vertex 5.46349 -121.844 4
      vertex 5.04258 -122.337 1.91
    endloop
  endfacet
  facet normal 0.522909 -0.852388 0
    outer loop
      vertex 6.51329 -121.08 4
      vertex 5.96069 -121.419 4
      vertex 5.96069 -121.419 1.91
    endloop
  endfacet
  facet normal -0 -0 1
    outer loop
      vertex 6.51594 -128.474 1.91
      vertex 7.7508 -128.875 1.91
      vertex 5.96069 -128.134 1.91
    endloop
  endfacet
  facet normal -0 -0 1
    outer loop
      vertex 4.45311 -126.059 1.91
      vertex 4.70232 -126.66 1.91
      vertex 4.30109 -125.425 1.91
    endloop
  endfacet
  facet normal -0 -0 1
    outer loop
      vertex 4.30109 -125.425 1.91
      vertex 4.70232 -126.66 1.91
      vertex 4.25 -124.776 1.91
    endloop
  endfacet
  facet normal 0.852534 -0.522672 0
    outer loop
      vertex 4.70232 -122.892 4
      vertex 5.04258 -122.337 1.91
      vertex 5.04258 -122.337 4
    endloop
  endfacet
  facet normal 0.852534 -0.522672 0
    outer loop
      vertex 5.04258 -122.337 1.91
      vertex 4.70232 -122.892 4
      vertex 4.70232 -122.892 1.91
    endloop
  endfacet
  facet normal 0.649516 0.760348 0
    outer loop
      vertex 5.96069 -128.134 4
      vertex 5.46551 -127.711 1.91
      vertex 5.46551 -127.711 4
    endloop
  endfacet
  facet normal 0.649516 0.760348 0
    outer loop
      vertex 5.46551 -127.711 1.91
      vertex 5.96069 -128.134 4
      vertex 5.96069 -128.134 1.91
    endloop
  endfacet
  facet normal 0.522211 0.852816 -0
    outer loop
      vertex 6.51594 -128.474 1.91
      vertex 5.96069 -128.134 4
      vertex 6.51594 -128.474 4
    endloop
  endfacet
  facet normal 0.522211 0.852816 0
    outer loop
      vertex 5.96069 -128.134 4
      vertex 6.51594 -128.474 1.91
      vertex 5.96069 -128.134 1.91
    endloop
  endfacet
  facet normal 0.972352 -0.233519 0
    outer loop
      vertex 4.45239 -123.497 4
      vertex 4.30109 -124.127 4
      vertex 4.30109 -124.127 1.91
    endloop
  endfacet
  facet normal 0.996916 -0.0784724 0
    outer loop
      vertex 4.30109 -124.127 1.91
      vertex 4.30109 -124.127 4
      vertex 4.25024 -124.773 4
    endloop
  endfacet
  facet normal -0.973841 -0.22723 0
    outer loop
      vertex 12.3469 -123.494 1.91
      vertex 12.3476 -123.497 4
      vertex 12.3469 -123.494 4
    endloop
  endfacet
  facet normal -0.972359 -0.233489 -9.48127e-06
    outer loop
      vertex 12.3476 -123.497 4
      vertex 12.3469 -123.494 1.91
      vertex 12.4989 -124.127 1.91
    endloop
  endfacet
  facet normal -0.707107 -0.707107 0
    outer loop
      vertex 11.3345 -121.842 1.91
      vertex 11.3365 -121.844 4
      vertex 11.3345 -121.842 4
    endloop
  endfacet
  facet normal -0.760307 -0.649564 0.000105975
    outer loop
      vertex 11.3365 -121.844 4
      vertex 11.3345 -121.842 1.91
      vertex 11.7574 -122.337 1.91
    endloop
  endfacet
  facet normal -0.760529 -0.649304 0
    outer loop
      vertex 11.7574 -122.337 1.91
      vertex 11.7574 -122.337 4
      vertex 11.3365 -121.844 4
    endloop
  endfacet
  facet normal -0.382653 -0.923892 0
    outer loop
      vertex 10.2812 -121.077 4
      vertex 9.68242 -120.829 4
      vertex 9.68242 -120.829 1.91
    endloop
  endfacet
  facet normal 0.314341 -0.94931 0
    outer loop
      vertex 7.74778 -120.678 4
      vertex 7.7508 -120.677 1.91
      vertex 7.7508 -120.677 4
    endloop
  endfacet
  facet normal 0.233412 -0.972378 -0.000127977
    outer loop
      vertex 7.7508 -120.677 1.91
      vertex 7.74778 -120.678 4
      vertex 7.11758 -120.829 1.91
    endloop
  endfacet
  facet normal 0.648119 -0.761539 0
    outer loop
      vertex 5.46551 -121.842 1.91
      vertex 5.46786 -121.84 4
      vertex 5.46551 -121.842 4
    endloop
  endfacet
  facet normal 0.649516 -0.760348 -2.711e-06
    outer loop
      vertex 5.46786 -121.84 4
      vertex 5.46551 -121.842 1.91
      vertex 5.96069 -121.419 1.91
    endloop
  endfacet
  facet normal 0 0 1
    outer loop
      vertex 8.4 -120.626 1.91
      vertex 7.7508 -120.677 1.91
      vertex 7.11758 -120.829 1.91
    endloop
  endfacet
  facet normal 0 -0 1
    outer loop
      vertex 12.3469 -126.059 1.91
      vertex 12.4989 -125.425 1.91
      vertex 12.0977 -126.66 1.91
    endloop
  endfacet
  facet normal 0 -0 1
    outer loop
      vertex 11.7574 -127.215 1.91
      vertex 12.0977 -126.66 1.91
      vertex 11.3345 -127.711 1.91
    endloop
  endfacet
  facet normal -0.852506 0.522717 0.000152429
    outer loop
      vertex 11.7574 -127.215 1.91
      vertex 11.759 -127.213 4
      vertex 12.0977 -126.66 1.91
    endloop
  endfacet
  facet normal -0.780869 0.624695 0
    outer loop
      vertex 11.759 -127.213 4
      vertex 11.7574 -127.215 1.91
      vertex 11.7574 -127.215 4
    endloop
  endfacet
  facet normal 0 -0 1
    outer loop
      vertex 9.68242 -128.723 1.91
      vertex 10.2841 -128.474 1.91
      vertex 9.0492 -128.875 1.91
    endloop
  endfacet
  facet normal 0 -0 1
    outer loop
      vertex 10.8393 -128.134 1.91
      vertex 11.3345 -121.842 1.91
      vertex 9.0492 -128.875 1.91
    endloop
  endfacet
  facet normal -0.0783169 0.996929 0
    outer loop
      vertex 9.0492 -128.875 4
      vertex 8.4 -128.926 1.91
      vertex 8.4 -128.926 4
    endloop
  endfacet
  facet normal -0.0783169 0.996929 0
    outer loop
      vertex 8.4 -128.926 1.91
      vertex 9.0492 -128.875 4
      vertex 9.0492 -128.875 1.91
    endloop
  endfacet
  facet normal 0 -0 1
    outer loop
      vertex 8.4 -128.926 1.91
      vertex 9.0492 -128.875 1.91
      vertex 7.7508 -128.875 1.91
    endloop
  endfacet
  facet normal 0 0 1
    outer loop
      vertex 5.46551 -121.842 1.91
      vertex 5.04258 -122.337 1.91
      vertex 4.45311 -123.494 1.91
    endloop
  endfacet
  facet normal 0 0 1
    outer loop
      vertex 5.46551 -121.842 1.91
      vertex 4.45311 -123.494 1.91
      vertex 4.30109 -124.127 1.91
    endloop
  endfacet
  facet normal -0 -0 1
    outer loop
      vertex 7.11758 -128.723 1.91
      vertex 7.7508 -128.875 1.91
      vertex 6.51594 -128.474 1.91
    endloop
  endfacet
  facet normal 0.923931 0.38256 0
    outer loop
      vertex 4.70232 -126.66 4
      vertex 4.70232 -126.66 1.91
      vertex 4.4543 -126.061 4
    endloop
  endfacet
  facet normal 0.852804 0.522231 0
    outer loop
      vertex 4.70232 -126.66 4
      vertex 5.04096 -127.213 4
      vertex 4.70232 -126.66 1.91
    endloop
  endfacet
  facet normal -0.852506 -0.522717 0
    outer loop
      vertex 12.0977 -122.892 1.91
      vertex 11.7574 -122.337 4
      vertex 11.7574 -122.337 1.91
    endloop
  endfacet
  facet normal -0.852506 -0.522717 0
    outer loop
      vertex 11.7574 -122.337 4
      vertex 12.0977 -122.892 1.91
      vertex 12.0977 -122.892 4
    endloop
  endfacet
  facet normal 0 0 1
    outer loop
      vertex 12.3469 -123.494 1.91
      vertex 12.0977 -122.892 1.91
      vertex 11.7574 -122.337 1.91
    endloop
  endfacet
  facet normal -0.923964 -0.382478 1.8506e-05
    outer loop
      vertex 12.3469 -123.494 1.91
      vertex 12.3457 -123.491 4
      vertex 12.0977 -122.892 1.91
    endloop
  endfacet
  facet normal -0.928477 -0.371391 0
    outer loop
      vertex 12.3457 -123.491 4
      vertex 12.3469 -123.494 1.91
      vertex 12.3469 -123.494 4
    endloop
  endfacet
  facet normal 0 0 1
    outer loop
      vertex 10.8393 -121.419 1.91
      vertex 10.2841 -121.078 1.91
      vertex 9.68242 -120.829 1.91
    endloop
  endfacet
  facet normal -0.325991 -0.945373 0
    outer loop
      vertex 10.2812 -121.077 4
      vertex 10.2841 -121.078 1.91
      vertex 10.2841 -121.078 4
    endloop
  endfacet
  facet normal -0.38239 -0.924001 -8.84829e-05
    outer loop
      vertex 10.2841 -121.078 1.91
      vertex 10.2812 -121.077 4
      vertex 9.68242 -120.829 1.91
    endloop
  endfacet
  facet normal 0 0 1
    outer loop
      vertex 7.11758 -120.829 1.91
      vertex 6.51594 -121.078 1.91
      vertex 5.96069 -121.419 1.91
    endloop
  endfacet
  facet normal 0.0783169 -0.996929 0
    outer loop
      vertex 7.7508 -120.677 1.91
      vertex 8.4 -120.626 4
      vertex 7.7508 -120.677 4
    endloop
  endfacet
  facet normal 0.0783169 -0.996929 0
    outer loop
      vertex 8.4 -120.626 4
      vertex 7.7508 -120.677 1.91
      vertex 8.4 -120.626 1.91
    endloop
  endfacet
  facet normal -0.649501 0.760361 0
    outer loop
      vertex 11.3345 -127.711 1.91
      vertex 10.8393 -128.134 4
      vertex 11.3345 -127.711 4
    endloop
  endfacet
  facet normal -0.649501 0.760361 0
    outer loop
      vertex 10.8393 -128.134 4
      vertex 11.3345 -127.711 1.91
      vertex 10.8393 -128.134 1.91
    endloop
  endfacet
  facet normal -0.38239 0.924001 0
    outer loop
      vertex 10.2841 -128.474 1.91
      vertex 9.68242 -128.723 4
      vertex 10.2841 -128.474 4
    endloop
  endfacet
  facet normal -0.38239 0.924001 0
    outer loop
      vertex 9.68242 -128.723 4
      vertex 10.2841 -128.474 1.91
      vertex 9.68242 -128.723 1.91
    endloop
  endfacet
  facet normal 0.760522 -0.649313 0
    outer loop
      vertex 5.46349 -121.844 4
      vertex 5.04258 -122.337 4
      vertex 5.04258 -122.337 1.91
    endloop
  endfacet
  facet normal 0 0 1
    outer loop
      vertex 5.04258 -122.337 1.91
      vertex 4.70232 -122.892 1.91
      vertex 4.45311 -123.494 1.91
    endloop
  endfacet
  facet normal 0.972387 -0.233373 0
    outer loop
      vertex 4.45239 -123.497 4
      vertex 4.45311 -123.494 1.91
      vertex 4.45311 -123.494 4
    endloop
  endfacet
  facet normal 0.972352 -0.233518 -2.20493e-07
    outer loop
      vertex 4.45311 -123.494 1.91
      vertex 4.45239 -123.497 4
      vertex 4.30109 -124.127 1.91
    endloop
  endfacet
  facet normal 0.382653 -0.923892 0
    outer loop
      vertex 7.11758 -120.829 1.91
      vertex 7.11758 -120.829 4
      vertex 6.5188 -121.077 4
    endloop
  endfacet
  facet normal 0.929541 -0.368718 0
    outer loop
      vertex 4.45311 -123.494 1.91
      vertex 4.4543 -123.491 4
      vertex 4.45311 -123.494 4
    endloop
  endfacet
  facet normal 0.923959 -0.382491 2.29488e-05
    outer loop
      vertex 4.4543 -123.491 4
      vertex 4.45311 -123.494 1.91
      vertex 4.70232 -122.892 1.91
    endloop
  endfacet
  facet normal 0.923931 -0.38256 0
    outer loop
      vertex 4.70232 -122.892 1.91
      vertex 4.70232 -122.892 4
      vertex 4.4543 -123.491 4
    endloop
  endfacet
  facet normal 0.602407 -0.798189 0
    outer loop
      vertex 6.51329 -121.08 4
      vertex 6.51594 -121.078 1.91
      vertex 6.51594 -121.078 4
    endloop
  endfacet
  facet normal 0.523327 -0.852132 -0.000151889
    outer loop
      vertex 6.51594 -121.078 1.91
      vertex 6.51329 -121.08 4
      vertex 5.96069 -121.419 1.91
    endloop
  endfacet
  facet normal 0.330056 -0.943961 0
    outer loop
      vertex 6.51594 -121.078 1.91
      vertex 6.5188 -121.077 4
      vertex 6.51594 -121.078 4
    endloop
  endfacet
  facet normal 0.382411 -0.923992 -8.11984e-05
    outer loop
      vertex 6.5188 -121.077 4
      vertex 6.51594 -121.078 1.91
      vertex 7.11758 -120.829 1.91
    endloop
  endfacet
  facet normal 0.649522 -0.760342 0
    outer loop
      vertex 5.96069 -121.419 1.91
      vertex 5.96069 -121.419 4
      vertex 5.46786 -121.84 4
    endloop
  endfacet
  facet normal 0.233011 -0.972474 0
    outer loop
      vertex 7.74778 -120.678 4
      vertex 7.11758 -120.829 4
      vertex 7.11758 -120.829 1.91
    endloop
  endfacet
  facet normal -0.972377 -0.233416 0
    outer loop
      vertex 173.699 -9.17398 1.91
      vertex 173.547 -8.54077 4
      vertex 173.547 -8.54077 1.91
    endloop
  endfacet
  facet normal -0.972377 -0.233416 0
    outer loop
      vertex 173.547 -8.54077 4
      vertex 173.699 -9.17398 1.91
      vertex 173.699 -9.17398 4
    endloop
  endfacet
  facet normal 0 0 1
    outer loop
      vertex 173.75 -9.82319 1.91
      vertex 173.699 -9.17398 1.91
      vertex 173.547 -11.1056 1.91
    endloop
  endfacet
  facet normal -0.996929 0.0783157 0
    outer loop
      vertex 173.699 -10.4724 1.91
      vertex 173.75 -9.82319 4
      vertex 173.75 -9.82319 1.91
    endloop
  endfacet
  facet normal -0.996929 0.0783157 0
    outer loop
      vertex 173.75 -9.82319 4
      vertex 173.699 -10.4724 1.91
      vertex 173.699 -10.4724 4
    endloop
  endfacet
  facet normal 0 0 1
    outer loop
      vertex 170.882 -5.8763 1.91
      vertex 168.951 -13.9221 1.91
      vertex 170.249 -13.9221 1.91
    endloop
  endfacet
  facet normal 0 -0 1
    outer loop
      vertex 168.951 -13.9221 1.91
      vertex 170.882 -5.8763 1.91
      vertex 168.318 -5.8763 1.91
    endloop
  endfacet
  facet normal 0 0 1
    outer loop
      vertex 166.666 -6.88869 1.91
      vertex 166.243 -7.38388 1.91
      vertex 165.653 -8.54077 1.91
    endloop
  endfacet
  facet normal -0 -0 1
    outer loop
      vertex 165.902 -11.7072 1.91
      vertex 167.161 -13.1806 1.91
      vertex 165.653 -11.1056 1.91
    endloop
  endfacet
  facet normal -0.493013 0.870022 0
    outer loop
      vertex 171.487 -13.5192 4
      vertex 171.484 -13.5209 1.91
      vertex 171.484 -13.5209 4
    endloop
  endfacet
  facet normal -0.522717 0.852506 5.68852e-05
    outer loop
      vertex 171.484 -13.5209 1.91
      vertex 171.487 -13.5192 4
      vertex 172.039 -13.1806 1.91
    endloop
  endfacet
  facet normal 0 -0 1
    outer loop
      vertex 167.161 -13.1806 1.91
      vertex 168.318 -5.8763 1.91
      vertex 166.666 -6.88869 1.91
    endloop
  endfacet
  facet normal -0.649304 0.760529 0
    outer loop
      vertex 172.039 -13.1806 4
      vertex 172.532 -12.7597 4
      vertex 172.039 -13.1806 1.91
    endloop
  endfacet
  facet normal 0 -0 1
    outer loop
      vertex 172.039 -13.1806 1.91
      vertex 172.534 -6.88869 1.91
      vertex 170.882 -5.8763 1.91
    endloop
  endfacet
  facet normal 0 0 1
    outer loop
      vertex 168.951 -13.9221 1.91
      vertex 168.318 -5.8763 1.91
      vertex 167.161 -13.1806 1.91
    endloop
  endfacet
  facet normal -0.760342 -0.649522 0
    outer loop
      vertex 172.955 -7.38152 4
      vertex 172.534 -6.88869 4
      vertex 172.534 -6.88869 1.91
    endloop
  endfacet
  facet normal 0.649304 0.760529 0
    outer loop
      vertex 167.161 -13.1806 4
      vertex 167.161 -13.1806 1.91
      vertex 166.668 -12.7597 4
    endloop
  endfacet
  facet normal 0 0 1
    outer loop
      vertex 170.882 -5.8763 1.91
      vertex 169.6 -5.67319 1.91
      vertex 168.318 -5.8763 1.91
    endloop
  endfacet
  facet normal 0.996929 -0.0783157 0
    outer loop
      vertex 165.45 -9.82319 4
      vertex 165.501 -9.17398 1.91
      vertex 165.501 -9.17398 4
    endloop
  endfacet
  facet normal 0.996929 -0.0783157 0
    outer loop
      vertex 165.501 -9.17398 1.91
      vertex 165.45 -9.82319 4
      vertex 165.45 -9.82319 1.91
    endloop
  endfacet
  facet normal -0.522672 -0.852534 0.000160651
    outer loop
      vertex 172.039 -6.46577 1.91
      vertex 172.037 -6.46415 4
      vertex 171.484 -6.12551 1.91
    endloop
  endfacet
  facet normal -0.629422 -0.777064 0
    outer loop
      vertex 172.037 -6.46415 4
      vertex 172.039 -6.46577 1.91
      vertex 172.039 -6.46577 4
    endloop
  endfacet
  facet normal -0.38256 -0.923931 0
    outer loop
      vertex 171.484 -6.12551 1.91
      vertex 171.484 -6.12551 4
      vertex 170.885 -5.87749 4
    endloop
  endfacet
  facet normal 0 -0 1
    outer loop
      vertex 173.547 -11.1056 1.91
      vertex 173.699 -9.17398 1.91
      vertex 172.039 -13.1806 1.91
    endloop
  endfacet
  facet normal 0 -0 1
    outer loop
      vertex 173.699 -10.4724 1.91
      vertex 173.75 -9.82319 1.91
      vertex 173.547 -11.1056 1.91
    endloop
  endfacet
  facet normal -0.948683 0.316228 0
    outer loop
      vertex 173.699 -10.4724 1.91
      vertex 173.698 -10.4754 4
      vertex 173.699 -10.4724 4
    endloop
  endfacet
  facet normal -0.972376 0.233419 -0.0001302
    outer loop
      vertex 173.698 -10.4754 4
      vertex 173.699 -10.4724 1.91
      vertex 173.547 -11.1056 1.91
    endloop
  endfacet
  facet normal -0.650075 -0.75987 0
    outer loop
      vertex 172.534 -6.88869 1.91
      vertex 172.534 -6.88869 4
      vertex 172.042 -6.46778 4
    endloop
  endfacet
  facet normal -0.556616 -0.83077 0
    outer loop
      vertex 172.039 -6.46577 1.91
      vertex 172.042 -6.46778 4
      vertex 172.039 -6.46577 4
    endloop
  endfacet
  facet normal -0.649581 -0.760292 0.000201223
    outer loop
      vertex 172.042 -6.46778 4
      vertex 172.039 -6.46577 1.91
      vertex 172.534 -6.88869 1.91
    endloop
  endfacet
  facet normal 0 -0 1
    outer loop
      vertex 173.298 -11.7072 1.91
      vertex 173.547 -11.1056 1.91
      vertex 172.039 -13.1806 1.91
    endloop
  endfacet
  facet normal 0 0 1
    outer loop
      vertex 172.039 -13.1806 1.91
      vertex 170.882 -5.8763 1.91
      vertex 170.249 -13.9221 1.91
    endloop
  endfacet
  facet normal -0 -0 1
    outer loop
      vertex 165.653 -11.1056 1.91
      vertex 167.161 -13.1806 1.91
      vertex 165.501 -9.17398 1.91
    endloop
  endfacet
  facet normal 0 0 1
    outer loop
      vertex 167.161 -13.1806 1.91
      vertex 166.666 -6.88869 1.91
      vertex 165.501 -9.17398 1.91
    endloop
  endfacet
  facet normal 0.649581 -0.760292 0.000201223
    outer loop
      vertex 167.161 -6.46577 1.91
      vertex 167.158 -6.46778 4
      vertex 166.666 -6.88869 1.91
    endloop
  endfacet
  facet normal 0.556616 -0.83077 0
    outer loop
      vertex 167.158 -6.46778 4
      vertex 167.161 -6.46577 1.91
      vertex 167.161 -6.46577 4
    endloop
  endfacet
  facet normal 0 0 1
    outer loop
      vertex 166.243 -7.38388 1.91
      vertex 165.902 -7.93913 1.91
      vertex 165.653 -8.54077 1.91
    endloop
  endfacet
  facet normal 0 0 1
    outer loop
      vertex 173.699 -9.17398 1.91
      vertex 172.534 -6.88869 1.91
      vertex 172.039 -13.1806 1.91
    endloop
  endfacet
  facet normal -0.233519 -0.972352 0
    outer loop
      vertex 170.879 -5.87558 4
      vertex 170.249 -5.72428 4
      vertex 170.249 -5.72428 1.91
    endloop
  endfacet
  facet normal 0 0 1
    outer loop
      vertex 173.547 -8.54077 1.91
      vertex 173.298 -7.93913 1.91
      vertex 172.957 -7.38388 1.91
    endloop
  endfacet
  facet normal -0.852132 -0.523327 0
    outer loop
      vertex 173.298 -7.93913 1.91
      vertex 172.957 -7.38388 4
      vertex 172.957 -7.38388 1.91
    endloop
  endfacet
  facet normal -0.852132 -0.523327 0
    outer loop
      vertex 172.957 -7.38388 4
      vertex 173.298 -7.93913 1.91
      vertex 173.298 -7.93913 4
    endloop
  endfacet
  facet normal -0.382533 0.923942 0
    outer loop
      vertex 170.882 -13.7701 4
      vertex 171.481 -13.5221 4
      vertex 170.882 -13.7701 1.91
    endloop
  endfacet
  facet normal -0.923896 0.382642 0
    outer loop
      vertex 173.547 -11.1056 4
      vertex 173.547 -11.1056 1.91
      vertex 173.299 -11.7044 4
    endloop
  endfacet
  facet normal 0 -0 1
    outer loop
      vertex 172.957 -12.2625 1.91
      vertex 173.298 -11.7072 1.91
      vertex 172.534 -12.7577 1.91
    endloop
  endfacet
  facet normal -0.923983 0.382433 -7.02535e-05
    outer loop
      vertex 173.298 -11.7072 1.91
      vertex 173.299 -11.7044 4
      vertex 173.547 -11.1056 1.91
    endloop
  endfacet
  facet normal -0.941742 0.336336 0
    outer loop
      vertex 173.299 -11.7044 4
      vertex 173.298 -11.7072 1.91
      vertex 173.298 -11.7072 4
    endloop
  endfacet
  facet normal -0.972474 0.233011 0
    outer loop
      vertex 173.547 -11.1056 4
      vertex 173.698 -10.4754 4
      vertex 173.547 -11.1056 1.91
    endloop
  endfacet
  facet normal 0 -0 1
    outer loop
      vertex 169.6 -13.9732 1.91
      vertex 170.249 -13.9221 1.91
      vertex 168.951 -13.9221 1.91
    endloop
  endfacet
  facet normal 0 0 1
    outer loop
      vertex 165.653 -11.1056 1.91
      vertex 165.501 -9.17398 1.91
      vertex 165.45 -9.82319 1.91
    endloop
  endfacet
  facet normal 0.707107 0.707107 0
    outer loop
      vertex 166.668 -12.7597 4
      vertex 166.666 -12.7577 1.91
      vertex 166.666 -12.7577 4
    endloop
  endfacet
  facet normal 0.649564 0.760307 0.000105975
    outer loop
      vertex 166.666 -12.7577 1.91
      vertex 166.668 -12.7597 4
      vertex 167.161 -13.1806 1.91
    endloop
  endfacet
  facet normal 0.493013 0.870022 -0
    outer loop
      vertex 167.716 -13.5209 1.91
      vertex 167.713 -13.5192 4
      vertex 167.716 -13.5209 4
    endloop
  endfacet
  facet normal 0.522717 0.852506 5.68852e-05
    outer loop
      vertex 167.713 -13.5192 4
      vertex 167.716 -13.5209 1.91
      vertex 167.161 -13.1806 1.91
    endloop
  endfacet
  facet normal -0 -0 1
    outer loop
      vertex 168.318 -13.7701 1.91
      vertex 168.951 -13.9221 1.91
      vertex 167.161 -13.1806 1.91
    endloop
  endfacet
  facet normal 0.948683 0.316228 0
    outer loop
      vertex 165.502 -10.4754 4
      vertex 165.501 -10.4724 1.91
      vertex 165.501 -10.4724 4
    endloop
  endfacet
  facet normal 0.972376 0.233419 -0.0001302
    outer loop
      vertex 165.501 -10.4724 1.91
      vertex 165.502 -10.4754 4
      vertex 165.653 -11.1056 1.91
    endloop
  endfacet
  facet normal 0.852153 0.523292 0
    outer loop
      vertex 166.243 -12.2625 4
      vertex 165.902 -11.7072 1.91
      vertex 165.902 -11.7072 4
    endloop
  endfacet
  facet normal 0.852153 0.523292 0
    outer loop
      vertex 165.902 -11.7072 1.91
      vertex 166.243 -12.2625 4
      vertex 166.243 -12.2625 1.91
    endloop
  endfacet
  facet normal -0 -0 1
    outer loop
      vertex 166.666 -12.7577 1.91
      vertex 167.161 -13.1806 1.91
      vertex 165.902 -11.7072 1.91
    endloop
  endfacet
  facet normal 0.522873 0.85241 0
    outer loop
      vertex 167.161 -13.1806 4
      vertex 167.713 -13.5192 4
      vertex 167.161 -13.1806 1.91
    endloop
  endfacet
  facet normal -0.0784936 0.996915 0
    outer loop
      vertex 170.249 -13.9221 4
      vertex 169.6 -13.9732 1.91
      vertex 169.6 -13.9732 4
    endloop
  endfacet
  facet normal -0.0784936 0.996915 0
    outer loop
      vertex 169.6 -13.9732 1.91
      vertex 170.249 -13.9221 4
      vertex 170.249 -13.9221 1.91
    endloop
  endfacet
  facet normal 0.650075 -0.75987 0
    outer loop
      vertex 167.158 -6.46778 4
      vertex 166.666 -6.88869 4
      vertex 166.666 -6.88869 1.91
    endloop
  endfacet
  facet normal 0.852132 -0.523327 0
    outer loop
      vertex 165.902 -7.93913 4
      vertex 166.243 -7.38388 1.91
      vertex 166.243 -7.38388 4
    endloop
  endfacet
  facet normal 0.852132 -0.523327 0
    outer loop
      vertex 166.243 -7.38388 1.91
      vertex 165.902 -7.93913 4
      vertex 165.902 -7.93913 1.91
    endloop
  endfacet
  facet normal -0.368718 -0.929541 0
    outer loop
      vertex 170.882 -5.8763 1.91
      vertex 170.885 -5.87749 4
      vertex 170.882 -5.8763 4
    endloop
  endfacet
  facet normal -0.382491 -0.923959 2.29488e-05
    outer loop
      vertex 170.885 -5.87749 4
      vertex 170.882 -5.8763 1.91
      vertex 171.484 -6.12551 1.91
    endloop
  endfacet
  facet normal -0.233518 -0.972352 -2.20493e-07
    outer loop
      vertex 170.882 -5.8763 1.91
      vertex 170.879 -5.87558 4
      vertex 170.249 -5.72428 1.91
    endloop
  endfacet
  facet normal -0.233373 -0.972387 0
    outer loop
      vertex 170.879 -5.87558 4
      vertex 170.882 -5.8763 1.91
      vertex 170.882 -5.8763 4
    endloop
  endfacet
  facet normal -0.996929 -0.0783157 0
    outer loop
      vertex 173.75 -9.82319 1.91
      vertex 173.699 -9.17398 4
      vertex 173.699 -9.17398 1.91
    endloop
  endfacet
  facet normal -0.996929 -0.0783157 0
    outer loop
      vertex 173.699 -9.17398 4
      vertex 173.75 -9.82319 1.91
      vertex 173.75 -9.82319 4
    endloop
  endfacet
  facet normal -0.923992 -0.382411 0
    outer loop
      vertex 173.547 -8.54077 1.91
      vertex 173.298 -7.93913 4
      vertex 173.298 -7.93913 1.91
    endloop
  endfacet
  facet normal -0.923992 -0.382411 0
    outer loop
      vertex 173.298 -7.93913 4
      vertex 173.547 -8.54077 1.91
      vertex 173.547 -8.54077 4
    endloop
  endfacet
  facet normal 0 0 1
    outer loop
      vertex 172.534 -6.88869 1.91
      vertex 172.039 -6.46577 1.91
      vertex 170.882 -5.8763 1.91
    endloop
  endfacet
  facet normal 0 0 1
    outer loop
      vertex 172.039 -6.46577 1.91
      vertex 171.484 -6.12551 1.91
      vertex 170.882 -5.8763 1.91
    endloop
  endfacet
  facet normal 0 0 1
    outer loop
      vertex 173.699 -9.17398 1.91
      vertex 173.547 -8.54077 1.91
      vertex 172.534 -6.88869 1.91
    endloop
  endfacet
  facet normal 0.382491 -0.923959 2.29488e-05
    outer loop
      vertex 168.318 -5.8763 1.91
      vertex 168.315 -5.87749 4
      vertex 167.716 -6.12551 1.91
    endloop
  endfacet
  facet normal 0.368718 -0.929541 0
    outer loop
      vertex 168.315 -5.87749 4
      vertex 168.318 -5.8763 1.91
      vertex 168.318 -5.8763 4
    endloop
  endfacet
  facet normal 0.629422 -0.777064 0
    outer loop
      vertex 167.161 -6.46577 1.91
      vertex 167.163 -6.46415 4
      vertex 167.161 -6.46577 4
    endloop
  endfacet
  facet normal 0.522672 -0.852534 0.000160651
    outer loop
      vertex 167.163 -6.46415 4
      vertex 167.161 -6.46577 1.91
      vertex 167.716 -6.12551 1.91
    endloop
  endfacet
  facet normal 0.0784783 -0.996916 -1.83007e-06
    outer loop
      vertex 169.6 -5.67319 1.91
      vertex 169.597 -5.67343 4
      vertex 168.951 -5.72428 1.91
    endloop
  endfacet
  facet normal 0.0797452 -0.996815 0
    outer loop
      vertex 169.597 -5.67343 4
      vertex 169.6 -5.67319 1.91
      vertex 169.6 -5.67319 4
    endloop
  endfacet
  facet normal -0.0784724 -0.996916 0
    outer loop
      vertex 170.249 -5.72428 1.91
      vertex 170.249 -5.72428 4
      vertex 169.603 -5.67343 4
    endloop
  endfacet
  facet normal -0.522873 0.85241 0
    outer loop
      vertex 172.039 -13.1806 4
      vertex 172.039 -13.1806 1.91
      vertex 171.487 -13.5192 4
    endloop
  endfacet
  facet normal 0 -0 1
    outer loop
      vertex 172.534 -12.7577 1.91
      vertex 173.298 -11.7072 1.91
      vertex 172.039 -13.1806 1.91
    endloop
  endfacet
  facet normal -0.233489 0.972359 0
    outer loop
      vertex 170.882 -13.7701 1.91
      vertex 170.249 -13.9221 4
      vertex 170.882 -13.7701 4
    endloop
  endfacet
  facet normal -0.233489 0.972359 0
    outer loop
      vertex 170.249 -13.9221 4
      vertex 170.882 -13.7701 1.91
      vertex 170.249 -13.9221 1.91
    endloop
  endfacet
  facet normal 0 -0 1
    outer loop
      vertex 170.882 -13.7701 1.91
      vertex 172.039 -13.1806 1.91
      vertex 170.249 -13.9221 1.91
    endloop
  endfacet
  facet normal -0 -0 1
    outer loop
      vertex 165.501 -10.4724 1.91
      vertex 165.653 -11.1056 1.91
      vertex 165.45 -9.82319 1.91
    endloop
  endfacet
  facet normal 0.972474 0.233011 0
    outer loop
      vertex 165.653 -11.1056 4
      vertex 165.653 -11.1056 1.91
      vertex 165.502 -10.4754 4
    endloop
  endfacet
  facet normal -0 -0 1
    outer loop
      vertex 167.716 -13.5209 1.91
      vertex 168.318 -13.7701 1.91
      vertex 167.161 -13.1806 1.91
    endloop
  endfacet
  facet normal 0.371391 0.928477 0
    outer loop
      vertex 167.719 -13.5221 4
      vertex 167.716 -13.5209 1.91
      vertex 167.716 -13.5209 4
    endloop
  endfacet
  facet normal 0.382478 0.923964 -1.8506e-05
    outer loop
      vertex 167.716 -13.5209 1.91
      vertex 167.719 -13.5221 4
      vertex 168.318 -13.7701 1.91
    endloop
  endfacet
  facet normal 0.996929 0.0783157 0
    outer loop
      vertex 165.45 -9.82319 4
      vertex 165.501 -10.4724 1.91
      vertex 165.45 -9.82319 1.91
    endloop
  endfacet
  facet normal 0.996929 0.0783157 -0
    outer loop
      vertex 165.501 -10.4724 1.91
      vertex 165.45 -9.82319 4
      vertex 165.501 -10.4724 4
    endloop
  endfacet
  facet normal 0.761085 0.648652 0
    outer loop
      vertex 166.243 -12.2625 4
      vertex 166.663 -12.7553 4
      vertex 166.243 -12.2625 1.91
    endloop
  endfacet
  facet normal 0.382533 0.923942 0
    outer loop
      vertex 168.318 -13.7701 4
      vertex 168.318 -13.7701 1.91
      vertex 167.719 -13.5221 4
    endloop
  endfacet
  facet normal 0.233489 0.972359 0
    outer loop
      vertex 168.951 -13.9221 4
      vertex 168.318 -13.7701 1.91
      vertex 168.318 -13.7701 4
    endloop
  endfacet
  facet normal 0.233489 0.972359 0
    outer loop
      vertex 168.318 -13.7701 1.91
      vertex 168.951 -13.9221 4
      vertex 168.951 -13.9221 1.91
    endloop
  endfacet
  facet normal 0.760342 -0.649522 0
    outer loop
      vertex 166.666 -6.88869 1.91
      vertex 166.666 -6.88869 4
      vertex 166.245 -7.38152 4
    endloop
  endfacet
  facet normal 0 0 1
    outer loop
      vertex 166.666 -6.88869 1.91
      vertex 165.653 -8.54077 1.91
      vertex 165.501 -9.17398 1.91
    endloop
  endfacet
  facet normal 0.923992 -0.382411 0
    outer loop
      vertex 165.902 -7.93913 4
      vertex 165.653 -8.54077 1.91
      vertex 165.902 -7.93913 1.91
    endloop
  endfacet
  facet normal 0.923992 -0.382411 0
    outer loop
      vertex 165.653 -8.54077 1.91
      vertex 165.902 -7.93913 4
      vertex 165.653 -8.54077 4
    endloop
  endfacet
  facet normal -0.522231 -0.852804 0
    outer loop
      vertex 172.037 -6.46415 4
      vertex 171.484 -6.12551 4
      vertex 171.484 -6.12551 1.91
    endloop
  endfacet
  facet normal 0 0 1
    outer loop
      vertex 173.547 -8.54077 1.91
      vertex 172.957 -7.38388 1.91
      vertex 172.534 -6.88869 1.91
    endloop
  endfacet
  facet normal -0.760355 -0.649508 5.80397e-06
    outer loop
      vertex 172.957 -7.38388 1.91
      vertex 172.955 -7.38152 4
      vertex 172.534 -6.88869 1.91
    endloop
  endfacet
  facet normal -0.762896 -0.646522 0
    outer loop
      vertex 172.955 -7.38152 4
      vertex 172.957 -7.38388 1.91
      vertex 172.957 -7.38388 4
    endloop
  endfacet
  facet normal 0 0 1
    outer loop
      vertex 168.318 -5.8763 1.91
      vertex 167.716 -6.12551 1.91
      vertex 167.161 -6.46577 1.91
    endloop
  endfacet
  facet normal 0 0 1
    outer loop
      vertex 168.318 -5.8763 1.91
      vertex 167.161 -6.46577 1.91
      vertex 166.666 -6.88869 1.91
    endloop
  endfacet
  facet normal 0.38256 -0.923931 0
    outer loop
      vertex 168.315 -5.87749 4
      vertex 167.716 -6.12551 4
      vertex 167.716 -6.12551 1.91
    endloop
  endfacet
  facet normal 0.522231 -0.852804 0
    outer loop
      vertex 167.716 -6.12551 1.91
      vertex 167.716 -6.12551 4
      vertex 167.163 -6.46415 4
    endloop
  endfacet
  facet normal 0 0 1
    outer loop
      vertex 170.882 -5.8763 1.91
      vertex 170.249 -5.72428 1.91
      vertex 169.6 -5.67319 1.91
    endloop
  endfacet
  facet normal -0.0797452 -0.996815 0
    outer loop
      vertex 169.6 -5.67319 1.91
      vertex 169.603 -5.67343 4
      vertex 169.6 -5.67319 4
    endloop
  endfacet
  facet normal -0.0784783 -0.996916 -1.83007e-06
    outer loop
      vertex 169.603 -5.67343 4
      vertex 169.6 -5.67319 1.91
      vertex 170.249 -5.72428 1.91
    endloop
  endfacet
  facet normal 0 0 1
    outer loop
      vertex 169.6 -5.67319 1.91
      vertex 168.951 -5.72428 1.91
      vertex 168.318 -5.8763 1.91
    endloop
  endfacet
  facet normal 0.233373 -0.972387 0
    outer loop
      vertex 168.318 -5.8763 1.91
      vertex 168.321 -5.87558 4
      vertex 168.318 -5.8763 4
    endloop
  endfacet
  facet normal 0.233518 -0.972352 -2.20493e-07
    outer loop
      vertex 168.321 -5.87558 4
      vertex 168.318 -5.8763 1.91
      vertex 168.951 -5.72428 1.91
    endloop
  endfacet
  facet normal 0.0784724 -0.996916 0
    outer loop
      vertex 169.597 -5.67343 4
      vertex 168.951 -5.72428 4
      vertex 168.951 -5.72428 1.91
    endloop
  endfacet
  facet normal 0.233519 -0.972352 0
    outer loop
      vertex 168.951 -5.72428 1.91
      vertex 168.951 -5.72428 4
      vertex 168.321 -5.87558 4
    endloop
  endfacet
  facet normal -0.760361 0.649501 -1.82198e-05
    outer loop
      vertex 172.534 -12.7577 1.91
      vertex 172.536 -12.7553 4
      vertex 172.957 -12.2625 1.91
    endloop
  endfacet
  facet normal -0.768221 0.640184 0
    outer loop
      vertex 172.536 -12.7553 4
      vertex 172.534 -12.7577 1.91
      vertex 172.534 -12.7577 4
    endloop
  endfacet
  facet normal -0.707107 0.707107 0
    outer loop
      vertex 172.534 -12.7577 1.91
      vertex 172.532 -12.7597 4
      vertex 172.534 -12.7577 4
    endloop
  endfacet
  facet normal -0.649564 0.760307 0.000105975
    outer loop
      vertex 172.532 -12.7597 4
      vertex 172.534 -12.7577 1.91
      vertex 172.039 -13.1806 1.91
    endloop
  endfacet
  facet normal -0.371391 0.928477 0
    outer loop
      vertex 171.484 -13.5209 1.91
      vertex 171.481 -13.5221 4
      vertex 171.484 -13.5209 4
    endloop
  endfacet
  facet normal -0.382478 0.923964 -1.8506e-05
    outer loop
      vertex 171.481 -13.5221 4
      vertex 171.484 -13.5209 1.91
      vertex 170.882 -13.7701 1.91
    endloop
  endfacet
  facet normal 0 -0 1
    outer loop
      vertex 171.484 -13.5209 1.91
      vertex 172.039 -13.1806 1.91
      vertex 170.882 -13.7701 1.91
    endloop
  endfacet
  facet normal 0.760361 0.649501 0.000345589
    outer loop
      vertex 166.663 -12.7553 4
      vertex 166.666 -12.7577 1.91
      vertex 166.243 -12.2625 1.91
    endloop
  endfacet
  facet normal 0.624695 0.780869 -0
    outer loop
      vertex 166.666 -12.7577 1.91
      vertex 166.663 -12.7553 4
      vertex 166.666 -12.7577 4
    endloop
  endfacet
  facet normal -0 -0 1
    outer loop
      vertex 166.243 -12.2625 1.91
      vertex 166.666 -12.7577 1.91
      vertex 165.902 -11.7072 1.91
    endloop
  endfacet
  facet normal 0.923983 0.382433 -7.02535e-05
    outer loop
      vertex 165.901 -11.7044 4
      vertex 165.902 -11.7072 1.91
      vertex 165.653 -11.1056 1.91
    endloop
  endfacet
  facet normal 0.941742 0.336336 -0
    outer loop
      vertex 165.902 -11.7072 1.91
      vertex 165.901 -11.7044 4
      vertex 165.902 -11.7072 4
    endloop
  endfacet
  facet normal 0.0784936 0.996915 -0
    outer loop
      vertex 169.6 -13.9732 1.91
      vertex 168.951 -13.9221 4
      vertex 169.6 -13.9732 4
    endloop
  endfacet
  facet normal 0.0784936 0.996915 0
    outer loop
      vertex 168.951 -13.9221 4
      vertex 169.6 -13.9732 1.91
      vertex 168.951 -13.9221 1.91
    endloop
  endfacet
  facet normal 0.762896 -0.646522 0
    outer loop
      vertex 166.243 -7.38388 1.91
      vertex 166.245 -7.38152 4
      vertex 166.243 -7.38388 4
    endloop
  endfacet
  facet normal 0.760355 -0.649508 5.80397e-06
    outer loop
      vertex 166.245 -7.38152 4
      vertex 166.243 -7.38388 1.91
      vertex 166.666 -6.88869 1.91
    endloop
  endfacet
  facet normal 0.972377 -0.233416 0
    outer loop
      vertex 165.501 -9.17398 4
      vertex 165.653 -8.54077 1.91
      vertex 165.653 -8.54077 4
    endloop
  endfacet
  facet normal 0.972377 -0.233416 0
    outer loop
      vertex 165.653 -8.54077 1.91
      vertex 165.501 -9.17398 4
      vertex 165.501 -9.17398 1.91
    endloop
  endfacet
  facet normal -0.760323 0.649545 0
    outer loop
      vertex 172.957 -12.2625 4
      vertex 172.957 -12.2625 1.91
      vertex 172.536 -12.7553 4
    endloop
  endfacet
  facet normal -0.852153 0.523292 0
    outer loop
      vertex 172.957 -12.2625 1.91
      vertex 173.298 -11.7072 4
      vertex 173.298 -11.7072 1.91
    endloop
  endfacet
  facet normal -0.852153 0.523292 0
    outer loop
      vertex 173.298 -11.7072 4
      vertex 172.957 -12.2625 1.91
      vertex 172.957 -12.2625 4
    endloop
  endfacet
  facet normal 0.923896 0.382642 0
    outer loop
      vertex 165.653 -11.1056 4
      vertex 165.901 -11.7044 4
      vertex 165.653 -11.1056 1.91
    endloop
  endfacet
  facet normal -0.649652 0.760231 0
    outer loop
      vertex 172.534 -127.711 1.91
      vertex 172.039 -128.134 4
      vertex 172.534 -127.711 4
    endloop
  endfacet
  facet normal -0.649652 0.760231 0
    outer loop
      vertex 172.039 -128.134 4
      vertex 172.534 -127.711 1.91
      vertex 172.039 -128.134 1.91
    endloop
  endfacet
  facet normal 0.0783409 0.996927 -0
    outer loop
      vertex 169.6 -128.926 1.91
      vertex 168.951 -128.875 4
      vertex 169.6 -128.926 4
    endloop
  endfacet
  facet normal 0.0783409 0.996927 0
    outer loop
      vertex 168.951 -128.875 4
      vertex 169.6 -128.926 1.91
      vertex 168.951 -128.875 1.91
    endloop
  endfacet
  facet normal -0.996927 0.0783409 0
    outer loop
      vertex 173.699 -125.425 1.91
      vertex 173.75 -124.776 4
      vertex 173.75 -124.776 1.91
    endloop
  endfacet
  facet normal -0.996927 0.0783409 0
    outer loop
      vertex 173.75 -124.776 4
      vertex 173.699 -125.425 1.91
      vertex 173.699 -125.425 4
    endloop
  endfacet
  facet normal -0.649652 -0.760231 0.000105817
    outer loop
      vertex 172.534 -121.842 1.91
      vertex 172.532 -121.84 4
      vertex 172.039 -121.419 1.91
    endloop
  endfacet
  facet normal -0.707107 -0.707107 0
    outer loop
      vertex 172.532 -121.84 4
      vertex 172.534 -121.842 1.91
      vertex 172.534 -121.842 4
    endloop
  endfacet
  facet normal 0 -0 1
    outer loop
      vertex 166.666 -127.711 1.91
      vertex 166.666 -121.842 1.91
      vertex 165.501 -124.127 1.91
    endloop
  endfacet
  facet normal 0.972443 0.233141 0
    outer loop
      vertex 165.653 -126.059 4
      vertex 165.501 -125.425 1.91
      vertex 165.501 -125.425 4
    endloop
  endfacet
  facet normal 0.972443 0.233141 0
    outer loop
      vertex 165.501 -125.425 1.91
      vertex 165.653 -126.059 4
      vertex 165.653 -126.059 1.91
    endloop
  endfacet
  facet normal -0.233489 0.972359 0
    outer loop
      vertex 170.882 -128.723 1.91
      vertex 170.249 -128.875 4
      vertex 170.882 -128.723 4
    endloop
  endfacet
  facet normal -0.233489 0.972359 0
    outer loop
      vertex 170.249 -128.875 4
      vertex 170.882 -128.723 1.91
      vertex 170.249 -128.875 1.91
    endloop
  endfacet
  facet normal 0 0 1
    outer loop
      vertex 170.249 -128.875 1.91
      vertex 169.6 -120.626 1.91
      vertex 168.951 -128.875 1.91
    endloop
  endfacet
  facet normal 0 -0 1
    outer loop
      vertex 170.249 -128.875 1.91
      vertex 172.534 -121.842 1.91
      vertex 169.6 -120.626 1.91
    endloop
  endfacet
  facet normal 0.972457 -0.233081 0
    outer loop
      vertex 165.652 -123.497 4
      vertex 165.501 -124.127 4
      vertex 165.501 -124.127 1.91
    endloop
  endfacet
  facet normal -0.972457 -0.233081 0
    outer loop
      vertex 173.699 -124.127 1.91
      vertex 173.699 -124.127 4
      vertex 173.548 -123.497 4
    endloop
  endfacet
  facet normal -0.760878 0.648894 -0.000203314
    outer loop
      vertex 172.534 -127.711 1.91
      vertex 172.536 -127.708 4
      vertex 172.957 -127.215 1.91
    endloop
  endfacet
  facet normal -0.83205 0.5547 0
    outer loop
      vertex 172.536 -127.708 4
      vertex 172.534 -127.711 1.91
      vertex 172.534 -127.711 4
    endloop
  endfacet
  facet normal 0 -0 1
    outer loop
      vertex 172.039 -128.134 1.91
      vertex 172.534 -121.842 1.91
      vertex 170.249 -128.875 1.91
    endloop
  endfacet
  facet normal 0 0 1
    outer loop
      vertex 173.547 -123.494 1.91
      vertex 172.957 -122.337 1.91
      vertex 172.534 -121.842 1.91
    endloop
  endfacet
  facet normal 0 -0 1
    outer loop
      vertex 168.951 -128.875 1.91
      vertex 169.6 -120.626 1.91
      vertex 166.666 -121.842 1.91
    endloop
  endfacet
  facet normal 0.761215 0.6485 0
    outer loop
      vertex 166.243 -127.215 4
      vertex 166.663 -127.708 4
      vertex 166.243 -127.215 1.91
    endloop
  endfacet
  facet normal 0 0 1
    outer loop
      vertex 172.534 -121.842 1.91
      vertex 172.039 -121.419 1.91
      vertex 170.882 -120.829 1.91
    endloop
  endfacet
  facet normal -0 -0 1
    outer loop
      vertex 165.902 -126.66 1.91
      vertex 166.666 -127.711 1.91
      vertex 165.501 -124.127 1.91
    endloop
  endfacet
  facet normal 0.233081 -0.972457 0
    outer loop
      vertex 168.948 -120.678 4
      vertex 168.318 -120.829 4
      vertex 168.318 -120.829 1.91
    endloop
  endfacet
  facet normal 0 -0 1
    outer loop
      vertex 173.547 -126.059 1.91
      vertex 173.699 -125.425 1.91
      vertex 173.298 -126.66 1.91
    endloop
  endfacet
  facet normal 0 -0 1
    outer loop
      vertex 172.534 -127.711 1.91
      vertex 172.534 -121.842 1.91
      vertex 172.039 -128.134 1.91
    endloop
  endfacet
  facet normal -0.948683 -0.316228 0
    outer loop
      vertex 173.547 -123.494 1.91
      vertex 173.548 -123.497 4
      vertex 173.547 -123.494 4
    endloop
  endfacet
  facet normal -0.972359 -0.233489 0.000130092
    outer loop
      vertex 173.548 -123.497 4
      vertex 173.547 -123.494 1.91
      vertex 173.699 -124.127 1.91
    endloop
  endfacet
  facet normal -0.996898 -0.0787025 0
    outer loop
      vertex 173.75 -124.773 4
      vertex 173.699 -124.127 4
      vertex 173.699 -124.127 1.91
    endloop
  endfacet
  facet normal 0 0 1
    outer loop
      vertex 169.6 -120.626 1.91
      vertex 168.318 -120.829 1.91
      vertex 166.666 -121.842 1.91
    endloop
  endfacet
  facet normal 0.948683 -0.316228 0
    outer loop
      vertex 165.652 -123.497 4
      vertex 165.653 -123.494 1.91
      vertex 165.653 -123.494 4
    endloop
  endfacet
  facet normal 0.972359 -0.233489 0.000130092
    outer loop
      vertex 165.653 -123.494 1.91
      vertex 165.652 -123.497 4
      vertex 165.501 -124.127 1.91
    endloop
  endfacet
  facet normal 0.707107 -0.707107 0
    outer loop
      vertex 166.666 -121.842 1.91
      vertex 166.668 -121.84 4
      vertex 166.666 -121.842 4
    endloop
  endfacet
  facet normal 0.649652 -0.760231 0.000105817
    outer loop
      vertex 166.668 -121.84 4
      vertex 166.666 -121.842 1.91
      vertex 167.161 -121.419 1.91
    endloop
  endfacet
  facet normal 0 0 1
    outer loop
      vertex 172.534 -121.842 1.91
      vertex 170.882 -120.829 1.91
      vertex 169.6 -120.626 1.91
    endloop
  endfacet
  facet normal 0 0 1
    outer loop
      vertex 172.039 -121.419 1.91
      vertex 171.484 -121.078 1.91
      vertex 170.882 -120.829 1.91
    endloop
  endfacet
  facet normal 0.707107 0.707107 -0
    outer loop
      vertex 166.243 -127.215 1.91
      vertex 166.241 -127.213 4
      vertex 166.243 -127.215 4
    endloop
  endfacet
  facet normal 0.852027 0.523498 0.000314382
    outer loop
      vertex 166.241 -127.213 4
      vertex 166.243 -127.215 1.91
      vertex 165.902 -126.66 1.91
    endloop
  endfacet
  facet normal -0 -0 1
    outer loop
      vertex 166.243 -127.215 1.91
      vertex 166.666 -127.711 1.91
      vertex 165.902 -126.66 1.91
    endloop
  endfacet
  facet normal 0.707107 0.707107 -0
    outer loop
      vertex 166.666 -127.711 1.91
      vertex 166.663 -127.708 4
      vertex 166.666 -127.711 4
    endloop
  endfacet
  facet normal 0.760878 0.648894 0.000160743
    outer loop
      vertex 166.663 -127.708 4
      vertex 166.666 -127.711 1.91
      vertex 166.243 -127.215 1.91
    endloop
  endfacet
  facet normal -0 0 1
    outer loop
      vertex 166.666 -127.711 1.91
      vertex 167.161 -128.134 1.91
      vertex 166.666 -121.842 1.91
    endloop
  endfacet
  facet normal -0 -0 1
    outer loop
      vertex 165.501 -125.425 1.91
      vertex 165.902 -126.66 1.91
      vertex 165.45 -124.776 1.91
    endloop
  endfacet
  facet normal 0.894427 0.447214 0
    outer loop
      vertex 165.654 -126.061 4
      vertex 165.653 -126.059 1.91
      vertex 165.653 -126.059 4
    endloop
  endfacet
  facet normal 0.923848 0.382759 -7.5756e-05
    outer loop
      vertex 165.653 -126.059 1.91
      vertex 165.654 -126.061 4
      vertex 165.902 -126.66 1.91
    endloop
  endfacet
  facet normal -0.760453 0.649393 0
    outer loop
      vertex 172.957 -127.215 4
      vertex 172.957 -127.215 1.91
      vertex 172.536 -127.708 4
    endloop
  endfacet
  facet normal -0.923942 0.382533 0
    outer loop
      vertex 173.298 -126.66 4
      vertex 173.546 -126.061 4
      vertex 173.298 -126.66 1.91
    endloop
  endfacet
  facet normal -0.852027 0.523498 0.000314382
    outer loop
      vertex 172.957 -127.215 1.91
      vertex 172.959 -127.213 4
      vertex 173.298 -126.66 1.91
    endloop
  endfacet
  facet normal -0.707107 0.707107 0
    outer loop
      vertex 172.959 -127.213 4
      vertex 172.957 -127.215 1.91
      vertex 172.957 -127.215 4
    endloop
  endfacet
  facet normal -0.894427 0.447214 0
    outer loop
      vertex 173.547 -126.059 1.91
      vertex 173.546 -126.061 4
      vertex 173.547 -126.059 4
    endloop
  endfacet
  facet normal -0.923848 0.382759 -7.5756e-05
    outer loop
      vertex 173.546 -126.061 4
      vertex 173.547 -126.059 1.91
      vertex 173.298 -126.66 1.91
    endloop
  endfacet
  facet normal -0.0783409 0.996927 0
    outer loop
      vertex 170.249 -128.875 4
      vertex 169.6 -128.926 1.91
      vertex 169.6 -128.926 4
    endloop
  endfacet
  facet normal -0.0783409 0.996927 0
    outer loop
      vertex 169.6 -128.926 1.91
      vertex 170.249 -128.875 4
      vertex 170.249 -128.875 1.91
    endloop
  endfacet
  facet normal 0 -0 1
    outer loop
      vertex 169.6 -128.926 1.91
      vertex 170.249 -128.875 1.91
      vertex 168.951 -128.875 1.91
    endloop
  endfacet
  facet normal -0.996927 -0.0783409 0.000112451
    outer loop
      vertex 173.75 -124.776 1.91
      vertex 173.75 -124.773 4
      vertex 173.699 -124.127 1.91
    endloop
  endfacet
  facet normal -1 -0 0
    outer loop
      vertex 173.75 -124.773 4
      vertex 173.75 -124.776 1.91
      vertex 173.75 -124.776 4
    endloop
  endfacet
  facet normal 0 0 1
    outer loop
      vertex 173.699 -124.127 1.91
      vertex 173.547 -123.494 1.91
      vertex 172.534 -121.842 1.91
    endloop
  endfacet
  facet normal 0.923942 -0.382533 0
    outer loop
      vertex 165.902 -122.892 1.91
      vertex 165.902 -122.892 4
      vertex 165.654 -123.491 4
    endloop
  endfacet
  facet normal 0.649393 -0.760453 0
    outer loop
      vertex 167.161 -121.419 1.91
      vertex 167.161 -121.419 4
      vertex 166.668 -121.84 4
    endloop
  endfacet
  facet normal -0.0783409 -0.996927 0
    outer loop
      vertex 169.6 -120.626 4
      vertex 170.249 -120.677 1.91
      vertex 170.249 -120.677 4
    endloop
  endfacet
  facet normal -0.0783409 -0.996927 0
    outer loop
      vertex 170.249 -120.677 1.91
      vertex 169.6 -120.626 4
      vertex 169.6 -120.626 1.91
    endloop
  endfacet
  facet normal 0.5547 -0.83205 0
    outer loop
      vertex 166.663 -121.844 4
      vertex 166.666 -121.842 1.91
      vertex 166.666 -121.842 4
    endloop
  endfacet
  facet normal 0.760231 -0.649652 0.000469564
    outer loop
      vertex 166.666 -121.842 1.91
      vertex 166.663 -121.844 4
      vertex 166.243 -122.337 1.91
    endloop
  endfacet
  facet normal 0.948683 -0.316228 0
    outer loop
      vertex 165.653 -123.494 1.91
      vertex 165.654 -123.491 4
      vertex 165.653 -123.494 4
    endloop
  endfacet
  facet normal 0.924073 -0.382216 0.000106496
    outer loop
      vertex 165.654 -123.491 4
      vertex 165.653 -123.494 1.91
      vertex 165.902 -122.892 1.91
    endloop
  endfacet
  facet normal 0 0 1
    outer loop
      vertex 169.6 -120.626 1.91
      vertex 168.951 -120.677 1.91
      vertex 168.318 -120.829 1.91
    endloop
  endfacet
  facet normal 0.316228 -0.948683 0
    outer loop
      vertex 168.948 -120.678 4
      vertex 168.951 -120.677 1.91
      vertex 168.951 -120.677 4
    endloop
  endfacet
  facet normal 0.233489 -0.972359 -0.000130092
    outer loop
      vertex 168.951 -120.677 1.91
      vertex 168.948 -120.678 4
      vertex 168.318 -120.829 1.91
    endloop
  endfacet
  facet normal -0.649393 -0.760453 0
    outer loop
      vertex 172.532 -121.84 4
      vertex 172.039 -121.419 4
      vertex 172.039 -121.419 1.91
    endloop
  endfacet
  facet normal 0 0 1
    outer loop
      vertex 170.882 -120.829 1.91
      vertex 170.249 -120.677 1.91
      vertex 169.6 -120.626 1.91
    endloop
  endfacet
  facet normal -0.316228 -0.948683 0
    outer loop
      vertex 170.249 -120.677 1.91
      vertex 170.252 -120.678 4
      vertex 170.249 -120.677 4
    endloop
  endfacet
  facet normal -0.233489 -0.972359 -0.000130092
    outer loop
      vertex 170.252 -120.678 4
      vertex 170.249 -120.677 1.91
      vertex 170.882 -120.829 1.91
    endloop
  endfacet
  facet normal -0 -0 1
    outer loop
      vertex 167.161 -128.134 1.91
      vertex 168.951 -128.875 1.91
      vertex 166.666 -121.842 1.91
    endloop
  endfacet
  facet normal 0 0 1
    outer loop
      vertex 165.902 -126.66 1.91
      vertex 165.501 -124.127 1.91
      vertex 165.45 -124.776 1.91
    endloop
  endfacet
  facet normal 0 -0 1
    outer loop
      vertex 170.882 -128.723 1.91
      vertex 171.484 -128.474 1.91
      vertex 170.249 -128.875 1.91
    endloop
  endfacet
  facet normal 0 -0 1
    outer loop
      vertex 173.298 -126.66 1.91
      vertex 173.699 -124.127 1.91
      vertex 172.534 -127.711 1.91
    endloop
  endfacet
  facet normal -0.972443 0.233141 0
    outer loop
      vertex 173.547 -126.059 1.91
      vertex 173.699 -125.425 4
      vertex 173.699 -125.425 1.91
    endloop
  endfacet
  facet normal -0.972443 0.233141 0
    outer loop
      vertex 173.699 -125.425 4
      vertex 173.547 -126.059 1.91
      vertex 173.547 -126.059 4
    endloop
  endfacet
  facet normal -0.852557 0.522634 0
    outer loop
      vertex 173.298 -126.66 4
      vertex 173.298 -126.66 1.91
      vertex 172.959 -127.213 4
    endloop
  endfacet
  facet normal 0 0 1
    outer loop
      vertex 172.534 -127.711 1.91
      vertex 173.699 -124.127 1.91
      vertex 172.534 -121.842 1.91
    endloop
  endfacet
  facet normal 0 -0 1
    outer loop
      vertex 172.957 -127.215 1.91
      vertex 173.298 -126.66 1.91
      vertex 172.534 -127.711 1.91
    endloop
  endfacet
  facet normal 0 -0 1
    outer loop
      vertex 171.484 -128.474 1.91
      vertex 172.039 -128.134 1.91
      vertex 170.249 -128.875 1.91
    endloop
  endfacet
  facet normal -0.522382 0.852712 0
    outer loop
      vertex 172.039 -128.134 4
      vertex 171.484 -128.474 1.91
      vertex 171.484 -128.474 4
    endloop
  endfacet
  facet normal -0.522382 0.852712 0
    outer loop
      vertex 171.484 -128.474 1.91
      vertex 172.039 -128.134 4
      vertex 172.039 -128.134 1.91
    endloop
  endfacet
  facet normal -0.923942 -0.382533 0
    outer loop
      vertex 173.546 -123.491 4
      vertex 173.298 -122.892 4
      vertex 173.298 -122.892 1.91
    endloop
  endfacet
  facet normal -0.852027 -0.523498 0
    outer loop
      vertex 173.298 -122.892 1.91
      vertex 172.957 -122.337 4
      vertex 172.957 -122.337 1.91
    endloop
  endfacet
  facet normal -0.852027 -0.523498 0
    outer loop
      vertex 172.957 -122.337 4
      vertex 173.298 -122.892 1.91
      vertex 173.298 -122.892 4
    endloop
  endfacet
  facet normal 0 0 1
    outer loop
      vertex 173.547 -123.494 1.91
      vertex 173.298 -122.892 1.91
      vertex 172.957 -122.337 1.91
    endloop
  endfacet
  facet normal -0.924073 -0.382216 0.000106496
    outer loop
      vertex 173.547 -123.494 1.91
      vertex 173.546 -123.491 4
      vertex 173.298 -122.892 1.91
    endloop
  endfacet
  facet normal -0.948683 -0.316228 0
    outer loop
      vertex 173.546 -123.491 4
      vertex 173.547 -123.494 1.91
      vertex 173.547 -123.494 4
    endloop
  endfacet
  facet normal -0.707107 -0.707107 0
    outer loop
      vertex 172.534 -121.842 1.91
      vertex 172.536 -121.844 4
      vertex 172.534 -121.842 4
    endloop
  endfacet
  facet normal -0.760231 -0.649652 0.000105817
    outer loop
      vertex 172.536 -121.844 4
      vertex 172.534 -121.842 1.91
      vertex 172.957 -122.337 1.91
    endloop
  endfacet
  facet normal -0.760453 -0.649393 0
    outer loop
      vertex 172.957 -122.337 1.91
      vertex 172.957 -122.337 4
      vertex 172.536 -121.844 4
    endloop
  endfacet
  facet normal 0.649652 0.760231 0
    outer loop
      vertex 167.161 -128.134 4
      vertex 166.666 -127.711 1.91
      vertex 166.666 -127.711 4
    endloop
  endfacet
  facet normal 0.649652 0.760231 0
    outer loop
      vertex 166.666 -127.711 1.91
      vertex 167.161 -128.134 4
      vertex 167.161 -128.134 1.91
    endloop
  endfacet
  facet normal 0.5547 -0.83205 0
    outer loop
      vertex 167.713 -121.08 4
      vertex 167.716 -121.078 1.91
      vertex 167.716 -121.078 4
    endloop
  endfacet
  facet normal 0.523498 -0.852027 -6.39048e-05
    outer loop
      vertex 167.716 -121.078 1.91
      vertex 167.713 -121.08 4
      vertex 167.161 -121.419 1.91
    endloop
  endfacet
  facet normal 0 0 1
    outer loop
      vertex 168.318 -120.829 1.91
      vertex 167.161 -121.419 1.91
      vertex 166.666 -121.842 1.91
    endloop
  endfacet
  facet normal 0 0 1
    outer loop
      vertex 166.666 -121.842 1.91
      vertex 166.243 -122.337 1.91
      vertex 165.653 -123.494 1.91
    endloop
  endfacet
  facet normal 0 0 1
    outer loop
      vertex 166.243 -122.337 1.91
      vertex 165.902 -122.892 1.91
      vertex 165.653 -123.494 1.91
    endloop
  endfacet
  facet normal 0 0 1
    outer loop
      vertex 166.666 -121.842 1.91
      vertex 165.653 -123.494 1.91
      vertex 165.501 -124.127 1.91
    endloop
  endfacet
  facet normal -0.523322 -0.852135 0
    outer loop
      vertex 172.039 -121.419 1.91
      vertex 172.039 -121.419 4
      vertex 171.487 -121.08 4
    endloop
  endfacet
  facet normal -0.382533 -0.923942 0
    outer loop
      vertex 171.481 -121.077 4
      vertex 170.882 -120.829 4
      vertex 170.882 -120.829 1.91
    endloop
  endfacet
  facet normal -0.233081 -0.972457 0
    outer loop
      vertex 170.882 -120.829 1.91
      vertex 170.882 -120.829 4
      vertex 170.252 -120.678 4
    endloop
  endfacet
  facet normal -0.316228 -0.948683 0
    outer loop
      vertex 171.481 -121.077 4
      vertex 171.484 -121.078 1.91
      vertex 171.484 -121.078 4
    endloop
  endfacet
  facet normal -0.382216 -0.924073 -0.000106496
    outer loop
      vertex 171.484 -121.078 1.91
      vertex 171.481 -121.077 4
      vertex 170.882 -120.829 1.91
    endloop
  endfacet
  facet normal -0.5547 -0.83205 0
    outer loop
      vertex 171.484 -121.078 1.91
      vertex 171.487 -121.08 4
      vertex 171.484 -121.078 4
    endloop
  endfacet
  facet normal -0.523498 -0.852027 -6.39048e-05
    outer loop
      vertex 171.487 -121.08 4
      vertex 171.484 -121.078 1.91
      vertex 172.039 -121.419 1.91
    endloop
  endfacet
  facet normal 0.382216 0.924073 -0
    outer loop
      vertex 168.318 -128.723 1.91
      vertex 167.716 -128.474 4
      vertex 168.318 -128.723 4
    endloop
  endfacet
  facet normal 0.382216 0.924073 0
    outer loop
      vertex 167.716 -128.474 4
      vertex 168.318 -128.723 1.91
      vertex 167.716 -128.474 1.91
    endloop
  endfacet
  facet normal 1 0 0
    outer loop
      vertex 165.45 -124.776 1.91
      vertex 165.45 -124.773 4
      vertex 165.45 -124.776 4
    endloop
  endfacet
  facet normal 0.996927 -0.0783409 0.000112451
    outer loop
      vertex 165.45 -124.773 4
      vertex 165.45 -124.776 1.91
      vertex 165.501 -124.127 1.91
    endloop
  endfacet
  facet normal 0.996927 0.0783409 0
    outer loop
      vertex 165.501 -125.425 4
      vertex 165.45 -124.776 1.91
      vertex 165.45 -124.776 4
    endloop
  endfacet
  facet normal 0.996927 0.0783409 0
    outer loop
      vertex 165.45 -124.776 1.91
      vertex 165.501 -125.425 4
      vertex 165.501 -125.425 1.91
    endloop
  endfacet
  facet normal -0 -0 1
    outer loop
      vertex 165.653 -126.059 1.91
      vertex 165.902 -126.66 1.91
      vertex 165.501 -125.425 1.91
    endloop
  endfacet
  facet normal 0.852557 0.522634 0
    outer loop
      vertex 165.902 -126.66 4
      vertex 166.241 -127.213 4
      vertex 165.902 -126.66 1.91
    endloop
  endfacet
  facet normal -0 -0 1
    outer loop
      vertex 168.318 -128.723 1.91
      vertex 168.951 -128.875 1.91
      vertex 167.716 -128.474 1.91
    endloop
  endfacet
  facet normal 0 0 1
    outer loop
      vertex 173.75 -124.776 1.91
      vertex 173.699 -124.127 1.91
      vertex 173.298 -126.66 1.91
    endloop
  endfacet
  facet normal 0 -0 1
    outer loop
      vertex 173.699 -125.425 1.91
      vertex 173.75 -124.776 1.91
      vertex 173.298 -126.66 1.91
    endloop
  endfacet
  facet normal -0.382216 0.924073 0
    outer loop
      vertex 171.484 -128.474 1.91
      vertex 170.882 -128.723 4
      vertex 171.484 -128.474 4
    endloop
  endfacet
  facet normal -0.382216 0.924073 0
    outer loop
      vertex 170.882 -128.723 4
      vertex 171.484 -128.474 1.91
      vertex 170.882 -128.723 1.91
    endloop
  endfacet
  facet normal 0.0783409 -0.996927 0
    outer loop
      vertex 168.951 -120.677 1.91
      vertex 169.6 -120.626 4
      vertex 168.951 -120.677 4
    endloop
  endfacet
  facet normal 0.0783409 -0.996927 0
    outer loop
      vertex 169.6 -120.626 4
      vertex 168.951 -120.677 1.91
      vertex 169.6 -120.626 1.91
    endloop
  endfacet
  facet normal 0.523322 -0.852135 0
    outer loop
      vertex 167.713 -121.08 4
      vertex 167.161 -121.419 4
      vertex 167.161 -121.419 1.91
    endloop
  endfacet
  facet normal 0.761215 -0.6485 0
    outer loop
      vertex 166.663 -121.844 4
      vertex 166.243 -122.337 4
      vertex 166.243 -122.337 1.91
    endloop
  endfacet
  facet normal 0.996898 -0.0787025 0
    outer loop
      vertex 165.501 -124.127 1.91
      vertex 165.501 -124.127 4
      vertex 165.45 -124.773 4
    endloop
  endfacet
  facet normal 0.233489 0.972359 0
    outer loop
      vertex 168.951 -128.875 4
      vertex 168.318 -128.723 1.91
      vertex 168.318 -128.723 4
    endloop
  endfacet
  facet normal 0.233489 0.972359 0
    outer loop
      vertex 168.318 -128.723 1.91
      vertex 168.951 -128.875 4
      vertex 168.951 -128.875 1.91
    endloop
  endfacet
  facet normal 0.522382 0.852712 -0
    outer loop
      vertex 167.716 -128.474 1.91
      vertex 167.161 -128.134 4
      vertex 167.716 -128.474 4
    endloop
  endfacet
  facet normal 0.522382 0.852712 0
    outer loop
      vertex 167.161 -128.134 4
      vertex 167.716 -128.474 1.91
      vertex 167.161 -128.134 1.91
    endloop
  endfacet
  facet normal -0 -0 1
    outer loop
      vertex 167.716 -128.474 1.91
      vertex 168.951 -128.875 1.91
      vertex 167.161 -128.134 1.91
    endloop
  endfacet
  facet normal 0.923942 0.382533 0
    outer loop
      vertex 165.902 -126.66 4
      vertex 165.902 -126.66 1.91
      vertex 165.654 -126.061 4
    endloop
  endfacet
  facet normal 0.382533 -0.923942 0
    outer loop
      vertex 168.318 -120.829 1.91
      vertex 168.318 -120.829 4
      vertex 167.719 -121.077 4
    endloop
  endfacet
  facet normal 0.316228 -0.948683 0
    outer loop
      vertex 167.716 -121.078 1.91
      vertex 167.719 -121.077 4
      vertex 167.716 -121.078 4
    endloop
  endfacet
  facet normal 0.382216 -0.924073 -0.000106496
    outer loop
      vertex 167.719 -121.077 4
      vertex 167.716 -121.078 1.91
      vertex 168.318 -120.829 1.91
    endloop
  endfacet
  facet normal 0 0 1
    outer loop
      vertex 168.318 -120.829 1.91
      vertex 167.716 -121.078 1.91
      vertex 167.161 -121.419 1.91
    endloop
  endfacet
  facet normal 0.852027 -0.523498 0
    outer loop
      vertex 165.902 -122.892 4
      vertex 166.243 -122.337 1.91
      vertex 166.243 -122.337 4
    endloop
  endfacet
  facet normal 0.852027 -0.523498 0
    outer loop
      vertex 166.243 -122.337 1.91
      vertex 165.902 -122.892 4
      vertex 165.902 -122.892 1.91
    endloop
  endfacet
  facet normal 0 -0.844821 -0.53505
    outer loop
      vertex 30.8382 -36.4382 0.00770604
      vertex 144.442 -39.1582 4.30247
      vertex 33.5582 -39.1582 4.30247
    endloop
  endfacet
  facet normal 0 -0.844821 -0.53505
    outer loop
      vertex 144.442 -39.1582 4.30247
      vertex 30.8382 -36.4382 0.00770604
      vertex 147.162 -36.4382 0.00770604
    endloop
  endfacet
  facet normal -0.844821 4.7691e-10 -0.53505
    outer loop
      vertex 147.162 -47.6573 0.00770603
      vertex 144.442 -39.1582 4.30247
      vertex 147.162 -36.4382 0.00770604
    endloop
  endfacet
  facet normal -0.844821 -0 -0.53505
    outer loop
      vertex 144.442 -39.1582 4.30247
      vertex 147.162 -47.6573 0.00770603
      vertex 144.442 -98.1924 4.30247
    endloop
  endfacet
  facet normal 0.844821 4.7691e-10 -0.53505
    outer loop
      vertex 33.5582 -39.1582 4.30247
      vertex 30.8382 -47.6573 0.00770603
      vertex 30.8382 -36.4382 0.00770604
    endloop
  endfacet
  facet normal 0.844821 0 -0.53505
    outer loop
      vertex 30.8382 -47.6573 0.00770603
      vertex 33.5582 -39.1582 4.30247
      vertex 33.5582 -98.1924 4.30247
    endloop
  endfacet
  facet normal 0.844821 0 -0.53505
    outer loop
      vertex 30.8382 -109.562 0.00770597
      vertex 33.5582 -98.1924 4.30247
      vertex 33.5582 -106.842 4.30247
    endloop
  endfacet
  facet normal 0.844821 5.18587e-10 -0.53505
    outer loop
      vertex 33.5582 -98.1924 4.30247
      vertex 30.8382 -109.562 0.00770597
      vertex 30.8382 -47.6573 0.00770603
    endloop
  endfacet
  facet normal -0.844821 5.18587e-10 -0.53505
    outer loop
      vertex 147.162 -109.562 0.00770597
      vertex 144.442 -98.1924 4.30247
      vertex 147.162 -47.6573 0.00770603
    endloop
  endfacet
  facet normal -0.844821 -0 -0.53505
    outer loop
      vertex 144.442 -98.1924 4.30247
      vertex 147.162 -109.562 0.00770597
      vertex 144.442 -106.842 4.30247
    endloop
  endfacet
  facet normal 0 0.844821 -0.53505
    outer loop
      vertex 147.162 -109.562 0.00770597
      vertex 33.5582 -106.842 4.30247
      vertex 144.442 -106.842 4.30247
    endloop
  endfacet
  facet normal 0 0.844821 -0.53505
    outer loop
      vertex 33.5582 -106.842 4.30247
      vertex 147.162 -109.562 0.00770597
      vertex 30.8382 -109.562 0.00770597
    endloop
  endfacet
endsolid OpenSCAD_Model
